id,원카테고리,JSON카테고리,검색어,기사제목,기사제목_정규화,언론사,정규언론사,게시일,본문요약,링크,수집채널,랭킹점수,중요도점수,사건태그,사건단계,주요주체,랭킹감점사유,정책규제의무,강제검토,강제검토사유,자사홍보성,이슈패밀리,코드힌트,오늘성점수,오늘성사유,기사유형,v26이벤트키,v26진행단계,v27_industry_ok,v27_industry_reason,v27_industry_score,v32_competitor_basis,v32_competitor_portfolio,v32_actor_group,랭킹원점수,편집신호,스토리버킷,전역사건키,전역사건기본키,Gemini카테고리,Gemini내부카테고리,Gemini이슈패밀리,Gemini이슈그룹,Gemini관련성,Gemini중요도,Gemini대외협력중요도,Gemini관련도,GeminiPR성,Gemini제외,Gemini판단사유,Gemini라벨소스,Gemini자사티어,Gemini정부티어,Gemini경쟁사티어,Gemini경쟁사범위,Gemini정책영향경로,Gemini경쟁시사점,Gemini중복그룹,Gemini이슈유형,v26_2_profile_reason,v26가드레일사유,v27_event_key
2085,경쟁사/해외이슈,경쟁사_해외이슈,네이버,"엔비디아, 네이버와 AI 인프라 확장... 차세대 AI 인프라 확장 개시",엔비디아 네이버와 ai 인프라 확장 차세대 ai 인프라 확장 개시,인벤,인벤,"Mon, 13 Jul 2026 22:33:36 GMT","엔비디아, 네이버와 AI 인프라 확장... 차세대 AI 인프라 확장 개시 인벤",https://news.google.com/rss/articles/CBMibkFVX3lxTFBOekFaT3lJNWwyQ1Y4blZjNW9Xd3IwZkdFSElobFBsLXphUktVdDFJZVBMNVAtMzk2R2pYY1ZuMmZWbTNmTGh4Yi1UaVc2RU9uc2RjVEpPMmRpTEkybm54ampXR092a0xic09aQlpB?oc=5,google_rss_네이버 규제 when:2d,349.5,13.5,ai_infrastructure_security,ai_infrastructure_security,네이버,,,,,,,general,24.0,published_today,business_change,event:네이버:ai_infrastructure_security,action_started,Y,"industry_basis_pass:actor=True,change=True,bridge=True",3,naver_telco_strategy_or_infra,Y,naver,349.5,ai_infrastructure_security,competitor:ai_strategy,,,경쟁사_해외이슈,COMPETITOR_AI_STRATEGY,comp_domestic_ai_platform,국가 AI 인프라/AIDC/GPU 정책,카카오가 경쟁사 전략·리스크·AI/플랫폼 대응을 비교 참고할 이슈,4,4,5,,,로컬 보조 라벨 / v26.2: overseas structural industry candidate,local_low_confidence,,,COMP_DOMESTIC_AI_PLATFORM,mixed,,카카오가 경쟁사 전략·리스크·AI/플랫폼 대응을 비교 참고할 이슈,국가 AI 인프라/AIDC/GPU 정책,comp_domestic_ai_platform,,,
2498,경쟁사/해외이슈,경쟁사_해외이슈,쿠팡,"개보위, 개인정보 유출 KT 과징금 내주 결론",개보위 개인정보 유출 kt 과징금 내주 결론,헤럴드경제,헤럴드경제,"Tue, 14 Jul 2026 02:36:15 GMT","개보위, 개인정보 유출 KT 과징금 내주 결론 헤럴드경제",https://news.google.com/rss/articles/CBMiVkFVX3lxTFBxZnZHdUVkVEdPdk54cWNqbmFIbWMzcVFDUnlpMkdjYkJCWUpUdW5mU3FiRFpwcXVucWxBQndURkpQVFJ0a01sXzRPR3ExOWJzQ0NFWUFn?oc=5,google_rss_쿠팡 site:heraldcorp.com when:2d,334.0,121.0,"antitrust_platform,legal_regulatory_enforcement,phishing_security,privacy_security_reliability",antitrust_general,KT,brand_not_in_title,Y,,,,government:platform_obligation,platform_operator_obligation,24.0,published_today,official_action,privacy_security:kt:data_leak,penalty_or_sanction,Y,"industry_basis_pass:actor=True,change=False,bridge=True",2,coupang_competitor_enforcement_or_risk,Y,coupang,334.0,"legal_regulatory_enforcement,privacy_security_reliability",government:platform_obligation,global_incident:platform_regulation:kt:platform_data_protection_obligation:sanction_penalty,global_incident:platform_regulation:kt:platform_data_protection_obligation,정부_국회,GOV_PLATFORM_REGULATION,government_platform_regulation,global_incident:platform_regulation:kt:platform_data_protection_obligation,카카오 또는 주요 플랫폼 사업자에게 직접 의무·차단·보고·준수 부담이 생김,5,5,5,,,로컬 보조 라벨,local_low_confidence,,GOV_DIRECT_PLATFORM_OBLIGATION,COMP_DOMESTIC_DIRECT_RISK,domestic,카카오 또는 주요 플랫폼 사업자에게 직접 의무·차단·보고·준수 부담이 생김,카카오 또는 주요 플랫폼 사업자에게 직접 의무·차단·보고·준수 부담이 생김,global_incident:platform_regulation:kt:platform_data_protection_obligation,government_platform_regulation,,,
2278,경쟁사/해외이슈,경쟁사_해외이슈,KT,KT-인천센터 ‘SMART-X LAB’ 14기 모집… 올해는 정보보안 스타트업,kt 인천센터 smart x lab 14기 모집 올해는 정보보안 스타트업,플래텀(Platum),플래텀(Platum),"Tue, 14 Jul 2026 02:01:32 GMT",KT-인천센터 ‘SMART-X LAB’ 14기 모집… 올해는 정보보안 스타트업 플래텀(Platum),https://news.google.com/rss/articles/CBMiSEFVX3lxTE12RnNfVUxRRW5XbEFvLXZ1QjRJWXpocDdnUmQtUXN4a2o1QkdGVXlsVUFLeXZDeDVlT0RRY04wVks2RU5JTnA1Ng?oc=5,google_rss_KT when:2d,334.0,25.0,"kim_beomsoo_trial,phishing_security,privacy_security_reliability",security_general,KT,,,,,,,general,24.0,published_today,direct_risk,event:KT:kim_beomsoo_trial+phishing_security,general,Y,"industry_basis_pass:actor=True,change=False,bridge=True",2,naver_telco_strategy_or_infra,Y,telco,334.0,privacy_security_reliability,competitor:security_reliability,,,경쟁사_해외이슈,COMPETITOR_AI_STRATEGY,comp_domestic_strategy,comp_domestic_strategy:kt 인천센터 smart x lab 14기 모집 올해는 정보보안 스타트업,카카오가 경쟁사 전략·리스크·AI/플랫폼 대응을 비교 참고할 이슈,4,4,5,,,로컬 보조 라벨 / v26.2: overseas structural industry candidate,local_low_confidence,,,COMP_DOMESTIC_STRATEGY,domestic,,카카오가 경쟁사 전략·리스크·AI/플랫폼 대응을 비교 참고할 이슈,comp_domestic_strategy:kt 인천센터 smart x lab 14기 모집 올해는 정보보안 스타트업,comp_domestic_strategy,,,
2164,경쟁사/해외이슈,경쟁사_해외이슈,SKT,독파모 SKT 정예팀에 SK AX·테크노매트릭스 합류,독파모 skt 정예팀에 sk ax 테크노매트릭스 합류,보안뉴스,보안뉴스,"Tue, 14 Jul 2026 01:59:00 GMT",독파모 SKT 정예팀에 SK AX·테크노매트릭스 합류 보안뉴스,https://news.google.com/rss/articles/CBMiX0FVX3lxTE5BU3hMTFExalBUMTNiamQyMlVIRnFKcXBsZHVYNUFLMmQ0bmphMEQxaHRvTkVyT3drMzUxcjJfXzAzamxEb25TTlFHRGd6TGswY3RCSE1sSTJsb2xQWldZ?oc=5,google_rss_SKT when:2d,324.0,18.0,"phishing_security,privacy_security_reliability",security_general,SKT,,,,,,,general,24.0,published_today,direct_risk,event:SKT:phishing_security+privacy_security_reliability,general,Y,"industry_basis_pass:actor=True,change=False,bridge=True",2,naver_telco_strategy_or_infra,Y,telco,324.0,privacy_security_reliability,competitor:security_reliability,,,경쟁사_해외이슈,COMPETITOR_AI_STRATEGY,comp_domestic_ai_platform,KT 금융 AX/AI 인프라 전략,카카오가 경쟁사 전략·리스크·AI/플랫폼 대응을 비교 참고할 이슈,4,4,5,,,로컬 보조 라벨 / v26.2: overseas structural industry candidate,local_low_confidence,,,COMP_DOMESTIC_AI_PLATFORM,domestic,,카카오가 경쟁사 전략·리스크·AI/플랫폼 대응을 비교 참고할 이슈,KT 금융 AX/AI 인프라 전략,comp_domestic_ai_platform,,,
2206,경쟁사/해외이슈,경쟁사_해외이슈,SKT,"SKT, 독자 AI 파운데이션 모델 컨소시엄 확대…산업 AX 역량 강화",skt 독자 ai 파운데이션 모델 컨소시엄 확대 산업 ax 역량 강화,이로운넷,이로운넷,"Tue, 14 Jul 2026 00:49:17 GMT","SKT, 독자 AI 파운데이션 모델 컨소시엄 확대…산업 AX 역량 강화 이로운넷",https://news.google.com/rss/articles/CBMiZkFVX3lxTE11N04wX1BVcGJBblVvcUE0S2ZsS2NDOHVsbTU0SU9nT0pKTElISFlhazI3ZFpvcHJLSm1tMDhEM1lmY0lzSjg1Q0FSOF83NVRDWDNjbjVwcWNOMGtaeXdrSlpQbi1KZw?oc=5,google_rss_SKT when:2d,322.0,18.0,"ai_infrastructure_security,strategy_mna_governance",ai_infrastructure_security,SKT,,,,,,,general,24.0,published_today,business_change,event:SKT:ai_infrastructure_security+strategy_mna_governance,general,Y,"industry_basis_pass:actor=True,change=True,bridge=False",2,naver_telco_strategy_or_infra,Y,telco,322.0,"strategy_mna_governance,ai_infrastructure_security",competitor:strategy_mna,,,경쟁사_해외이슈,COMPETITOR_AI_STRATEGY,comp_domestic_ai_platform,KT 금융 AX/AI 인프라 전략,카카오가 경쟁사 전략·리스크·AI/플랫폼 대응을 비교 참고할 이슈,4,4,5,,,로컬 보조 라벨 / v26.2: overseas structural industry candidate,local_low_confidence,,,COMP_DOMESTIC_AI_PLATFORM,domestic,,카카오가 경쟁사 전략·리스크·AI/플랫폼 대응을 비교 참고할 이슈,KT 금융 AX/AI 인프라 전략,comp_domestic_ai_platform,,,
2215,경쟁사/해외이슈,경쟁사_해외이슈,SKT,"SKT, 'AI-RAN 선도망' 구축 및 'A.X K2' 파운데이션 모델 고도화 추진",skt ai ran 선도망 구축 및 a x k2 파운데이션 모델 고도화 추진,데일리팝,데일리팝,"Tue, 14 Jul 2026 06:28:00 GMT","SKT, 'AI-RAN 선도망' 구축 및 'A.X K2' 파운데이션 모델 고도화 추진 데일리팝",https://news.google.com/rss/articles/CBMiaEFVX3lxTFAxV2VUOXNRR3ZkbEQxYkRCaTNZZk1GOXFUTVhSLWpDdUtNSURpcDB1N2FQaEdsVGF5U1hodjBrNU9hb1JvbE9RTmNhQlJCTzNVT1BITXNsTDY0cV9SUlFCWXVLU1I1NzRt?oc=5,google_rss_SKT when:2d,314.0,11.0,ai_infrastructure_security,ai_infrastructure_security,SKT,,,,,,,general,24.0,published_today,business_change,event:SKT:ai_infrastructure_security,general,Y,"industry_basis_pass:actor=True,change=True,bridge=False",2,naver_telco_strategy_or_infra,Y,telco,314.0,ai_infrastructure_security,competitor:ai_strategy,,,경쟁사_해외이슈,COMPETITOR_PLATFORM_RISK,comp_domestic_public_infra,KT 금융 AX/AI 인프라 전략,카카오가 경쟁사 전략·리스크·AI/플랫폼 대응을 비교 참고할 이슈,4,4,5,,,로컬 보조 라벨 / v26.2: overseas structural industry candidate,local_low_confidence,,,COMP_DOMESTIC_PUBLIC_INFRA,domestic,,카카오가 경쟁사 전략·리스크·AI/플랫폼 대응을 비교 참고할 이슈,KT 금융 AX/AI 인프라 전략,comp_domestic_public_infra,,,
1935,경쟁사/해외이슈,경쟁사_해외이슈,네이버,"[단독] 네이버, 美 크립토기업 ‘레인’ 투자…‘네나무’ 글로벌 결제 사업 교두보",네이버 크립토기업 레인 투자 네나무 글로벌 결제 사업 교두보,한국경제,한국경제,"Tue, 14 Jul 2026 05:18:03 GMT","[단독] 네이버, 美 크립토기업 ‘레인’ 투자…‘네나무’ 글로벌 결제 사업 교두보 한국경제",https://news.google.com/rss/articles/CBMiWkFVX3lxTE8wNXJxcVdlSldHd3dOREt2enNIWUp6SHFzeU56T3pTeVdhdncxUFdnM1JqRENQSVBZX3drZzFrdFplRU52UnktYnBhcVY3cDNuREZPYUxrVU83QQ?oc=5,google_rss_네이버 when:2d,312.75,6.5,,,네이버,,,,,,,general,29.0,published_today+exclusive_breaking,general,,general,Y,"industry_basis_pass:actor=True,change=True,bridge=True",3,naver_telco_strategy_or_infra,Y,naver,312.75,,,,,경쟁사_해외이슈,COMPETITOR_AI_STRATEGY,comp_domestic_strategy,comp_domestic_strategy:네이버 크립토기업 레인 투자 네나무 글로벌 결제 사업 교두보,카카오가 경쟁사 전략·리스크·AI/플랫폼 대응을 비교 참고할 이슈,4,4,5,,,로컬 보조 라벨 / v26.2: overseas structural industry candidate,local_low_confidence,,,COMP_DOMESTIC_STRATEGY,domestic,,카카오가 경쟁사 전략·리스크·AI/플랫폼 대응을 비교 참고할 이슈,comp_domestic_strategy:네이버 크립토기업 레인 투자 네나무 글로벌 결제 사업 교두보,comp_domestic_strategy,,,
3084,경쟁사/해외이슈,경쟁사_해외이슈,메타,"SK텔레콤, 메타버스 플랫폼 '이프랜드' 공개",sk텔레콤 메타버스 플랫폼 이프랜드 공개,전자신문,전자신문,"Mon, 13 Jul 2026 01:18:34 GMT","SK텔레콤, 메타버스 플랫폼 '이프랜드' 공개 전자신문",https://news.google.com/rss/articles/CBMi8gRBVV95cUxOYlRiTFVqMGZFWjdqcUx2UUZoTlhRWEFnb1VkODk5Rm1fUU5qZ1I0bWNoR205eEk2S2RTbkg4TFh0UnpOQldaaEVyenAwR2djdnhNLUZQZm5jcVdYdXBPRzl3TmhiN3phbFl2VVU5bU9YX093My1GQU5oZU5ZRkVHN1NsM2tGeTFzYURwbVhZbkhUbC1GdzVBZXQ2dllMdG9rdDZiVVlndWItTENpRGE4QnVOTlVMZm5PSWhzVjVIWlZMNDhDdHFLVy0xbEFnTC0tNmJJbVpkNU5KU3ZsQWhBYVZkc1VOa1g3emNPTWp1QWtQSmVlVk00c09uQkZsSHJuUVZKUjFIYjF4TUh4TUdBbUlleXZ4UUFmS3BNR3dESi1HNEJzZkZ1SFNWUUZfT2RjYzlFYkJKWmxObXZhTk5TMHZGRGs3RS1La3pwQzRBUHB3b3poUVNuQzU5b2t2M091MkpNQ3loamNDYWhQM2NfMFBnZWRyRGRKSEFmOHduOWFCNTNaQnFoUm41TFoyTW56RldYbzBGTndyN2lRdzVXeVBFM3A3U0R1V0ZrV2hlMlhhNktpZ2VQbHZoMzlIMDhFN0I2bjhiZXJhQl9tSnpHcUJBU0lfemR2U3RESENQNG85ckg1bEFNSXMtQkV2NU5ZMmxBeEVHVThxWlZqSDlSQmNhcFN1Y3NMSGxYUDZoeVNiaUhScmFuWnBYeEEyaEVTY1hyZ1lzYnBqNk95anRESEhUSWtkTFdNdW5pRHFFeUpITjNuRllGX2tYMktSUTJ0R1JOcDVQbWRmTDlfSFM4V040VnZ4NldVRUJGWnN0OVc2UQ?oc=5,google_rss_메타 site:etnews.com when:2d,310.5,11.0,market_power_platform,market_power_platform,"SKT,메타",,,,,,,general,14.0,published_yesterday,general,global_incident:platform_regulation:meta:platform_regulation,rumor_or_report,Y,"industry_basis_pass:actor=True,change=True,bridge=True",3,naver_telco_strategy_or_infra,Y,telco,310.5,market_power_platform,competitor:regulatory_enforcement,global_incident:platform_regulation:meta:platform_regulation:announcement,global_incident:platform_regulation:meta:platform_regulation,경쟁사_해외이슈,COMPETITOR_AI_STRATEGY,comp_domestic_strategy,global_incident:platform_regulation:meta:platform_regulation,카카오가 경쟁사 전략·리스크·AI/플랫폼 대응을 비교 참고할 이슈,4,4,5,,,로컬 보조 라벨 / v26.2: overseas structural industry candidate,local_low_confidence,,,COMP_DOMESTIC_STRATEGY,mixed,,카카오가 경쟁사 전략·리스크·AI/플랫폼 대응을 비교 참고할 이슈,global_incident:platform_regulation:meta:platform_regulation,comp_domestic_strategy,,,
2496,경쟁사/해외이슈,경쟁사_해외이슈,쿠팡,"[속보] 법원 “쿠팡 ‘동일인’ 김범석 지정 공정위 처분, 판결 확정시까지 효력정지”",법원 쿠팡 동일인 김범석 지정 공정위 처분 판결 확정시까지 효력정지,헤럴드경제,헤럴드경제,"Tue, 14 Jul 2026 04:48:24 GMT","[속보] 법원 “쿠팡 ‘동일인’ 김범석 지정 공정위 처분, 판결 확정시까지 효력정지” 헤럴드경제",https://news.google.com/rss/articles/CBMiV0FVX3lxTFBQZVdDQm1PZGV1RDNDa1c1YU5XRENNaFJTU2FLQW9lRk9XWnlmS0JjWlJHTnJEN1BxOGRWdmZycWRwdlZMU0V3cVpqcVFLMVh1ZlY1SzZPMA?oc=5,google_rss_쿠팡 site:heraldcorp.com when:2d,310.25,48.5,"antitrust_platform,legal_regulatory_enforcement,strategy_mna_governance",antitrust_coupang_identity,"공정위,쿠팡",,,,,,,general,29.0,published_today+exclusive_breaking,direct_risk,global_incident:platform_regulation:coupang:coupang_designation_disclosure,penalty_or_sanction,Y,"industry_basis_pass:actor=True,change=False,bridge=True",2,coupang_competitor_enforcement_or_risk,Y,coupang,310.25,"legal_regulatory_enforcement,strategy_mna_governance",government:regulatory_enforcement,global_incident:platform_regulation:coupang:coupang_designation_disclosure:policy_change,global_incident:platform_regulation:coupang:coupang_designation_disclosure,경쟁사_해외이슈,COMPETITOR_AI_STRATEGY,comp_domestic_strategy,global_incident:platform_regulation:coupang:coupang_designation_disclosure,카카오가 경쟁사 전략·리스크·AI/플랫폼 대응을 비교 참고할 이슈,4,4,5,,,로컬 보조 라벨 / v26.2: overseas structural industry candidate,local_low_confidence,,,COMP_DOMESTIC_STRATEGY,domestic,,카카오가 경쟁사 전략·리스크·AI/플랫폼 대응을 비교 참고할 이슈,global_incident:platform_regulation:coupang:coupang_designation_disclosure,comp_domestic_strategy,,,
2243,경쟁사/해외이슈,경쟁사_해외이슈,SKT,"SKT, 정부 독자 AI 파운데이션 모델 컨소시엄에 SK AX·테크노매트릭스 추가 합류",skt 정부 독자 ai 파운데이션 모델 컨소시엄에 sk ax 테크노매트릭스 추가 합류,넥스트데일리,넥스트데일리,"Tue, 14 Jul 2026 01:06:13 GMT","SKT, 정부 독자 AI 파운데이션 모델 컨소시엄에 SK AX·테크노매트릭스 추가 합류 넥스트데일리",https://news.google.com/rss/articles/CBMib0FVX3lxTE9UUnhFQXJBQlkwZnhNNl9BdEF3eU9EN0hNRlFqOWpuVHNWM1FmMmFGSTVqMGMyMlVkcG50VjN2M3RlVjByRl9BUXI2VnJ3eUFQQ1hrX2YwOWlQNVBSeUd4OUtDWE13TWIzUHZEejhnWdIBc0FVX3lxTFBrS3lsTk9GaDRRZkNyOGVlbDNwbVFBWUZZbmpQLXE3X2V0RTlHVjBpSHpIR19NNEhPMmtWendzWm11Z19zalNtcWEwOUlWUHc3MXRrbzRWVVBnZU56aHVucF92SGFncmdBMGFVYVVTMU5LWU0?oc=5,google_rss_SKT when:2d,306.0,18.0,"ai_infrastructure_security,strategy_mna_governance",ai_infrastructure_security,SKT,,,,,,,general,24.0,published_today,business_change,event:SKT:ai_infrastructure_security+strategy_mna_governance,general,,"insufficient_industry_basis:actor=True,change=False,bridge=False",1,naver_telco_strategy_or_infra,Y,telco,306.0,"strategy_mna_governance,ai_infrastructure_security",government:tech_security_policy,,,경쟁사_해외이슈,COMPETITOR_PLATFORM_RISK,comp_domestic_public_infra,KT 금융 AX/AI 인프라 전략,카카오가 경쟁사 전략·리스크·AI/플랫폼 대응을 비교 참고할 이슈,4,4,5,,,로컬 보조 라벨,local_low_confidence,,,COMP_DOMESTIC_PUBLIC_INFRA,domestic,,카카오가 경쟁사 전략·리스크·AI/플랫폼 대응을 비교 참고할 이슈,KT 금융 AX/AI 인프라 전략,comp_domestic_public_infra,,,
2963,경쟁사/해외이슈,경쟁사_해외이슈,MS,"SK텔레콤-MS, 엑스박스 클라우드 게임 9월 15일 한국 출시",sk텔레콤 ms 엑스박스 클라우드 게임 9월 15일 한국 출시,전자신문,전자신문,"Sun, 12 Jul 2026 21:18:15 GMT","SK텔레콤-MS, 엑스박스 클라우드 게임 9월 15일 한국 출시 전자신문",https://news.google.com/rss/articles/CBMilgVBVV95cUxNVjB6TzBOUVNmTEl0c181UWc1dDhDX2NWeHVIWTVCeE9KUkhYd2NMcXEwZ0ptaEthTGw4WS1LNlpMZl8wd0RmNnFnVXpIZk9rMEVGNFBKUk1FMHZ5NHVtRmpUcVE0eEsyZVctRndYZEYxdHV4T2pHdDU0blFTVVUwT1lndlpsd2Z4YzVENDNJNE5zSW5WdDFqTGtjMlVscl9MSUxFNFlTM0hSbGdzTnJWR1V5MjRXOGVGb05rUkFGazl4U0hGRUVVR1lWNzl2ZmpCREIwbHlrWXhoSUcwZnNsb2VmcUE2Q3hEVC05dTFjSTVyUHpmVTFDbDVzZUVNa2xpc2ljdnpNRkdTMGJ3cUZ3LWh5ekJMWHh2X1Fya3h1dHhGNERaUWdnU015cDY0c0hKTFBGMFdUOExnVmk3OW1LQ1k3S3M0WkpBeDM2YnZFeFlWb2xzcGFGU2VsMjFUd2g1dHlsYkJYMU1DdU0yV1JxcXJMQ2tVS0diZmdRRUN2aEJxSEprQ21SdkdFaEd0bEZHVjN6M0ZscjNFS1ZiRGZXWlF2N055enBKZC1ZWnRpXzIxWE94aTF2Si1EQVJWSW1uMllrZTZfd0ZnNmlzd2I5WC15b3pTUWtiQTFfQ240WnVCTkhTdzdpbS1Ud1lvYUZ0Tkx3VXlXeVdsdV9XSk53d1J2cVE1OUlmNUhHNTNkQzB6X1R6ZlU0ZjFfd1B0NW03akg3MVdjWm12MWVyM0w5Ql9hMjRVczE2WWpIYkp0NkRYRHpMdkpYbmo0dG1QZ3V4cWZCUF9CTjdXWjExeXhiMXVqQ01aZzdfWDNfYkpaZUNTTUdqRjdJa0N2S0tMT3ZYZHlrQmpLOW9DS1g3OXF4aHlVWnpTdw?oc=5,google_rss_MS site:etnews.com when:2d,300.5,4.0,,,SKT,,,,,,,general,14.0,published_yesterday,general,,general,Y,"industry_basis_pass:actor=True,change=True,bridge=True",3,naver_telco_strategy_or_infra,Y,telco,300.5,,,,,경쟁사_해외이슈,COMPETITOR_AI_STRATEGY,comp_domestic_ai_platform,comp_domestic_ai_platform:sk텔레콤 ms 엑스박스 클라우드 게임 9월 15일 한국 출시,카카오가 경쟁사 전략·리스크·AI/플랫폼 대응을 비교 참고할 이슈,4,4,5,,,로컬 보조 라벨 / v26.2: overseas structural industry candidate,local_low_confidence,,,COMP_DOMESTIC_AI_PLATFORM,mixed,,카카오가 경쟁사 전략·리스크·AI/플랫폼 대응을 비교 참고할 이슈,comp_domestic_ai_platform:sk텔레콤 ms 엑스박스 클라우드 게임 9월 15일 한국 출시,comp_domestic_ai_platform,,,
2181,경쟁사/해외이슈,경쟁사_해외이슈,SKT,"SKT 정예팀, 독자 AI 파운데이션 모델 프로젝트에 SK AX·테크노매트릭스 전격 합류",skt 정예팀 독자 ai 파운데이션 모델 프로젝트에 sk ax 테크노매트릭스 전격 합류,매일산업뉴스,매일산업뉴스,"Tue, 14 Jul 2026 06:17:04 GMT","SKT 정예팀, 독자 AI 파운데이션 모델 프로젝트에 SK AX·테크노매트릭스 전격 합류 매일산업뉴스",https://news.google.com/rss/articles/CBMiY0FVX3lxTE5JdDFwSVhPNDhiWS1GUjJJVWhOQU1vWlNXU0ljSWh5RDdPcGNvdEd0Tkl3WVB3Mm5vV1JXblNVdTU1aG1YVTJvTGJPUUJhMEtQYWpIT2NVOV9uV3lvdVdmOERGdw?oc=5,google_rss_SKT when:2d,298.0,11.0,ai_infrastructure_security,ai_infrastructure_security,SKT,,,,,,,general,24.0,published_today,business_change,event:SKT:ai_infrastructure_security,general,,"insufficient_industry_basis:actor=True,change=False,bridge=False",1,naver_telco_strategy_or_infra,Y,telco,298.0,ai_infrastructure_security,competitor:ai_strategy,,,경쟁사_해외이슈,COMPETITOR_AI_STRATEGY,comp_domestic_ai_platform,KT 금융 AX/AI 인프라 전략,카카오가 경쟁사 전략·리스크·AI/플랫폼 대응을 비교 참고할 이슈,4,4,5,,,로컬 보조 라벨,local_low_confidence,,,COMP_DOMESTIC_AI_PLATFORM,domestic,,카카오가 경쟁사 전략·리스크·AI/플랫폼 대응을 비교 참고할 이슈,KT 금융 AX/AI 인프라 전략,comp_domestic_ai_platform,,,
3534,산업동향,산업동향,플랫폼 시장점유율,"삼성카드, '모니모·KTX' 양날개 달고 디지털·보안 혁신 드라이브",삼성카드 모니모 ktx 양날개 달고 디지털 보안 혁신 드라이브,스마트비즈,스마트비즈,"Mon, 13 Jul 2026 07:42:35 GMT","삼성카드, '모니모·KTX' 양날개 달고 디지털·보안 혁신 드라이브 스마트비즈",https://news.google.com/rss/articles/CBMibEFVX3lxTE1admQwYU5UU0Q1Mmp6bEJfREhUcU5CUGZEWU5STndmdFh6VWxoMzNsLURnelA1bDJLNGtWYThaUkt4V0Z3QW9PTEcyUW1tMTNfQ1hXal9vZXFWVlpySV9QU1FjWmxuakFKRzFoSw?oc=5,google_rss_플랫폼 시장점유율 when:2d,290.5,32.0,"phishing_security,privacy_security_reliability",security_general,,v43_not_structural_industry,,,,,,general,14.0,published_yesterday,direct_risk,,general,Y,"industry_basis_pass:actor=True,change=False,bridge=True",2,naver_telco_strategy_or_infra,Y,global,290.5,"privacy_security_reliability,market_power_platform",competitor:security_reliability,,,경쟁사_해외이슈,COMPETITOR_AI_STRATEGY,comp_domestic_strategy,comp_domestic_strategy:삼성카드 모니모 ktx 양날개 달고 디지털 보안 혁신 드라이브,카카오가 경쟁사 전략·리스크·AI/플랫폼 대응을 비교 참고할 이슈,4,4,5,,,로컬 보조 라벨 / v26.2: overseas structural industry candidate,local_low_confidence,,,COMP_DOMESTIC_STRATEGY,domestic,,카카오가 경쟁사 전략·리스크·AI/플랫폼 대응을 비교 참고할 이슈,comp_domestic_strategy:삼성카드 모니모 ktx 양날개 달고 디지털 보안 혁신 드라이브,comp_domestic_strategy,,,
2390,경쟁사/해외이슈,경쟁사_해외이슈,쿠팡,"법원, ‘쿠팡 총수 김범석’ 지정 효력 정지…본안 판결 뒤 30일까지",법원 쿠팡 총수 김범석 지정 효력 정지 본안 판결 뒤 30일까지,매일일보,매일일보,"Tue, 14 Jul 2026 06:07:57 GMT","법원, ‘쿠팡 총수 김범석’ 지정 효력 정지…본안 판결 뒤 30일까지 매일일보",https://news.google.com/rss/articles/CBMiZEFVX3lxTE9KUVk5aWpKRkRxN08zT1F0V0xGRXF3c2x4OG9UeVRnYWVybWhWMDlqcHByZ1ZrMFlldFB3VmJFS28yd3JDM1IyTV9peENmcnpMNE9IWFJ5cmZRR0MxQjRLVkYwcXA?oc=5,google_rss_쿠팡 when:2d,284.0,29.0,legal_regulatory_enforcement,legal_regulatory_enforcement,쿠팡,,,,,,,general,24.0,published_today,direct_risk,event:쿠팡:legal_regulatory_enforcement,general,Y,"industry_basis_pass:actor=True,change=False,bridge=True",2,coupang_competitor_enforcement_or_risk,Y,coupang,284.0,legal_regulatory_enforcement,competitor:regulatory_enforcement,,,경쟁사_해외이슈,COMPETITOR_AI_STRATEGY,comp_domestic_strategy,comp_domestic_strategy:법원 쿠팡 총수 김범석 지정 효력 정지 본안 판결 뒤 30일까지,카카오가 경쟁사 전략·리스크·AI/플랫폼 대응을 비교 참고할 이슈,4,4,5,,,로컬 보조 라벨 / v26.2: overseas structural industry candidate,local_low_confidence,,,COMP_DOMESTIC_STRATEGY,domestic,,카카오가 경쟁사 전략·리스크·AI/플랫폼 대응을 비교 참고할 이슈,comp_domestic_strategy:법원 쿠팡 총수 김범석 지정 효력 정지 본안 판결 뒤 30일까지,comp_domestic_strategy,,,
2375,경쟁사/해외이슈,경쟁사_해외이슈,쿠팡,"법원, 김범석 쿠팡 의장 동일인 지정 효력정지…본안 판결까지 유지",법원 김범석 쿠팡 의장 동일인 지정 효력정지 본안 판결까지 유지,경기신문,경기신문,"Tue, 14 Jul 2026 05:00:29 GMT","법원, 김범석 쿠팡 의장 동일인 지정 효력정지…본안 판결까지 유지 경기신문",https://news.google.com/rss/articles/CBMiYkFVX3lxTE5pamd5T21CRzduZWJoZ3VaU01IdU1sSE02Y3dLMkFnVWNqSzhSWFBFQk1GR1h1ZTRrMjJjaVRVVXVyMk1Jb2x4UUQ2d2Q5UUlmUWZUazl6d0NjX3FzaGlwRTh3?oc=5,google_rss_쿠팡 when:2d,284.0,29.0,legal_regulatory_enforcement,legal_regulatory_enforcement,쿠팡,,,,,,,general,24.0,published_today,direct_risk,event:쿠팡:legal_regulatory_enforcement,general,Y,"industry_basis_pass:actor=True,change=False,bridge=True",2,coupang_competitor_enforcement_or_risk,Y,coupang,284.0,legal_regulatory_enforcement,competitor:regulatory_enforcement,,,경쟁사_해외이슈,COMPETITOR_AI_STRATEGY,comp_domestic_strategy,comp_domestic_strategy:법원 김범석 쿠팡 의장 동일인 지정 효력정지 본안 판결까지 유지,카카오가 경쟁사 전략·리스크·AI/플랫폼 대응을 비교 참고할 이슈,4,4,5,,,로컬 보조 라벨 / v26.2: overseas structural industry candidate,local_low_confidence,,,COMP_DOMESTIC_STRATEGY,domestic,,카카오가 경쟁사 전략·리스크·AI/플랫폼 대응을 비교 참고할 이슈,comp_domestic_strategy:법원 김범석 쿠팡 의장 동일인 지정 효력정지 본안 판결까지 유지,comp_domestic_strategy,,,
74,자사 및 계열사 이슈,자사_및_계열사_이슈,카카오,"이정헌 “티빙 해킹, KT·네이버·카카오 제휴 이용자도 피해”…KT “당사 시스템과 무관”",이정헌 티빙 해킹 kt 네이버 카카오 제휴 이용자도 피해 kt 당사 시스템과 무관,edaily.co.kr,이데일리,"Tue, 14 Jul 2026 03:26:45 GMT","이정헌 “티빙 해킹, KT·네이버·카카오 제휴 이용자도 피해”…KT “당사 시스템과 무관” edaily.co.kr",https://news.google.com/rss/articles/CBMigAFBVV95cUxPMm1TTl9xX0t5dzZFVmNJUWowQlRVdGRWWHZpUDcxVThqMkpBcV9OcXNvS0JDLWVtb3B0bUQ4R25KcmpZcnFYNm5Rb3EycklaODAwR0RTSEczNjNhc3p3REd6dTc2Z3JXVkR3RE51R2hKSHd5Q2JlTXdTNGRtYkU5Tw?oc=5,google_rss_카카오 when:2d,269.8,110.0,"ai_infrastructure_security,phishing_security,privacy_security_reliability",security_hacking_incident,"KT,네이버,카카오",,,Y,must_review:self_strict:privacy_security:privacy_security_reliability,,,direct_self_risk,24.0,published_today,direct_risk,privacy_security:tving:data_leak,general,Y,"industry_basis_pass:actor=True,change=True,bridge=True",3,naver_telco_strategy_or_infra,Y,naver,269.8,"privacy_security_reliability,ai_infrastructure_security",self:privacy_security,global_incident:privacy_security:kakao:tving:data_leak:general,global_incident:privacy_security:kakao:tving,자사_및_계열사_이슈,SELF_DIRECT_RISK,self_privacy_security,KT 금융 AX/AI 인프라 전략,카카오 또는 계열사에 직접 발생한 외부 대응 필요 이슈,5,5,5,,,로컬 보조 라벨 / v26: 오늘 새 직접 사건·진전,local_low_confidence,DIRECT_RISK,,COMP_DOMESTIC_DIRECT_RISK,domestic,,카카오 또는 계열사에 직접 발생한 외부 대응 필요 이슈,KT 금융 AX/AI 인프라 전략,self_privacy_security,,,
31,자사 및 계열사 이슈,자사_및_계열사_이슈,카카오,티빙 개인정보 유출…KT·네이버·카카오 제휴 고객도 포함,티빙 개인정보 유출 kt 네이버 카카오 제휴 고객도 포함,한겨레,한겨레,"Tue, 14 Jul 2026 07:24:00 GMT",티빙 개인정보 유출…KT·네이버·카카오 제휴 고객도 포함 한겨레,https://news.google.com/rss/articles/CBMiYEFVX3lxTE1aRnl0bFpHQUs5emJfZ2lxS05pbjJSU0YzaERvcnduXzJROVhubUlkb1RFSk1jZWp0Y2U3dlVLd2txMzN1Q0JzRWVHa2k0dGVCVWdYWVJOb2lHNjNyNVpjNA?oc=5,google_rss_카카오 when:2d,268.8,94.0,"phishing_security,privacy_security_reliability",security_privacy_leak,"KT,네이버,카카오",,,Y,must_review:self_strict:privacy_security:privacy_security_reliability,,,direct_self_risk,24.0,published_today,direct_risk,privacy_security:tving:data_leak,general,Y,"industry_basis_pass:actor=True,change=True,bridge=True",3,naver_telco_strategy_or_infra,Y,naver,268.8,privacy_security_reliability,self:privacy_security,global_incident:platform_regulation:kakao:platform_regulation:general,global_incident:platform_regulation:kakao:platform_regulation,자사_및_계열사_이슈,SELF_DIRECT_RISK,self_privacy_security,global_incident:platform_regulation:kakao:platform_regulation,카카오 또는 계열사에 직접 발생한 외부 대응 필요 이슈,5,5,5,,,로컬 보조 라벨 / v26: 오늘 새 직접 사건·진전,local_low_confidence,DIRECT_RISK,,COMP_DOMESTIC_DIRECT_RISK,domestic,,카카오 또는 계열사에 직접 발생한 외부 대응 필요 이슈,global_incident:platform_regulation:kakao:platform_regulation,self_privacy_security,,,
36,자사 및 계열사 이슈,자사_및_계열사_이슈,카카오,"티빙 개인정보 유출, KT·네이버·카카오 제휴 이용자까지 확산",티빙 개인정보 유출 kt 네이버 카카오 제휴 이용자까지 확산,데일리안,데일리안,"Tue, 14 Jul 2026 07:17:00 GMT","티빙 개인정보 유출, KT·네이버·카카오 제휴 이용자까지 확산 데일리안",https://news.google.com/rss/articles/CBMijAJBVV95cUxOeGhRYmJJUWF0eW1vRU9JRWtQZjdUR0Uyak96ZFo1TVJpclJIVl81Skh2b1hfWnhxWUE0bmNpMXFra2ZxNlFzYlpXb2VteV9MZ3JwTDZKQzNuLThRWUQzaV9adWtUakd6TEdBM21XdGVuQi1hRGhqSFBpU0xEQ3VpaHJsYUJyQnFqTGwwUldHOGl6dVp1UkNzbkY0RzJQMEJLbG5zSWRvT0Rqc3RDd1g4Z2dIV2lYT25LUHNObG5lQks3Z2Z6YzhSR1c4QWxsbGIxQzFmWEJ5MjEtdzNSU2ZCT05hd0JFMWhuRE9POVIxVGlISjZibG4tdUJteTdJNnh6X2Zscm92Q3ZIVnZS0gGPAkFVX3lxTE1BNGtpS0FjN3A2T1loYVZVVEkyZFhEUnhUWXpZVE1mTDJPYU10T0ctVEZOSHIyZ2FMaTMxWWt5NWc0WTNkVFhaWDdsOGd1aDdNRU1GcGNXUDRyMDVaS282Y0hNMUV3cXN3TmFUTGQ0bHdGeWFWZkVZVHVHVDJCaW1nZExJT3JQWWczX3RiZ3cxTWJJRC16Qy1ISGVyVGlFUXduSXo4dmlDMWxrVzdpdXhaVVBLWTY4UmxoSEVEc2RKTkpmZEZNb3ZxSENnNmFjLXh6SkNlc1pJajgwbGpjVTY2WnduTjNCNFZPcGJpazFpN1QwdHlpTy1lLVMyQWdKZXRraTg5VkhLRXJZMldpeDg?oc=5,google_rss_카카오 when:2d,268.8,94.0,"phishing_security,privacy_security_reliability",security_privacy_leak,"KT,네이버,카카오",,,Y,must_review:self_strict:privacy_security:privacy_security_reliability,,,direct_self_risk,24.0,published_today,direct_risk,privacy_security:tving:data_leak,general,Y,"industry_basis_pass:actor=True,change=True,bridge=True",3,naver_telco_strategy_or_infra,Y,naver,268.8,privacy_security_reliability,self:privacy_security,global_incident:platform_regulation:kakao:platform_regulation:general,global_incident:platform_regulation:kakao:platform_regulation,자사_및_계열사_이슈,SELF_DIRECT_RISK,self_privacy_security,global_incident:platform_regulation:kakao:platform_regulation,카카오 또는 계열사에 직접 발생한 외부 대응 필요 이슈,5,5,5,,,로컬 보조 라벨 / v26: 오늘 새 직접 사건·진전,local_low_confidence,DIRECT_RISK,,COMP_DOMESTIC_DIRECT_RISK,domestic,,카카오 또는 계열사에 직접 발생한 외부 대응 필요 이슈,global_incident:platform_regulation:kakao:platform_regulation,self_privacy_security,,,
59,자사 및 계열사 이슈,자사_및_계열사_이슈,카카오,"티빙 개인정보 유출, 네이버·카카오·KT 연동 이용자도 피해 가능성 제기",티빙 개인정보 유출 네이버 카카오 kt 연동 이용자도 피해 가능성 제기,아주경제,아주경제,"Tue, 14 Jul 2026 05:17:43 GMT","티빙 개인정보 유출, 네이버·카카오·KT 연동 이용자도 피해 가능성 제기 아주경제",https://news.google.com/rss/articles/CBMiWkFVX3lxTFBoSWVjcW5hbExsVEVkLWZGSVVNbmhVMkR6Z0VqUlZHcTMtd3ppbWhBU2ZURUM2NUxEaGtmMkZLTFF4eEx0SHo5SXZQVkFXZUllaTZWMThqQ3ZZd9IBWEFVX3lxTE9ZWERTazZ6M3RZWVVfa1JHajNEb3FuUE5maG04bVJVMGRQNG9qcngxWV9iNjlmV1lyRlNES0JidTFsSGpxWkFmemkxemtQQlRRT3dkOWw1VXo?oc=5,google_rss_카카오 when:2d,268.8,94.0,"phishing_security,privacy_security_reliability",security_privacy_leak,"KT,네이버,카카오",,,Y,must_review:self_strict:privacy_security:privacy_security_reliability,,,direct_self_risk,24.0,published_today,direct_risk,privacy_security:tving:data_leak,general,Y,"industry_basis_pass:actor=True,change=True,bridge=True",3,naver_telco_strategy_or_infra,Y,naver,268.8,privacy_security_reliability,self:privacy_security,global_incident:platform_regulation:kakao:platform_regulation:general,global_incident:platform_regulation:kakao:platform_regulation,자사_및_계열사_이슈,SELF_DIRECT_RISK,self_privacy_security,global_incident:platform_regulation:kakao:platform_regulation,카카오 또는 계열사에 직접 발생한 외부 대응 필요 이슈,5,5,5,,,로컬 보조 라벨 / v26: 오늘 새 직접 사건·진전,local_low_confidence,DIRECT_RISK,,COMP_DOMESTIC_DIRECT_RISK,domestic,,카카오 또는 계열사에 직접 발생한 외부 대응 필요 이슈,global_incident:platform_regulation:kakao:platform_regulation,self_privacy_security,,,
58,자사 및 계열사 이슈,자사_및_계열사_이슈,카카오,"이정헌 의원, KT·네이버·카카오 제휴 이용자도 티빙 개인정보 유출",이정헌 의원 kt 네이버 카카오 제휴 이용자도 티빙 개인정보 유출,파이낸셜리뷰,파이낸셜리뷰,"Tue, 14 Jul 2026 04:45:32 GMT","이정헌 의원, KT·네이버·카카오 제휴 이용자도 티빙 개인정보 유출 파이낸셜리뷰",https://news.google.com/rss/articles/CBMidEFVX3lxTFBkNFM4cUVmVWtTNFhjSV85OXVKNFlJT3ZMU0JxS3MxSGZaWnJKd0s1Xy1RXzZVcjVZSDJvQ1JoUXUwOFJFZDBjaEJLWmpqRVlYMFozVkVwVUR6VDVLVkU1V2xXSnVWQlkzTkYzREZxaGFZa1Zp?oc=5,google_rss_카카오 when:2d,268.8,94.0,"phishing_security,privacy_security_reliability",security_privacy_leak,"KT,네이버,카카오",,,Y,must_review:self_strict:privacy_security:privacy_security_reliability,,,direct_self_risk,24.0,published_today,direct_risk,privacy_security:tving:data_leak,general,Y,"industry_basis_pass:actor=True,change=True,bridge=True",3,naver_telco_strategy_or_infra,Y,naver,268.8,privacy_security_reliability,self:privacy_security,global_incident:platform_regulation:kakao:platform_regulation:general,global_incident:platform_regulation:kakao:platform_regulation,자사_및_계열사_이슈,SELF_DIRECT_RISK,self_privacy_security,global_incident:platform_regulation:kakao:platform_regulation,카카오 또는 계열사에 직접 발생한 외부 대응 필요 이슈,5,5,5,,,로컬 보조 라벨 / v26: 오늘 새 직접 사건·진전,local_low_confidence,DIRECT_RISK,,COMP_DOMESTIC_DIRECT_RISK,domestic,,카카오 또는 계열사에 직접 발생한 외부 대응 필요 이슈,global_incident:platform_regulation:kakao:platform_regulation,self_privacy_security,,,
67,자사 및 계열사 이슈,자사_및_계열사_이슈,카카오,"""티빙 해킹, KT·네이버·카카오 이용자도 포함""… 이정헌 의원, 제휴사 책임 촉구",티빙 해킹 kt 네이버 카카오 이용자도 포함 이정헌 의원 제휴사 책임 촉구,B world,B world,"Tue, 14 Jul 2026 04:51:34 GMT","""티빙 해킹, KT·네이버·카카오 이용자도 포함""… 이정헌 의원, 제휴사 책임 촉구 B world",https://news.google.com/rss/articles/CBMicEFVX3lxTE5XOGR3eUk0SmZiWW01Y2dPUGM5TnZFLV95dDlnTmw0X0MwS0U0alpkVmdEbEZDdWM3bG5Za1Z4ZjlqOGVzb2lnV1ExWXA2SEkxaWV4R29qV0pmQUFUcHRvNVVzZ3l4aXV0RkxDNV9XaG4?oc=5,google_rss_카카오 when:2d,268.8,91.0,"phishing_security,privacy_security_reliability",security_hacking_incident,"KT,네이버,카카오",,,Y,must_review:self_strict:privacy_security:privacy_security_reliability,,,direct_self_risk,24.0,published_today,direct_risk,privacy_security:tving:data_leak,general,Y,"industry_basis_pass:actor=True,change=True,bridge=True",3,naver_telco_strategy_or_infra,Y,naver,268.8,privacy_security_reliability,self:privacy_security,global_incident:privacy_security:kakao:tving:data_leak:general,global_incident:privacy_security:kakao:tving,자사_및_계열사_이슈,SELF_DIRECT_RISK,self_privacy_security,global_incident:privacy_security:kakao:tving,카카오 또는 계열사에 직접 발생한 외부 대응 필요 이슈,5,5,5,,,로컬 보조 라벨 / v26: 오늘 새 직접 사건·진전,local_low_confidence,DIRECT_RISK,,COMP_DOMESTIC_DIRECT_RISK,domestic,,카카오 또는 계열사에 직접 발생한 외부 대응 필요 이슈,global_incident:privacy_security:kakao:tving,self_privacy_security,,,
2136,경쟁사/해외이슈,경쟁사_해외이슈,네이버,"모바(MOVA), 업계 최초 ‘맥시리치X’ 기술 적용한 로봇청소기 ‘V70 울트라 컴플리트’ 출시",모바 mova 업계 최초 맥시리치x 기술 적용한 로봇청소기 v70 울트라 컴플리트 출시,edaily.co.kr,이데일리,"Mon, 13 Jul 2026 00:20:03 GMT","모바(MOVA), 업계 최초 ‘맥시리치X’ 기술 적용한 로봇청소기 ‘V70 울트라 컴플리트’ 출시 edaily.co.kr",https://news.google.com/rss/articles/CBMigAFBVV95cUxQUm1Ha0VzN08wT2VEc1BkUmJBYnlMdVdVYTdqdmt2QkVuTTdZUWNmU0o3SFNldWl5ZXpKOWFLUUREamNUWFVZRFI4cG5TQ3ZLdWFpYmRKQkk3Vm83UFZnMm9pMzhENUdzSGMxLWozaFkxNVBQR1VoM3BJQXpWZk5TMA?oc=5,google_rss_네이버 site:edaily.co.kr when:2d,264.5,65.0,ai_infrastructure_security,ai_infrastructure_security,,v43_not_true_competitor;brand_not_in_title,Y,,,,competitor:platform_obligation,platform_operator_obligation,14.0,published_yesterday,general,global_incident:platform_regulation:platform_sector:platform_operator_obligation,action_started,,"weak_form_without_full_basis:actor=False,change=True,bridge=False",1,naver_telco_strategy_or_infra,Y,naver,264.5,"ai_infrastructure_security,platform_obligation",competitor:platform_obligation,global_incident:platform_regulation:platform_sector:platform_operator_obligation:general,global_incident:platform_regulation:platform_sector:platform_operator_obligation,경쟁사_해외이슈,COMPETITOR_AI_STRATEGY,comp_domestic_ai_platform,global_incident:platform_regulation:platform_sector:platform_operator_obligation,카카오가 경쟁사 전략·리스크·AI/플랫폼 대응을 비교 참고할 이슈,4,4,5,,,로컬 보조 라벨,local_low_confidence,,,COMP_DOMESTIC_AI_PLATFORM,domestic,,카카오가 경쟁사 전략·리스크·AI/플랫폼 대응을 비교 참고할 이슈,global_incident:platform_regulation:platform_sector:platform_operator_obligation,comp_domestic_ai_platform,,,
2208,경쟁사/해외이슈,경쟁사_해외이슈,SKT,[#통신 풍향계] SKT '로밍-멤버십 프로모션'·KT 'WSIS 프라이즈 챔피언상-'AI 메일보안' 시장 확대-'구글플레이' 구독 할인·LGU+ '차세대 보안 통신 품질' 표준화 추진·SK텔링크 '저궤도 위성통신' 공급,통신 풍향계 skt 로밍 멤버십 프로모션 kt wsis 프라이즈 챔피언상 ai 메일보안 시장 확대 구글플레이 구독 할인 lgu+ 차세대 보안 통신 품질 표준화 추진 sk텔링크 저궤도 위성통신 공급,뉴스웍스,뉴스웍스,"Tue, 14 Jul 2026 00:15:33 GMT",[#통신 풍향계] SKT '로밍-멤버십 프로모션'·KT 'WSIS 프라이즈 챔피언상-'AI 메일보안' 시장 확대-'구글플레이' 구독 할인·LGU+ '차세대 보안 통신 품질' 표준화 추진·SK텔링크 '저궤도 위성통신' 공급 뉴스웍스,https://news.google.com/rss/articles/CBMic0FVX3lxTE5CV0JDZ1FMYzhBVTNhT0IxRmc0TkZwdWVockFhNHJkQUNTa2FCTDdSN1pYNkM4SmI1ZEJob1Y2VldHNnB1aFQwMUF1SGRZWHJPWFN2QWR3TE90dkpPMnUydVYxelhLczhNSVVwTDVPYzVlMVHSAXNBVV95cUxOQldCQ2dRTGM4QVUzYU9CMUZnNE5GcHVlaHJBYTRyZEFDU2thQkw3UjdaWDZDOEpiNWRCaG9WNlZXRzZwdWhUMDFBdUhkWVhyT1hTdkFkd0xPdHZKTzJ1MnVWMXpYS3M4TUlVcEw1T2M1ZTFR?oc=5,google_rss_SKT when:2d,253.5,15.5,"ai_infrastructure_security,phishing_security,privacy_security_reliability,self_pr_promo",security_general,"KT,LGU+,SKT,구글",v43_weak_filler_or_distant_industry;low_value:할인,,,,,,general,24.0,published_today,direct_risk,event:KT+LGU+:ai_infrastructure_security+phishing_security,general,Y,"industry_basis_pass:actor=True,change=True,bridge=True",3,naver_telco_strategy_or_infra,Y,telco,253.5,"privacy_security_reliability,ai_infrastructure_security",competitor:security_reliability,,,경쟁사_해외이슈,GOV_AI_DIGITAL_POLICY,government_ai_core_policy,KT 금융 AX/AI 인프라 전략,카카오 AI agent/AI 서비스 전략과 연결되는 핵심 정책환경,4,4,5,,,v26.2: no central Korean public actor/action for Government section: no_public_actor_action_domain / v26.2: overseas structural industry candidate,local_low_confidence,,OFF_TOPIC,COMP_GENERAL_LOW_RELEVANCE,mixed,카카오 AI agent/AI 서비스 전략과 연결되는 핵심 정책환경,카카오 AI agent/AI 서비스 전략과 연결되는 핵심 정책환경,KT 금융 AX/AI 인프라 전략,government_ai_core_policy,,,
548,정부/국회,정부_국회,과학기술정보통신부,"SKT, 정부 주관 피지컬 AI 실증 수행기관 선정…'AI-RAN 선도망' 구축",skt 정부 주관 피지컬 ai 실증 수행기관 선정 ai ran 선도망 구축,뉴스1,뉴스1,"Tue, 14 Jul 2026 06:00:00 GMT","SKT, 정부 주관 피지컬 AI 실증 수행기관 선정…'AI-RAN 선도망' 구축 뉴스1",https://news.google.com/rss/articles/CBMiZkFVX3lxTE4tVTJ2dzNsTEpwS1hsR3FFcndITnBHNU5aRUlaQnFHeXhWempiNXI5NGNaeUlLSEVGZ09ZcUNkYmw1blc1OTd3TXVBRU0zalAwc09VLXdYaHBsdVN3bGh5UE91alBEUQ?oc=5,google_rss_과학기술정보통신부 AI when:2d,249.6,40.0,ai_infrastructure_security,ai_infrastructure_security,SKT,,,,,,,general,24.0,published_today,business_change,event:SKT:ai_infrastructure_security,general,Y,"industry_basis_pass:actor=True,change=True,bridge=False",2,naver_telco_strategy_or_infra,Y,telco,249.6,ai_infrastructure_security,government:tech_security_policy,,,경쟁사_해외이슈,COMPETITOR_PLATFORM_RISK,comp_domestic_public_infra,comp_domestic_public_infra:skt 정부 주관 피지컬 ai 실증 수행기관 선정 ai ran 선도망 구축,카카오 AI agent/AI 서비스 전략과 연결되는 핵심 정책환경,5,4,5,,,로컬 보조 라벨 / v26.2: overseas structural industry candidate,local_low_confidence,,GOV_AI_CORE_POLICY,COMP_DOMESTIC_PUBLIC_INFRA,domestic,카카오 AI agent/AI 서비스 전략과 연결되는 핵심 정책환경,카카오 AI agent/AI 서비스 전략과 연결되는 핵심 정책환경,comp_domestic_public_infra:skt 정부 주관 피지컬 ai 실증 수행기관 선정 ai ran 선도망 구축,comp_domestic_public_infra,,,
2287,경쟁사/해외이슈,경쟁사_해외이슈,KT,"KT, 국가 공공 AI 인프라 설계 착수...""데이터센터 사업 경쟁력 강화""",kt 국가 공공 ai 인프라 설계 착수 데이터센터 사업 경쟁력 강화,팍스경제TV,팍스경제TV,"Tue, 14 Jul 2026 00:19:04 GMT","KT, 국가 공공 AI 인프라 설계 착수...""데이터센터 사업 경쟁력 강화"" 팍스경제TV",https://news.google.com/rss/articles/CBMiZ0FVX3lxTFAzd2JYaWtCd0Zvb3lSTzBteU0ydS1fS0s1WF9UcUhDaFlaNlJVeWtxRFVwME93TnJhUkJaTFhzX3VHMWc2M1d4NnNSY2ZMWU5WMFpWWG5walJLU0FKa19fTlIyaG1IUjg?oc=5,google_rss_KT when:2d,245.0,21.0,"ai_infrastructure_security,government_ai",ai_infrastructure_security,KT,,,,,,,general,24.0,published_today,business_change,event:KT:ai_infrastructure_security+government_ai,general,Y,"industry_basis_pass:actor=True,change=True,bridge=True",3,naver_telco_strategy_or_infra,Y,telco,245.0,ai_infrastructure_security,competitor:ai_strategy,,,경쟁사_해외이슈,COMPETITOR_PLATFORM_RISK,comp_domestic_public_infra,국가 AI 인프라/AIDC/GPU 정책,카카오가 경쟁사 전략·리스크·AI/플랫폼 대응을 비교 참고할 이슈,4,4,5,,,로컬 보조 라벨 / v26.2: overseas structural industry candidate,local_low_confidence,,,COMP_DOMESTIC_PUBLIC_INFRA,domestic,,카카오가 경쟁사 전략·리스크·AI/플랫폼 대응을 비교 참고할 이슈,국가 AI 인프라/AIDC/GPU 정책,comp_domestic_public_infra,,,
119,자사 및 계열사 이슈,자사_및_계열사_이슈,카카오,"같은 호실적, 다른 전략…네이버는 투자·카카오는 효율",같은 호실적 다른 전략 네이버는 투자 카카오는 효율,메트로신문,메트로신문,"Mon, 13 Jul 2026 04:30:36 GMT","같은 호실적, 다른 전략…네이버는 투자·카카오는 효율 메트로신문",https://news.google.com/rss/articles/CBMiYEFVX3lxTE4zSXBlYlZxZFVpTDRtMGhUbGtMd1lWRDhITUxkUUgyTVlKZmFqRkxjV2JxUDktc25fOEpWUWFqNkZVSFNGbTZNNzNMUUdKZWxFZHlTSnpPekdUQzNCLUpUOQ?oc=5,google_rss_카카오 두나무 when:2d,239.8,60.0,"earnings,financial_performance,policy_legislation",financial_performance,"네이버,카카오",,,,,,,general,14.0,published_yesterday,direct_risk,event:네이버+카카오:financial_performance+policy_legislation,review_scheduled,Y,"industry_basis_pass:actor=True,change=True,bridge=True",3,naver_telco_strategy_or_infra,Y,naver,239.8,"policy_legislation,financial_performance",self:financial_performance,,,자사_및_계열사_이슈,SELF_DIRECT_RISK,self_direct_risk,self_direct_risk:같은 호실적 다른 전략 네이버는 투자 카카오는 효율,카카오 또는 계열사에 직접 발생한 외부 대응 필요 이슈,5,5,5,,,로컬 보조 라벨 / v26: 오늘 새 직접 사건·진전,local_low_confidence,DIRECT_RISK,,COMP_DOMESTIC_STRATEGY,domestic,,카카오 또는 계열사에 직접 발생한 외부 대응 필요 이슈,self_direct_risk:같은 호실적 다른 전략 네이버는 투자 카카오는 효율,self_direct_risk,,,
2096,경쟁사/해외이슈,경쟁사_해외이슈,네이버,티빙 개인정보 유출…KT·네이버·카카오 제휴 고객도 포함,티빙 개인정보 유출 kt 네이버 카카오 제휴 고객도 포함,네이트,네이트,"Tue, 14 Jul 2026 07:30:00 GMT",티빙 개인정보 유출…KT·네이버·카카오 제휴 고객도 포함 네이트,https://news.google.com/rss/articles/CBMiU0FVX3lxTE51alcxR1JFd3pHalhZRUVxOUJPeS0yenU1X1luTjR2dVNYeHpXZlY4VkNkNktTRF9xTHdjZ0hET2poN25PTmxQUm5WczZPTzBFcTJn?oc=5,google_rss_네이버 해킹 when:2d,235.0,44.0,"phishing_security,privacy_security_reliability",security_privacy_leak,"KT,네이버,카카오",,,,,,,general,24.0,published_today,direct_risk,privacy_security:tving:data_leak,general,Y,"industry_basis_pass:actor=True,change=True,bridge=True",3,naver_telco_strategy_or_infra,Y,naver,235.0,privacy_security_reliability,self:privacy_security,global_incident:platform_regulation:kakao:platform_regulation:general,global_incident:platform_regulation:kakao:platform_regulation,자사_및_계열사_이슈,SELF_DIRECT_RISK,self_privacy_security,global_incident:platform_regulation:kakao:platform_regulation,카카오 또는 계열사에 직접 발생한 외부 대응 필요 이슈,5,5,5,,,로컬 보조 라벨 / v26: 오늘 새 직접 사건·진전,local_low_confidence,DIRECT_RISK,,COMP_DOMESTIC_DIRECT_RISK,domestic,,카카오 또는 계열사에 직접 발생한 외부 대응 필요 이슈,global_incident:platform_regulation:kakao:platform_regulation,self_privacy_security,,,
2097,경쟁사/해외이슈,경쟁사_해외이슈,네이버,"티빙 개인정보 유출, 네이버·카카오·KT 연동 이용자도 피해 가능성 제기",티빙 개인정보 유출 네이버 카카오 kt 연동 이용자도 피해 가능성 제기,네이트,네이트,"Tue, 14 Jul 2026 05:18:00 GMT","티빙 개인정보 유출, 네이버·카카오·KT 연동 이용자도 피해 가능성 제기 네이트",https://news.google.com/rss/articles/CBMiU0FVX3lxTFBzM0IzN3B5OURKRGV6YVhwaHNjcXZqZDhGREgyOXVKVkhxMElUbHlESURmX0U1RzRuajZDUUI2OU1MVWl5d2M5a0x4aDF1UFJsLVNV?oc=5,google_rss_네이버 해킹 when:2d,235.0,44.0,"phishing_security,privacy_security_reliability",security_privacy_leak,"KT,네이버,카카오",,,,,,,general,24.0,published_today,direct_risk,privacy_security:tving:data_leak,general,Y,"industry_basis_pass:actor=True,change=True,bridge=True",3,naver_telco_strategy_or_infra,Y,naver,235.0,privacy_security_reliability,self:privacy_security,global_incident:platform_regulation:kakao:platform_regulation:general,global_incident:platform_regulation:kakao:platform_regulation,자사_및_계열사_이슈,SELF_DIRECT_RISK,self_privacy_security,global_incident:platform_regulation:kakao:platform_regulation,카카오 또는 계열사에 직접 발생한 외부 대응 필요 이슈,5,5,5,,,로컬 보조 라벨 / v26: 오늘 새 직접 사건·진전,local_low_confidence,DIRECT_RISK,,COMP_DOMESTIC_DIRECT_RISK,domestic,,카카오 또는 계열사에 직접 발생한 외부 대응 필요 이슈,global_incident:platform_regulation:kakao:platform_regulation,self_privacy_security,,,
2090,경쟁사/해외이슈,경쟁사_해외이슈,네이버,"티빙 개인정보 유출, 네이버·카카오·KT 연동 이용자도 피해 가능성 제기",티빙 개인정보 유출 네이버 카카오 kt 연동 이용자도 피해 가능성 제기,v.daum.net,v.daum.net,"Tue, 14 Jul 2026 05:17:48 GMT","티빙 개인정보 유출, 네이버·카카오·KT 연동 이용자도 피해 가능성 제기 v.daum.net",https://news.google.com/rss/articles/CBMiT0FVX3lxTE42RERZU0xCaWlZQW5ZSkg2Qy1xeTNOcE1XYjc0Umh0U3V6LUtHR01KeDNQVTdVNUxQdV9SbFh5aUwxLXZzQ0ExSjNFMnNwc0k?oc=5,google_rss_네이버 조사 when:2d,235.0,44.0,"phishing_security,privacy_security_reliability",security_privacy_leak,"KT,네이버,카카오",,,,,,,general,24.0,published_today,direct_risk,privacy_security:tving:data_leak,general,Y,"industry_basis_pass:actor=True,change=True,bridge=True",3,naver_telco_strategy_or_infra,Y,naver,235.0,privacy_security_reliability,self:privacy_security,global_incident:platform_regulation:kakao:platform_regulation:general,global_incident:platform_regulation:kakao:platform_regulation,자사_및_계열사_이슈,SELF_DIRECT_RISK,self_privacy_security,global_incident:platform_regulation:kakao:platform_regulation,카카오 또는 계열사에 직접 발생한 외부 대응 필요 이슈,5,5,5,,,로컬 보조 라벨 / v26: 오늘 새 직접 사건·진전,local_low_confidence,DIRECT_RISK,,COMP_DOMESTIC_DIRECT_RISK,domestic,,카카오 또는 계열사에 직접 발생한 외부 대응 필요 이슈,global_incident:platform_regulation:kakao:platform_regulation,self_privacy_security,,,
2932,경쟁사/해외이슈,경쟁사_해외이슈,오픈AI,"""챗GPT 반값에 이용하세요""…KT, 구독 상품 휴대폰 결제 시 할인",챗gpt 반값에 이용하세요 kt 구독 상품 휴대폰 결제 시 할인,디지털데일리,디지털데일리,"Mon, 13 Jul 2026 01:13:26 GMT","""챗GPT 반값에 이용하세요""…KT, 구독 상품 휴대폰 결제 시 할인 디지털데일리",https://news.google.com/rss/articles/CBMiYkFVX3lxTE1ubjR1QnJsT0NmdW9EUUlZaFVKb0E3NTJ6VEt6elRoR1loZHRsbmNxZkZ1TjRGWHhXeDdfUEZ2ekdPNk1wRGxtZ1g2dlVVa1poZFUtQjVZQll0YVVwWkdmOTBB?oc=5,google_rss_오픈AI site:ddaily.co.kr when:2d,230.0,1.5,"ai_infrastructure_security,self_pr_promo",ai_infrastructure_security,"KT,오픈AI",v43_weak_filler_or_distant_industry;low_value:할인,,,,,,general,14.0,published_yesterday,business_change,event:KT+오픈AI:ai_infrastructure_security,general,Y,"industry_basis_pass:actor=True,change=False,bridge=True",2,naver_telco_strategy_or_infra,Y,telco,230.0,ai_infrastructure_security,competitor:ai_strategy,,,경쟁사_해외이슈,GOV_AI_DIGITAL_POLICY,government_ai_core_policy,KT 금융 AX/AI 인프라 전략,카카오 AI agent/AI 서비스 전략과 연결되는 핵심 정책환경,4,4,5,,,v26.2: no central Korean public actor/action for Government section: no_public_actor_action_domain / v26.2: overseas structural industry candidate,local_low_confidence,,OFF_TOPIC,COMP_GENERAL_LOW_RELEVANCE,mixed,카카오 AI agent/AI 서비스 전략과 연결되는 핵심 정책환경,카카오 AI agent/AI 서비스 전략과 연결되는 핵심 정책환경,KT 금융 AX/AI 인프라 전략,government_ai_core_policy,,,
499,정부/국회,정부_국회,과학기술정보통신부,"[AI정책노트] 정부, ‘글로벌 AI 허브’ 협력 확대…“세계 난제 실마리, AI로 찾는다”",ai정책노트 정부 글로벌 ai 허브 협력 확대 세계 난제 실마리 ai로 찾는다,디지털데일리,디지털데일리,"Tue, 14 Jul 2026 06:10:40 GMT","[AI정책노트] 정부, ‘글로벌 AI 허브’ 협력 확대…“세계 난제 실마리, AI로 찾는다” 디지털데일리",https://news.google.com/rss/articles/CBMiYkFVX3lxTFAxM19PelZmRUVQd2I5cEpibzFUd19lYnBoS1FMZWNRWjRuU0g0ckYwSERYeFFyVklYc2IySC1UUzZzWk53T3NLN2ZURkg4NmZwYjRMTXJVTTJfR1BGcDJEVjFR?oc=5,google_rss_과학기술정보통신부 AI when:2d,229.6,47.0,"ai_infrastructure_security,policy_legislation",ai_infrastructure_security,,,,,,,,general,24.0,published_today,business_change,,general,,"insufficient_industry_basis:actor=False,change=True,bridge=False",1,global_platform_or_overseas_rule,Y,global,229.6,"policy_legislation,ai_infrastructure_security",government:tech_security_policy,,,정부_국회,GOV_AI_DIGITAL_POLICY,government_ai_core_policy,government_ai_core_policy:ai정책노트 정부 글로벌 ai 허브 협력 확대 세계 난제 실마리 ai로 찾는다,카카오 AI agent/AI 서비스 전략과 연결되는 핵심 정책환경,5,4,5,,,로컬 보조 라벨,local_low_confidence,,GOV_AI_CORE_POLICY,,other,카카오 AI agent/AI 서비스 전략과 연결되는 핵심 정책환경,,government_ai_core_policy:ai정책노트 정부 글로벌 ai 허브 협력 확대 세계 난제 실마리 ai로 찾는다,government_ai_core_policy,,,
2903,경쟁사/해외이슈,경쟁사_해외이슈,오픈AI,"[AI는 지금] ""1조 달러는 못 낮춰""…오픈AI, 앤트로픽 공세 속 IPO 전략 수정",ai는 지금 1조 달러는 못 낮춰 오픈ai 앤트로픽 공세 속 ipo 전략 수정,MSN,MSN,"Mon, 13 Jul 2026 20:24:01 GMT","[AI는 지금] ""1조 달러는 못 낮춰""…오픈AI, 앤트로픽 공세 속 IPO 전략 수정 MSN",https://news.google.com/rss/articles/CBMirwRBVV95cUxNTDhkYmc1R0FzMll6SDNRbHNhMGY0RThhRnBLQ3JrajlTc2w0c0lyNDV6cVdjZXpVZTlpWDgxMnNCeHpWRW9faDJGV2NKa1BBb3gzYkh0c0ZpQUZqNE9ySTdEMTE3ejZ4bFRuWE1vVjlrdUU0NDR3TGhySENINEpJU1NiNTdVMzRhYjhMUjZ2Z0JiVHhSajV3c3B6dzlBSHBmMXEtTlNwTG5FVWhXWXphUWpYSm10ckpPZFIyN1ZOVnEwNFdkMlZMWE9aSk1nd0Y1UlVtT09KWDdTcTU5RG1qTVpkRlA0dG9nRkJZWmU2bXNHdzdjN2RqVl9hRFlZYTlaMXRyT3l6ajEweVRZRVMxZmFKWU9QYzBtTWhvbG5PVzFQeHJJYU1QWW9ic2J1YjB6TkxTT2h1VEpIdDM4Nk9nVTdaVzdmb1FuYjJpa0hWcnN0STJpcGtzVTRkcVhVVjBOSG1UaFJoWXpIdDVMRHE2MjRRdWZLYVRWNkhJaTNOSTBReG5lbzEyUGhCYVhQRlVIQWQtMUMxeUFmU1JGTm90RDd0SUtOVExyWjhSTGN2YjdoTFZkU3I1UUdzd1kwOFJ3Q1MyNTNhRWRISi1OeU9OTGc4Um5ZUVNpb0tpcS1Nb1ZGdVUwT2xfOTlCUmJ1RUNyMmRxQjIyWnZSbFBIcXhERzFleEFqWDY4ODlTS3Z3Y0laQVlhY0hTdENZdzZCT0stelFxWEVibnBzVEFtbHZv?oc=5,google_rss_오픈AI AI when:2d,229.5,30.5,"ai_infrastructure_security,policy_legislation,strategy_mna_governance",ai_infrastructure_security,"앤트로픽,오픈AI",,,,,,,general,24.0,published_today,direct_risk,global_incident:ai_security_policy:openai:anthropic_glasswing_security,general,Y,"industry_basis_pass:actor=True,change=False,bridge=True",2,global_platform_or_overseas_rule,Y,global,229.5,"policy_legislation,strategy_mna_governance,ai_infrastructure_security",competitor:strategy_mna,global_incident:ai_security_policy:openai:anthropic_glasswing_security:general,global_incident:ai_security_policy:openai:anthropic_glasswing_security,경쟁사_해외이슈,COMPETITOR_AI_STRATEGY,comp_overseas_platform_ai,global_incident:ai_security_policy:openai:anthropic_glasswing_security,카카오가 경쟁사 전략·리스크·AI/플랫폼 대응을 비교 참고할 이슈,4,3,4,,,로컬 보조 라벨 / v26.2: overseas structural industry candidate,local_low_confidence,,,COMP_OVERSEAS_PLATFORM_AI,overseas,,카카오가 경쟁사 전략·리스크·AI/플랫폼 대응을 비교 참고할 이슈,global_incident:ai_security_policy:openai:anthropic_glasswing_security,comp_overseas_platform_ai,,,
2279,경쟁사/해외이슈,경쟁사_해외이슈,KT,"KT ""공공AI인프라 설계 나서""... 국가정보자원관리원 혁신 정보화전략계획(ISP) 사업 우선협상대상자 선정",kt 공공ai인프라 설계 나서 국가정보자원관리원 혁신 정보화전략계획 isp 사업 우선협상대상자 선정,매일산업뉴스,매일산업뉴스,"Tue, 14 Jul 2026 06:21:29 GMT","KT ""공공AI인프라 설계 나서""... 국가정보자원관리원 혁신 정보화전략계획(ISP) 사업 우선협상대상자 선정 매일산업뉴스",https://news.google.com/rss/articles/CBMiY0FVX3lxTFBJWTl5OFplSi0wVmNxQ2hBM3RCU1ZVdXZBLUtjQTRiUTZTSUlBc0htSEE5dVh5RzRaTjNYQjF3YXVhY2MyMTRtdXBvWEpVUTJOM3J6VjZKMUpzak1Zek5WV01kUQ?oc=5,google_rss_KT when:2d,229.0,32.0,"ai_infrastructure_security,government_ai,policy_legislation,strategy_mna_governance",ai_infrastructure_security,KT,,,,,,,general,24.0,published_today,business_change,event:KT:ai_infrastructure_security+government_ai,general,Y,"industry_basis_pass:actor=True,change=True,bridge=False",2,naver_telco_strategy_or_infra,Y,telco,229.0,"policy_legislation,strategy_mna_governance,ai_infrastructure_security",competitor:strategy_mna,,,경쟁사_해외이슈,COMPETITOR_PLATFORM_RISK,comp_domestic_public_infra,국가 AI 인프라/AIDC/GPU 정책,카카오가 경쟁사 전략·리스크·AI/플랫폼 대응을 비교 참고할 이슈,4,4,5,,,로컬 보조 라벨 / v26.2: overseas structural industry candidate,local_low_confidence,,,COMP_DOMESTIC_PUBLIC_INFRA,domestic,,카카오가 경쟁사 전략·리스크·AI/플랫폼 대응을 비교 참고할 이슈,국가 AI 인프라/AIDC/GPU 정책,comp_domestic_public_infra,,,
2284,경쟁사/해외이슈,경쟁사_해외이슈,KT,티빙 개인정보 유출 일파만파…KT 보상 고객 41만명도 포함,티빙 개인정보 유출 일파만파 kt 보상 고객 41만명도 포함,세종의소리,세종의소리,"Mon, 13 Jul 2026 22:27:01 GMT",티빙 개인정보 유출 일파만파…KT 보상 고객 41만명도 포함 세종의소리,https://news.google.com/rss/articles/CBMiZ0FVX3lxTE9TY1haU0RFb3d6dGNSMWJXVjBCbnRoNXdVdzgxUUpsQl81bjRlVHV1eWdtZll0dUdEVUhmNzd6NDZNVnJzTzRyckVSMDctc3dYTmY4eVRoaU05Nlh5enJvbUtFNktJTFk?oc=5,google_rss_KT when:2d,228.0,39.0,"phishing_security,privacy_security_reliability",security_privacy_leak,KT,,,,,,,general,24.0,published_today,direct_risk,privacy_security:tving:data_leak,general,Y,"industry_basis_pass:actor=True,change=False,bridge=True",2,naver_telco_strategy_or_infra,Y,telco,228.0,privacy_security_reliability,competitor:security_reliability,global_incident:platform_regulation:tving:platform_regulation:general,global_incident:platform_regulation:tving:platform_regulation,경쟁사_해외이슈,COMPETITOR_PLATFORM_RISK,comp_domestic_direct_risk,global_incident:platform_regulation:tving:platform_regulation,카카오가 경쟁사 전략·리스크·AI/플랫폼 대응을 비교 참고할 이슈,4,4,5,,,로컬 보조 라벨 / v26.2: overseas structural industry candidate,local_low_confidence,,,COMP_DOMESTIC_DIRECT_RISK,domestic,,카카오가 경쟁사 전략·리스크·AI/플랫폼 대응을 비교 참고할 이슈,global_incident:platform_regulation:tving:platform_regulation,comp_domestic_direct_risk,,,
815,정부/국회,정부_국회,공정거래위원회,"수술 후기인 줄 알았는데…공정위, 성형외과 '뒷광고' 제재",수술 후기인 줄 알았는데 공정위 성형외과 뒷광고 제재,MSN,MSN,"Mon, 13 Jul 2026 11:13:53 GMT","수술 후기인 줄 알았는데…공정위, 성형외과 '뒷광고' 제재 MSN",https://news.google.com/rss/articles/CBMi-wJBVV95cUxOaGRrbFZHQXJZdnJBQnJnS3c3d2Q2a0NtcXhXTjNMY0d5Ui01S1RZc3NLYW14WjJvSDJabjlhcGc5NDdES1d2ZTQyWS0xTEc5MUJ3RG1heFZmQWpfRk1PWGozbWlULVVUeFVwaG1YWVZnNnNvUzRJcTFib3pwUTlEWHFlb1FRNEpQUnhEWU1GRm9YS0dYVzl5NGY2czR6N3BrcG9Ud0w2Q2hwQ2I5SWlud3FsN0F5dkNRSmNVNGNOOEk0Y1pfQzJjZUVfUWd1T0laZk9SSVdyUGZQZGZhUzVmZVVRdnlNeEx1OXFXVU5SVnlaMHo4alZBWkd0S2g0UmVQbnoyem1aSms5eTA2Y0Y1WHp2NGNJdVh3ZzVqOVhZOThsWUhjVWZpZVF0X2gxcHB1OWZmak8xcmViTGI5SFZvOTRXaFVRME9OTURpRmtjSXViRFlOSzA0ODhkWUxyeXA1VHJzUlhmRF9qOTIzc0FGRHpQQnhNYWFMbmpz?oc=5,google_rss_공정거래위원회 조사 when:2d,224.6,135.5,"antitrust_platform,legal_regulatory_enforcement,search_ads",antitrust_general,공정위,,Y,,,,government:platform_obligation,platform_operator_obligation,14.0,published_yesterday,official_action,global_incident:platform_regulation:fair_trade_authority:platform_algorithm_ad_obligation,penalty_or_sanction,Y,"industry_basis_pass:actor=True,change=False,bridge=True",2,global_platform_or_overseas_rule,Y,global,224.6,"legal_regulatory_enforcement,policy_legislation",government:platform_obligation,global_incident:platform_regulation:fair_trade_authority:platform_algorithm_ad_obligation:sanction_penalty,global_incident:platform_regulation:fair_trade_authority:platform_algorithm_ad_obligation,경쟁사_해외이슈,COMPETITOR_PLATFORM_RISK,comp_overseas_regulation_data,global_incident:platform_regulation:fair_trade_authority:platform_algorithm_ad_obligation,카카오 플랫폼·AI·대관 대응 경로에 영향을 줄 수 있는 정책/감독 이슈,4,5,4,,,로컬 보조 라벨 / v26.2: overseas structural industry candidate,local_low_confidence,,GOV_REGULATORY_ENFORCEMENT,COMP_OVERSEAS_REGULATION_DATA,overseas,카카오 플랫폼·AI·대관 대응 경로에 영향을 줄 수 있는 정책/감독 이슈,카카오 플랫폼·AI·대관 대응 경로에 영향을 줄 수 있는 정책/감독 이슈,global_incident:platform_regulation:fair_trade_authority:platform_algorithm_ad_obligation,comp_overseas_regulation_data,,,
130,자사 및 계열사 이슈,자사_및_계열사_이슈,카카오,TPG의 롯데렌탈 인수 추진…카카오모빌리티와의 시너지 기대,tpg의 롯데렌탈 인수 추진 카카오모빌리티와의 시너지 기대,MSN,MSN,"Sun, 12 Jul 2026 17:35:05 GMT",TPG의 롯데렌탈 인수 추진…카카오모빌리티와의 시너지 기대 MSN,https://news.google.com/rss/articles/CBMitwRBVV95cUxQZ211N3NrR3o2QVdubjdvM3ZGMTlKLWxpSTV2Z3dPWDlIRnRlWm9HMUptSTBRRWlReHRqWGxrV2swbzR3T21JWDY4TXV3eXdFeExwNmhmLTJ1OThxS2FJSndOODE5aUdYdFZtV3hpTlhEY3BNclZRbXlhUi16Y2FoeTlMQkxBcE9fMko0dnV1dFJQTEZCaE45UnFRZnpCNjBIUkIzNTY0aEh2VkdkSkI1djlBQU5FdXo2WTY0MkJJaVMwamdNdnY0al9tbmxoaHVNOG4zR0RORGdvbFl6OUM0MVc2c0VUYnZYOU41cFF6X2syWjh3S2N4ZlV0S1F4VWR5VnRaa3BaQmV1eWVQUFBieFpUSWNzY1BTVEVqeTloWEJQMkNPazNrdXhFMTdrOEtzWmJldVlrM1RKOFJrQ1VINzctRVg5Z2UxdnhMOTFJeGNEcWgwdDRLbnJSSktoOFFNcXFPckx6MXhtVDJKWnBoaXl4ZTdDcmVlSzBpSW9Sa3NPeFlyWUFvX0ZFdnJobEdYOEdFZ2RlTU9NaGpMMk4wODFVQWp3ZDdYOHZ3YWJhT0dHeS1mQjFuX2pocU1TdVpxSFZoSTJ3NWxkMS1pMXRVcEN1b0RoN1B2NGQ0SFlvbmpXN3QyN2lDc2dFelJxaC1VVU5WUFdaaDFEZnRQWGhkTkM2NUJMX0JZWXYwc3pmMUNYNkZibFBlcWhsV3Z6XzU4LTFTZkc3QkgxTlJpS3FPS1lpVmJNVnc?oc=5,google_rss_카카오 매각 when:2d,222.8,87.0,"mobility_sale_ipo,strategy_mna_governance",mobility_sale_ipo,"카카오,카카오모빌리티",,,Y,must_review:self_strict:strategy_mna:strategy_mna_governance,,,direct_self_risk,14.0,published_yesterday,direct_risk,global_incident:mna_capital:kakao:mna_capital,general,Y,"industry_basis_pass:actor=True,change=True,bridge=True",3,global_platform_or_overseas_rule,Y,global,222.8,strategy_mna_governance,self:strategy_mna,global_incident:mna_capital:kakao:mna_capital:announcement,global_incident:mna_capital:kakao:mna_capital,자사_및_계열사_이슈,SELF_DIRECT_RISK,self_governance_mna,global_incident:mna_capital:kakao:mna_capital,카카오 또는 계열사에 직접 발생한 외부 대응 필요 이슈,5,5,5,,,로컬 보조 라벨 / v26: 오늘 새 직접 사건·진전,local_low_confidence,DIRECT_RISK,,COMP_GENERAL_LOW_RELEVANCE,overseas,,카카오 또는 계열사에 직접 발생한 외부 대응 필요 이슈,global_incident:mna_capital:kakao:mna_capital,self_governance_mna,,,
147,자사 및 계열사 이슈,자사_및_계열사_이슈,카카오,네이버는 사람 뽑고 카카오는 떠났다…AI 투자에도 엇갈린 인력 전략,네이버는 사람 뽑고 카카오는 떠났다 ai 투자에도 엇갈린 인력 전략,네이트,네이트,"Mon, 13 Jul 2026 08:44:09 GMT",네이버는 사람 뽑고 카카오는 떠났다…AI 투자에도 엇갈린 인력 전략 네이트,https://news.google.com/rss/articles/CBMiU0FVX3lxTE5wVzhpM0U2aTFfcDh0WFpOTUhQMHdMYTdERk02bHVrZldSZEljZHNmWFVuWmMyZnNsYTVIb3hMdkh1LUI0eUVCeUZXaC0wZ1pKbk1z?oc=5,google_rss_카카오 AI when:2d,221.8,39.0,"ai_infrastructure_security,policy_legislation",ai_infrastructure_security,"네이버,카카오",,,,,,,general,14.0,published_yesterday,business_change,event:네이버+카카오:ai_infrastructure_security+policy_legislation,review_scheduled,Y,"industry_basis_pass:actor=True,change=True,bridge=True",3,naver_telco_strategy_or_infra,Y,naver,221.8,"policy_legislation,ai_infrastructure_security",self:ai_strategy,,,자사_및_계열사_이슈,SELF_AFFILIATE_BUSINESS,self_strategic_reference,self_strategic_reference:네이버는 사람 뽑고 카카오는 떠났다 ai 투자에도 엇갈린 인력 전략,"카카오·계열사의 사업 확장, 제휴, MOU, 신규 서비스 참고 이슈",4,3,4,,,v40: 직접 리스크는 아니지만 자사 사업 확장·제휴성 이슈로 2순위 반영,local_low_confidence,STRATEGIC_REFERENCE,,COMP_DOMESTIC_AI_PLATFORM,domestic,,카카오 현직자가 사업 방향과 외부 질의 가능성을 참고할 실질 변화,self_strategic_reference:네이버는 사람 뽑고 카카오는 떠났다 ai 투자에도 엇갈린 인력 전략,self_strategic_reference,,,
80,자사 및 계열사 이슈,자사_및_계열사_이슈,카카오,네이버는 사람 뽑고 카카오는 떠났다…AI 투자에도 엇갈린 인력 전략,네이버는 사람 뽑고 카카오는 떠났다 ai 투자에도 엇갈린 인력 전략,v.daum.net,v.daum.net,"Mon, 13 Jul 2026 08:44:04 GMT",네이버는 사람 뽑고 카카오는 떠났다…AI 투자에도 엇갈린 인력 전략 v.daum.net,https://news.google.com/rss/articles/CBMiRkFVX3lxTE5ZZWREaTcyY0hrbU90QVVQSXlMc3hGbWNoaUtEbnMySkRCblVqUGxlV3lrRjJYSGZhVnJhcmI2Z2xqdU5pNHc?oc=5,google_rss_카카오 when:2d,221.8,39.0,"ai_infrastructure_security,policy_legislation",ai_infrastructure_security,"네이버,카카오",,,,,,,general,14.0,published_yesterday,business_change,event:네이버+카카오:ai_infrastructure_security+policy_legislation,review_scheduled,Y,"industry_basis_pass:actor=True,change=True,bridge=True",3,naver_telco_strategy_or_infra,Y,naver,221.8,"policy_legislation,ai_infrastructure_security",self:ai_strategy,,,자사_및_계열사_이슈,SELF_AFFILIATE_BUSINESS,self_strategic_reference,self_strategic_reference:네이버는 사람 뽑고 카카오는 떠났다 ai 투자에도 엇갈린 인력 전략,"카카오·계열사의 사업 확장, 제휴, MOU, 신규 서비스 참고 이슈",4,3,4,,,v40: 직접 리스크는 아니지만 자사 사업 확장·제휴성 이슈로 2순위 반영,local_low_confidence,STRATEGIC_REFERENCE,,COMP_DOMESTIC_AI_PLATFORM,domestic,,카카오 현직자가 사업 방향과 외부 질의 가능성을 참고할 실질 변화,self_strategic_reference:네이버는 사람 뽑고 카카오는 떠났다 ai 투자에도 엇갈린 인력 전략,self_strategic_reference,,,
150,자사 및 계열사 이슈,자사_및_계열사_이슈,카카오,네이버는 사람 뽑고 카카오는 떠났다…AI 투자에도 엇갈린 인력 전략,네이버는 사람 뽑고 카카오는 떠났다 ai 투자에도 엇갈린 인력 전략,이투데이,이투데이,"Mon, 13 Jul 2026 08:43:00 GMT",네이버는 사람 뽑고 카카오는 떠났다…AI 투자에도 엇갈린 인력 전략 이투데이,https://news.google.com/rss/articles/CBMibkFVX3lxTE9Lc1dLUU1BajlPTzJEZDU2SEZOSjlHZFh1enB3Wm84dTZDYXA3VEpvV1liclRSemdrZFJSYWJYUHhEeWJZelVfSWtqdVkyd0NmX2EyRFJXVGhBMXlka0ItcjFLM2ZZVFEyUTJXMS1R?oc=5,google_rss_카카오 AI when:2d,221.8,39.0,"ai_infrastructure_security,policy_legislation",ai_infrastructure_security,"네이버,카카오",,,,,,,general,14.0,published_yesterday,business_change,event:네이버+카카오:ai_infrastructure_security+policy_legislation,review_scheduled,Y,"industry_basis_pass:actor=True,change=True,bridge=True",3,naver_telco_strategy_or_infra,Y,naver,221.8,"policy_legislation,ai_infrastructure_security",self:ai_strategy,,,자사_및_계열사_이슈,SELF_AFFILIATE_BUSINESS,self_strategic_reference,self_strategic_reference:네이버는 사람 뽑고 카카오는 떠났다 ai 투자에도 엇갈린 인력 전략,"카카오·계열사의 사업 확장, 제휴, MOU, 신규 서비스 참고 이슈",4,3,4,,,v40: 직접 리스크는 아니지만 자사 사업 확장·제휴성 이슈로 2순위 반영,local_low_confidence,STRATEGIC_REFERENCE,,COMP_DOMESTIC_AI_PLATFORM,domestic,,카카오 현직자가 사업 방향과 외부 질의 가능성을 참고할 실질 변화,self_strategic_reference:네이버는 사람 뽑고 카카오는 떠났다 ai 투자에도 엇갈린 인력 전략,self_strategic_reference,,,
2694,경쟁사/해외이슈,경쟁사_해외이슈,구글,"구글, AI 데이터센터 탄소배출 줄인다… 태양광 활용키로",구글 ai 데이터센터 탄소배출 줄인다 태양광 활용키로,IT조선,IT조선,"Tue, 14 Jul 2026 06:28:52 GMT","구글, AI 데이터센터 탄소배출 줄인다… 태양광 활용키로 IT조선",https://news.google.com/rss/articles/CBMicEFVX3lxTE9oUTFUbEo5LVVwTUpkY3otRUxJZ29lUlozVnByLUphTHVDTXg1X1VxVlNDUlhWbG1aMkg5eFduUmZkeEdfb1A3NEhVYm1tb29ZVG1jU3l1dTNCNlpHVEdlakJjWmJNaGJxR2xBLUZjQi3SAXRBVV95cUxNUkp3ZFpFZU1lc3FpaWNhUlVxZTZVcmZDcTBBZS1rdG1ETzZQc3U2TFc0bHdITzhRbEJHejNJNS13a3VXVW0waHV6aXoxTFV0NlZ0dllBQ2gzTXhkdjdkb3M2cldINzBRamI0NkdCM2ZWR0pxVQ?oc=5,google_rss_구글 when:2d,221.5,23.5,"ai_infrastructure_security,aidc_datacenter",aidc_general,구글,,,,,,,general,24.0,published_today,business_change,event:구글:ai_infrastructure_security+aidc_datacenter,general,Y,"industry_basis_pass:actor=True,change=False,bridge=True",2,global_platform_or_overseas_rule,Y,global,221.5,ai_infrastructure_security,competitor:ai_strategy,,,경쟁사_해외이슈,COMPETITOR_PLATFORM_RISK,comp_overseas_regulation_data,국가 AI 인프라/AIDC/GPU 정책,카카오가 경쟁사 전략·리스크·AI/플랫폼 대응을 비교 참고할 이슈,4,3,4,,,로컬 보조 라벨 / v26.2: overseas structural industry candidate,local_low_confidence,,,COMP_OVERSEAS_REGULATION_DATA,overseas,,카카오가 경쟁사 전략·리스크·AI/플랫폼 대응을 비교 참고할 이슈,국가 AI 인프라/AIDC/GPU 정책,comp_overseas_regulation_data,,,
2299,경쟁사/해외이슈,경쟁사_해외이슈,KT,"KT, 공공 AI 인프라 설계…정보관리원 사업 우선협상대상자 선정",kt 공공 ai 인프라 설계 정보관리원 사업 우선협상대상자 선정,노컷뉴스,노컷뉴스,"Tue, 14 Jul 2026 02:41:00 GMT","KT, 공공 AI 인프라 설계…정보관리원 사업 우선협상대상자 선정 노컷뉴스",https://news.google.com/rss/articles/CBMiUkFVX3lxTE1OY0otbldYTVMzU0VaRTh6a1JjSE1sdzJubWlka0MzXzk3eHRmdXZpVXF5ZmNFellkemZYQjJWRVlld0xrQUt1T1lRUUNMM21LYVE?oc=5,google_rss_KT when:2d,221.0,25.0,"ai_infrastructure_security,government_ai,strategy_mna_governance",ai_infrastructure_security,KT,,,,,,,general,24.0,published_today,business_change,event:KT:ai_infrastructure_security+government_ai,general,Y,"industry_basis_pass:actor=True,change=True,bridge=False",2,naver_telco_strategy_or_infra,Y,telco,221.0,"strategy_mna_governance,ai_infrastructure_security",competitor:strategy_mna,,,경쟁사_해외이슈,COMPETITOR_PLATFORM_RISK,comp_domestic_public_infra,국가 AI 인프라/AIDC/GPU 정책,카카오가 경쟁사 전략·리스크·AI/플랫폼 대응을 비교 참고할 이슈,4,4,5,,,로컬 보조 라벨 / v26.2: overseas structural industry candidate,local_low_confidence,,,COMP_DOMESTIC_PUBLIC_INFRA,domestic,,카카오가 경쟁사 전략·리스크·AI/플랫폼 대응을 비교 참고할 이슈,국가 AI 인프라/AIDC/GPU 정책,comp_domestic_public_infra,,,
2972,경쟁사/해외이슈,경쟁사_해외이슈,메타,"메타, 루이지애나 AI데이터센터 5GW로 확대…투자 500억불 돌파",메타 루이지애나 ai데이터센터 5gw로 확대 투자 500억불 돌파,뉴스1,뉴스1,"Tue, 14 Jul 2026 01:12:25 GMT","메타, 루이지애나 AI데이터센터 5GW로 확대…투자 500억불 돌파 뉴스1",https://news.google.com/rss/articles/CBMiZ0FVX3lxTE5NTzhJYm1pMk9LMkFpYjFxVGF6UUREZ0FpTS00a01SeHdoZjBBN1FSQWlXU3VxVkZqc2RESW1LVHJsVlk1ZFNjUlZvdi14bWliTHV2eHBSTFpCZ29fbnN5X0g0dC1ONkU?oc=5,google_rss_메타 when:2d,221.0,21.0,"ai_infrastructure_security,aidc_datacenter",aidc_general,메타,,,,,,,general,24.0,published_today,business_change,event:메타:ai_infrastructure_security+aidc_datacenter,general,Y,"industry_basis_pass:actor=True,change=True,bridge=True",3,global_platform_or_overseas_rule,Y,global,221.0,ai_infrastructure_security,competitor:ai_strategy,,,경쟁사_해외이슈,COMPETITOR_PLATFORM_RISK,comp_overseas_regulation_data,국가 AI 인프라/AIDC/GPU 정책,카카오가 경쟁사 전략·리스크·AI/플랫폼 대응을 비교 참고할 이슈,4,3,4,,,로컬 보조 라벨 / v26.2: overseas structural industry candidate,local_low_confidence,,,COMP_OVERSEAS_REGULATION_DATA,overseas,,카카오가 경쟁사 전략·리스크·AI/플랫폼 대응을 비교 참고할 이슈,국가 AI 인프라/AIDC/GPU 정책,comp_overseas_regulation_data,,,
2973,경쟁사/해외이슈,경쟁사_해외이슈,메타,"[AI 고속도로] 메타, 美루이지애나 AI 데이터센터 5GW로 확대…500억 달러 투입",ai 고속도로 메타 루이지애나 ai 데이터센터 5gw로 확대 500억 달러 투입,지디넷코리아,지디넷코리아,"Tue, 14 Jul 2026 00:07:31 GMT","[AI 고속도로] 메타, 美루이지애나 AI 데이터센터 5GW로 확대…500억 달러 투입 지디넷코리아",https://news.google.com/rss/articles/CBMiVkFVX3lxTE9pSUpvN3lYcXhBUHI2WThab2tPc3k4RHlTSUpoeDV4YkVxY05RRWNKSHJNTzRoU2NLSURJZlVEMU05QzFpT002ZW9JZUc1MzhUMmIxTHNR?oc=5,google_rss_메타 when:2d,221.0,21.0,"ai_infrastructure_security,aidc_datacenter",aidc_general,메타,,,,,,,general,24.0,published_today,business_change,event:메타:ai_infrastructure_security+aidc_datacenter,general,Y,"industry_basis_pass:actor=True,change=True,bridge=True",3,global_platform_or_overseas_rule,Y,global,221.0,ai_infrastructure_security,competitor:ai_strategy,,,경쟁사_해외이슈,COMPETITOR_PLATFORM_RISK,comp_overseas_regulation_data,국가 AI 인프라/AIDC/GPU 정책,카카오가 경쟁사 전략·리스크·AI/플랫폼 대응을 비교 참고할 이슈,4,3,4,,,로컬 보조 라벨 / v26.2: overseas structural industry candidate,local_low_confidence,,,COMP_OVERSEAS_REGULATION_DATA,overseas,,카카오가 경쟁사 전략·리스크·AI/플랫폼 대응을 비교 참고할 이슈,국가 AI 인프라/AIDC/GPU 정책,comp_overseas_regulation_data,,,
2025,경쟁사/해외이슈,경쟁사_해외이슈,네이버,티빙 ‘역대 4위’ 정보 유출… 네이버·통신사 연동 회원도 포함,티빙 역대 4위 정보 유출 네이버 통신사 연동 회원도 포함,매일일보,매일일보,"Tue, 14 Jul 2026 07:31:29 GMT",티빙 ‘역대 4위’ 정보 유출… 네이버·통신사 연동 회원도 포함 매일일보,https://news.google.com/rss/articles/CBMiZEFVX3lxTFBOSmVzMVlIZFlneXE4Y2J3V1BSejcxWTl6Y2Z1OXNyOTB0Vl9UbEZ1a1RhREtEWVlaTGZOR1p3THlDRWdtc1lPOWQ5ODczdndDSFk2RWMwcllQcURmcWROS29icGE?oc=5,"google_rss_""네이버"" when:2d",219.5,31.5,privacy_security_reliability,privacy_security_reliability,네이버,,,,,,,general,24.0,published_today,direct_risk,privacy_security:tving:data_leak,general,Y,"industry_basis_pass:actor=True,change=True,bridge=True",3,naver_telco_strategy_or_infra,Y,naver,219.5,privacy_security_reliability,competitor:security_reliability,global_incident:privacy_security:naver:tving:data_leak:general,global_incident:privacy_security:naver:tving,경쟁사_해외이슈,COMPETITOR_PLATFORM_RISK,comp_domestic_direct_risk,global_incident:privacy_security:naver:tving,카카오가 경쟁사 전략·리스크·AI/플랫폼 대응을 비교 참고할 이슈,4,4,5,,,로컬 보조 라벨 / v26.2: overseas structural industry candidate,local_low_confidence,,,COMP_DOMESTIC_DIRECT_RISK,domestic,,카카오가 경쟁사 전략·리스크·AI/플랫폼 대응을 비교 참고할 이슈,global_incident:privacy_security:naver:tving,comp_domestic_direct_risk,,,
2966,경쟁사/해외이슈,경쟁사_해외이슈,메타,"메타, '하이페리온' 5GW로 확장…세계 최대 AI 데이터센터 구축",메타 하이페리온 5gw로 확장 세계 최대 ai 데이터센터 구축,AI타임스,AI타임스,"Tue, 14 Jul 2026 04:49:39 GMT","메타, '하이페리온' 5GW로 확장…세계 최대 AI 데이터센터 구축 AI타임스",https://news.google.com/rss/articles/CBMiakFVX3lxTE9yMzE3TG12azdOS1ZHMmZEUmQzQTRWVTdPaHFRb1RDc2dOOU1UOWhmc1BjcTFqSUZTcnZSQ2d0aHRTbFJIRTVUeG5Ec1lXcl9OdTJFTnJuaDFWcHB1X29mYy1OWlN4QmcwS3c?oc=5,google_rss_메타 when:2d,219.0,21.0,"ai_infrastructure_security,aidc_datacenter",aidc_general,메타,,,,,,,general,24.0,published_today,business_change,event:메타:ai_infrastructure_security+aidc_datacenter,general,Y,"industry_basis_pass:actor=True,change=True,bridge=True",3,global_platform_or_overseas_rule,Y,global,219.0,ai_infrastructure_security,competitor:ai_strategy,,,경쟁사_해외이슈,COMPETITOR_PLATFORM_RISK,comp_overseas_regulation_data,국가 AI 인프라/AIDC/GPU 정책,카카오가 경쟁사 전략·리스크·AI/플랫폼 대응을 비교 참고할 이슈,4,3,4,,,로컬 보조 라벨 / v26.2: overseas structural industry candidate,local_low_confidence,,,COMP_OVERSEAS_REGULATION_DATA,overseas,,카카오가 경쟁사 전략·리스크·AI/플랫폼 대응을 비교 참고할 이슈,국가 AI 인프라/AIDC/GPU 정책,comp_overseas_regulation_data,,,
3000,경쟁사/해외이슈,경쟁사_해외이슈,메타,"[숏폼] 투자 축소 기우였나 메타, AI 데이터센터 확대",숏폼 투자 축소 기우였나 메타 ai 데이터센터 확대,SBS Biz,SBS Biz,"Tue, 14 Jul 2026 01:23:00 GMT","[숏폼] 투자 축소 기우였나 메타, AI 데이터센터 확대 SBS Biz",https://news.google.com/rss/articles/CBMiU0FVX3lxTE9CNWtmclVKN0ZSakJ5d0c4N3hWM1h5UzVEeDNNZjU0bmFTQUYyRWd0anl2YjB5R1RUbE9fdzhHaWVPR1hUYUNyRWdvWHZXY0pfR3VV0gFYQVVfeXFMTUw1aTZtdk9BVU5SSzA5ZkgxNzZ6dTJoQUs0ZERpaFlYd0hFVjNLR2J1NlVvMDZUY0VhRzVNR0dveUpWQlppMFMxazFJOTRmU2RIZTZVVHRuXw?oc=5,google_rss_메타 when:2d,219.0,21.0,"ai_infrastructure_security,aidc_datacenter",aidc_general,메타,,,,,,,general,24.0,published_today,business_change,event:메타:ai_infrastructure_security+aidc_datacenter,general,Y,"industry_basis_pass:actor=True,change=True,bridge=True",3,global_platform_or_overseas_rule,Y,global,219.0,ai_infrastructure_security,competitor:ai_strategy,,,경쟁사_해외이슈,COMPETITOR_PLATFORM_RISK,comp_overseas_regulation_data,국가 AI 인프라/AIDC/GPU 정책,카카오가 경쟁사 전략·리스크·AI/플랫폼 대응을 비교 참고할 이슈,4,3,4,,,로컬 보조 라벨 / v26.2: overseas structural industry candidate,local_low_confidence,,,COMP_OVERSEAS_REGULATION_DATA,overseas,,카카오가 경쟁사 전략·리스크·AI/플랫폼 대응을 비교 참고할 이슈,국가 AI 인프라/AIDC/GPU 정책,comp_overseas_regulation_data,,,
2293,경쟁사/해외이슈,경쟁사_해외이슈,KT,"KT, 국정자원 ISP 우선협상자 선정…""공공 AI 인프라 혁신""",kt 국정자원 isp 우선협상자 선정 공공 ai 인프라 혁신,v.daum.net,v.daum.net,"Tue, 14 Jul 2026 01:23:27 GMT","KT, 국정자원 ISP 우선협상자 선정…""공공 AI 인프라 혁신"" v.daum.net",https://news.google.com/rss/articles/CBMiRkFVX3lxTE5MbzlCSV9mMkRqRVVBZTY1c05nTXEwUTNuNElLRWYwcHk1VTRZMTdZaXVYOEJIeFNVZFptVWY4cnU0TXV0N3c?oc=5,google_rss_KT when:2d,217.0,25.0,"ai_infrastructure_security,government_ai,strategy_mna_governance",ai_infrastructure_security,KT,,,,,,,general,24.0,published_today,business_change,event:KT:ai_infrastructure_security+government_ai,general,Y,"industry_basis_pass:actor=True,change=True,bridge=False",2,naver_telco_strategy_or_infra,Y,telco,217.0,"strategy_mna_governance,ai_infrastructure_security",competitor:strategy_mna,,,경쟁사_해외이슈,SELF_AFFILIATE_BUSINESS,self_filler_reference,국가 AI 인프라/AIDC/GPU 정책,카카오가 경쟁사 전략·리스크·AI/플랫폼 대응을 비교 참고할 이슈,4,2,5,,,v26: 카카오 직접 주체가 없어 자사 섹션 제외/재분류 / v26.2: overseas structural industry candidate,local_low_confidence,OFF_TOPIC,,COMP_DOMESTIC_PUBLIC_INFRA,domestic,,카카오가 경쟁사 전략·리스크·AI/플랫폼 대응을 비교 참고할 이슈,국가 AI 인프라/AIDC/GPU 정책,self_filler_reference,,,
2303,경쟁사/해외이슈,경쟁사_해외이슈,KT,"KT, '국가정보자원관리원 혁신 ISP' 우선협상자 선정 … 공공 AI 인프라 설계 착수",kt 국가정보자원관리원 혁신 isp 우선협상자 선정 공공 ai 인프라 설계 착수,뉴데일리,뉴데일리,"Tue, 14 Jul 2026 01:03:35 GMT","KT, '국가정보자원관리원 혁신 ISP' 우선협상자 선정 … 공공 AI 인프라 설계 착수 뉴데일리",https://news.google.com/rss/articles/CBMigAFBVV95cUxQOWQ3dTFUc25YSTRJVWF3eHVkTVZvY1ZDSTZJQ3dPV3h5eW9pMHhReEtSZFcwaHRpaXpiVWlNbi1JTjd2MDFiZEV4ZkdMdnh0ZlVLTi1fZTlIZXY5dTA3TkJnLUJZbjd6cXBuNEtzSENvSkluSzhhRGJ6LUtKeFZZQtIBgAFBVV95cUxQOWQ3dTFUc25YSTRJVWF3eHVkTVZvY1ZDSTZJQ3dPV3h5eW9pMHhReEtSZFcwaHRpaXpiVWlNbi1JTjd2MDFiZEV4ZkdMdnh0ZlVLTi1fZTlIZXY5dTA3TkJnLUJZbjd6cXBuNEtzSENvSkluSzhhRGJ6LUtKeFZZQg?oc=5,google_rss_KT when:2d,217.0,25.0,"ai_infrastructure_security,government_ai,strategy_mna_governance",ai_infrastructure_security,KT,,,,,,,general,24.0,published_today,business_change,event:KT:ai_infrastructure_security+government_ai,general,Y,"industry_basis_pass:actor=True,change=True,bridge=False",2,naver_telco_strategy_or_infra,Y,telco,217.0,"strategy_mna_governance,ai_infrastructure_security",competitor:strategy_mna,,,경쟁사_해외이슈,COMPETITOR_PLATFORM_RISK,comp_domestic_public_infra,국가 AI 인프라/AIDC/GPU 정책,카카오가 경쟁사 전략·리스크·AI/플랫폼 대응을 비교 참고할 이슈,4,4,5,,,로컬 보조 라벨 / v26.2: overseas structural industry candidate,local_low_confidence,,,COMP_DOMESTIC_PUBLIC_INFRA,domestic,,카카오가 경쟁사 전략·리스크·AI/플랫폼 대응을 비교 참고할 이슈,국가 AI 인프라/AIDC/GPU 정책,comp_domestic_public_infra,,,
3009,경쟁사/해외이슈,경쟁사_해외이슈,메타,"메타, 美 루이지애나 AI 데이터센터 5GW로 확장…투자액 500억달러 돌파",메타 루이지애나 ai 데이터센터 5gw로 확장 투자액 500억달러 돌파,네이트,네이트,"Tue, 14 Jul 2026 01:05:11 GMT","메타, 美 루이지애나 AI 데이터센터 5GW로 확장…투자액 500억달러 돌파 네이트",https://news.google.com/rss/articles/CBMiU0FVX3lxTE8yeGhycjhyVFpwV05scVBYZDJkYVREZGd3by1VLVBtNUgtRXhkNHRjWngyVmU1dXlVWkdDR3ZGdF96SFQyUlI2MHoxS2MzUUlvSmJZ?oc=5,google_rss_메타 when:2d,217.0,21.0,"ai_infrastructure_security,aidc_datacenter",aidc_general,메타,,,,,,,general,24.0,published_today,business_change,event:메타:ai_infrastructure_security+aidc_datacenter,general,Y,"industry_basis_pass:actor=True,change=True,bridge=True",3,global_platform_or_overseas_rule,Y,global,217.0,ai_infrastructure_security,competitor:ai_strategy,,,경쟁사_해외이슈,COMPETITOR_PLATFORM_RISK,comp_overseas_regulation_data,국가 AI 인프라/AIDC/GPU 정책,카카오가 경쟁사 전략·리스크·AI/플랫폼 대응을 비교 참고할 이슈,4,3,4,,,로컬 보조 라벨 / v26.2: overseas structural industry candidate,local_low_confidence,,,COMP_OVERSEAS_REGULATION_DATA,overseas,,카카오가 경쟁사 전략·리스크·AI/플랫폼 대응을 비교 참고할 이슈,국가 AI 인프라/AIDC/GPU 정책,comp_overseas_regulation_data,,,
2999,경쟁사/해외이슈,경쟁사_해외이슈,메타,"메타, 美 루이지애나 AI 데이터센터 5GW로 확장…투자액 500억달러 돌파",메타 루이지애나 ai 데이터센터 5gw로 확장 투자액 500억달러 돌파,디지털투데이,디지털투데이,"Tue, 14 Jul 2026 01:05:00 GMT","메타, 美 루이지애나 AI 데이터센터 5GW로 확장…투자액 500억달러 돌파 디지털투데이",https://news.google.com/rss/articles/CBMic0FVX3lxTE9DdmtwTTJscmJoM3VYbGstMFJ6UkxMc0NJNjFuRzZjaGVGeVFSeXNmS1p5RGRDUXBHeEV5cTQyVTFMQUdfd2o1Z2hQSEhrOU56NXNscHYzYlpMU0NiTjgxSUtzSVRoTlN5b29SMlAzMTcxMjg?oc=5,google_rss_메타 when:2d,217.0,21.0,"ai_infrastructure_security,aidc_datacenter",aidc_general,메타,,,,,,,general,24.0,published_today,business_change,event:메타:ai_infrastructure_security+aidc_datacenter,general,Y,"industry_basis_pass:actor=True,change=True,bridge=True",3,global_platform_or_overseas_rule,Y,global,217.0,ai_infrastructure_security,competitor:ai_strategy,,,경쟁사_해외이슈,COMPETITOR_PLATFORM_RISK,comp_overseas_regulation_data,국가 AI 인프라/AIDC/GPU 정책,카카오가 경쟁사 전략·리스크·AI/플랫폼 대응을 비교 참고할 이슈,4,3,4,,,로컬 보조 라벨 / v26.2: overseas structural industry candidate,local_low_confidence,,,COMP_OVERSEAS_REGULATION_DATA,overseas,,카카오가 경쟁사 전략·리스크·AI/플랫폼 대응을 비교 참고할 이슈,국가 AI 인프라/AIDC/GPU 정책,comp_overseas_regulation_data,,,
3051,경쟁사/해외이슈,경쟁사_해외이슈,메타,"[AI 고속도로] 메타, 美루이지애나 AI 데이터센터 5GW로 확대…500억 달러 투입",ai 고속도로 메타 루이지애나 ai 데이터센터 5gw로 확대 500억 달러 투입,v.daum.net,v.daum.net,"Tue, 14 Jul 2026 00:09:52 GMT","[AI 고속도로] 메타, 美루이지애나 AI 데이터센터 5GW로 확대…500억 달러 투입 v.daum.net",https://news.google.com/rss/articles/CBMiT0FVX3lxTE9FX29HYjVTSkRjTm5LdzkzdnZkNmRjeGZyTmNMdW5CU01OMV9XaWhpNWZNQm0xZE5xUEZUeE5NV3ZSNVVwZ05KOHVDTTJDVkE?oc=5,"google_rss_""메타"" when:2d",217.0,21.0,"ai_infrastructure_security,aidc_datacenter",aidc_general,메타,,,,,,,general,24.0,published_today,business_change,event:메타:ai_infrastructure_security+aidc_datacenter,general,Y,"industry_basis_pass:actor=True,change=True,bridge=True",3,global_platform_or_overseas_rule,Y,global,217.0,ai_infrastructure_security,competitor:ai_strategy,,,경쟁사_해외이슈,SELF_AFFILIATE_BUSINESS,self_filler_reference,국가 AI 인프라/AIDC/GPU 정책,카카오가 경쟁사 전략·리스크·AI/플랫폼 대응을 비교 참고할 이슈,4,2,4,,,v26: 카카오 직접 주체가 없어 자사 섹션 제외/재분류 / v26.2: overseas structural industry candidate,local_low_confidence,OFF_TOPIC,,COMP_OVERSEAS_REGULATION_DATA,overseas,,카카오가 경쟁사 전략·리스크·AI/플랫폼 대응을 비교 참고할 이슈,국가 AI 인프라/AIDC/GPU 정책,self_filler_reference,,,
3060,경쟁사/해외이슈,경쟁사_해외이슈,메타,"메타, 루이지애나 AI 데이터센터 5GW로 확대…500억 달러 규모 투자 : 글로벌",메타 루이지애나 ai 데이터센터 5gw로 확대 500억 달러 규모 투자 글로벌,재경일보,재경일보,"Mon, 13 Jul 2026 22:01:00 GMT","메타, 루이지애나 AI 데이터센터 5GW로 확대…500억 달러 규모 투자 : 글로벌 재경일보",https://news.google.com/rss/articles/CBMiSkFVX3lxTE8wODN2a0RmTzd5VUZHOXhwWUpVVlBLQkpaUE5rMHRibG5ROGczRFV3UmlvdGRHVk5HWXBnbk8xMV9ZSGh3aUFUYU5n?oc=5,google_rss_메타 AI when:2d,217.0,21.0,"ai_infrastructure_security,aidc_datacenter",aidc_general,메타,,,,,,,general,24.0,published_today,business_change,event:메타:ai_infrastructure_security+aidc_datacenter,general,Y,"industry_basis_pass:actor=True,change=True,bridge=True",3,global_platform_or_overseas_rule,Y,global,217.0,ai_infrastructure_security,competitor:ai_strategy,,,경쟁사_해외이슈,COMPETITOR_PLATFORM_RISK,comp_overseas_regulation_data,국가 AI 인프라/AIDC/GPU 정책,카카오가 경쟁사 전략·리스크·AI/플랫폼 대응을 비교 참고할 이슈,4,3,4,,,로컬 보조 라벨 / v26.2: overseas structural industry candidate,local_low_confidence,,,COMP_OVERSEAS_REGULATION_DATA,overseas,,카카오가 경쟁사 전략·리스크·AI/플랫폼 대응을 비교 참고할 이슈,국가 AI 인프라/AIDC/GPU 정책,comp_overseas_regulation_data,,,
2990,경쟁사/해외이슈,경쟁사_해외이슈,메타,"전문가 ""메타·xAI, 엔비디아 AI 독점 해자 더 단단하게 만들었다""",전문가 메타 xai 엔비디아 ai 독점 해자 더 단단하게 만들었다,Benzinga,Benzinga,"Tue, 14 Jul 2026 03:59:09 GMT","전문가 ""메타·xAI, 엔비디아 AI 독점 해자 더 단단하게 만들었다"" Benzinga",https://news.google.com/rss/articles/CBMi0AJBVV95cUxQOUQ2cG5sWFRmQlU2cFM1Y3QwYUV0S0JfdjFUSWNlNFlKZnIyOV9XQWdpNXJBbXRXUWNtdVVyVjRWdzgzNWRLOUo0OC1IWFU1RklYQ3dtVE4wOE5aVWJlWFhzaEl1Ql9VQ2JTNmJOdG0yWHpDeFAxemp0VEhyb25zS2tfVGtHSTE1OXhxbUVCeEFLeGdIN0VDZGtIaGpjdGpMa2VpN01QYlRUbDhPY3l1LXJBOUF3ZGhraHN6NnR0bHRxSGt3c1BNZUI1dWFJN0Y1aTBTck5Ra3VpZW9tb1pqX0JpdF95NFgwVmZWS25ORXlFbWtITzkwUF9xTExEZGdjZUhTU2V2WWJqa3p0ZDZOdnYyWXFWSDFPTDZ5NUVpQWpFNGg5LUxlaHZ6dHdBbGF3QVJ1M2p2dUE5MzZWdHdBMFVDWDlNa1A3N2hkbkRHanA?oc=5,google_rss_메타 when:2d,216.0,18.0,"ai_infrastructure_security,market_power_platform",ai_infrastructure_security,메타,,,,,,,general,24.0,published_today,business_change,event:메타:ai_infrastructure_security+market_power_platform,general,Y,"industry_basis_pass:actor=True,change=False,bridge=True",2,global_platform_or_overseas_rule,Y,global,216.0,"market_power_platform,ai_infrastructure_security",competitor:regulatory_enforcement,,,경쟁사_해외이슈,COMPETITOR_AI_STRATEGY,comp_overseas_platform_ai,comp_overseas_platform_ai:전문가 메타 xai 엔비디아 ai 독점 해자 더 단단하게 만들었다,카카오가 경쟁사 전략·리스크·AI/플랫폼 대응을 비교 참고할 이슈,4,3,4,,,로컬 보조 라벨 / v26.2: overseas structural industry candidate,local_low_confidence,,,COMP_OVERSEAS_PLATFORM_AI,overseas,,카카오가 경쟁사 전략·리스크·AI/플랫폼 대응을 비교 참고할 이슈,comp_overseas_platform_ai:전문가 메타 xai 엔비디아 ai 독점 해자 더 단단하게 만들었다,comp_overseas_platform_ai,,,
397,정부/국회,정부_국회,과학기술정보통신부,"정부, 60여개국 외교단에 ‘글로벌 AI 허브’ 협력 제안",정부 60여개국 외교단에 글로벌 ai 허브 협력 제안,edaily.co.kr,이데일리,"Tue, 14 Jul 2026 07:19:34 GMT","정부, 60여개국 외교단에 ‘글로벌 AI 허브’ 협력 제안 edaily.co.kr",https://news.google.com/rss/articles/CBMigAFBVV95cUxPSWdON0RrdG5BZHhjNHl3WHJpTVIzOTdkdGVXUGJLWTBOQ3lTeUFSQXpJUDYtVXZwMUY4V2dWTkY4djJmdnFCRmw0ejRVY2s3VHBLZUVKU2F0c25mcjNRS0ZwM1FQMjhZU3pza3hOZ1lRVEVGQnRfOUV4Y1VlLU9hTQ?oc=5,google_rss_과학기술정보통신부 when:2d,215.6,40.0,ai_infrastructure_security,ai_infrastructure_security,,,,,,,,general,24.0,published_today,business_change,,general,,"insufficient_industry_basis:actor=False,change=False,bridge=False",0,global_platform_or_overseas_rule,Y,global,215.6,ai_infrastructure_security,government:tech_security_policy,,,정부_국회,GOV_AI_DIGITAL_POLICY,government_ai_core_policy,government_ai_core_policy:정부 60여개국 외교단에 글로벌 ai 허브 협력 제안,카카오 AI agent/AI 서비스 전략과 연결되는 핵심 정책환경,5,4,5,,,로컬 보조 라벨,local_low_confidence,,GOV_AI_CORE_POLICY,,other,카카오 AI agent/AI 서비스 전략과 연결되는 핵심 정책환경,,government_ai_core_policy:정부 60여개국 외교단에 글로벌 ai 허브 협력 제안,government_ai_core_policy,,,
2981,경쟁사/해외이슈,경쟁사_해외이슈,메타,"투자 축소 기우였나...메타, AI 데이터센터 확대",투자 축소 기우였나 메타 ai 데이터센터 확대,v.daum.net,v.daum.net,"Mon, 13 Jul 2026 19:24:01 GMT","투자 축소 기우였나...메타, AI 데이터센터 확대 v.daum.net",https://news.google.com/rss/articles/CBMiT0FVX3lxTE5Id3pfVkxZUzJHS3NSbkd0U1YtZVotbkVEenEwcmFPbW84NklLenhMS2p6eU5ZemJoSmZJZUhSZWNONnlYOVJZQXlfeHNIQjg?oc=5,google_rss_메타 when:2d,215.0,21.0,"ai_infrastructure_security,aidc_datacenter",aidc_general,메타,,,,,,,general,24.0,published_today,business_change,event:메타:ai_infrastructure_security+aidc_datacenter,general,Y,"industry_basis_pass:actor=True,change=True,bridge=True",3,global_platform_or_overseas_rule,Y,global,215.0,ai_infrastructure_security,competitor:ai_strategy,,,경쟁사_해외이슈,SELF_AFFILIATE_BUSINESS,self_filler_reference,국가 AI 인프라/AIDC/GPU 정책,카카오가 경쟁사 전략·리스크·AI/플랫폼 대응을 비교 참고할 이슈,4,2,4,,,v26: 카카오 직접 주체가 없어 자사 섹션 제외/재분류 / v26.2: overseas structural industry candidate,local_low_confidence,OFF_TOPIC,,COMP_OVERSEAS_REGULATION_DATA,overseas,,카카오가 경쟁사 전략·리스크·AI/플랫폼 대응을 비교 참고할 이슈,국가 AI 인프라/AIDC/GPU 정책,self_filler_reference,,,
2721,경쟁사/해외이슈,경쟁사_해외이슈,구글,"구글·MS·세일즈포스, 앤트로픽 MCP 겨냥한 AI 에이전트 프로토콜 연합",구글 ms 세일즈포스 앤트로픽 mcp 겨냥한 ai 에이전트 프로토콜 연합,AI 매터스,AI 매터스,"Tue, 14 Jul 2026 02:57:21 GMT","구글·MS·세일즈포스, 앤트로픽 MCP 겨냥한 AI 에이전트 프로토콜 연합 AI 매터스",https://news.google.com/rss/articles/CBMiVEFVX3lxTE81LUFlNjA5Q00wSzZkZVp0Mkg5dlQzTzJ5MFVUY0tHSktBanBxUkJsaXZiTWJMMWdINXFpalcyS3ZudXFyM290WHl4aUpBWHl3eXRhbg?oc=5,google_rss_구글 when:2d,214.5,16.5,"ai_agent,ai_infrastructure_security",ai_infrastructure_security,"구글,앤트로픽",,,,,,,general,24.0,published_today,business_change,global_incident:ai_security_policy:google:anthropic_glasswing_security,general,Y,"industry_basis_pass:actor=True,change=False,bridge=True",2,global_platform_or_overseas_rule,Y,global,214.5,ai_infrastructure_security,competitor:ai_strategy,global_incident:ai_security_policy:google:anthropic_glasswing_security:general,global_incident:ai_security_policy:google:anthropic_glasswing_security,경쟁사_해외이슈,COMPETITOR_AI_STRATEGY,comp_overseas_platform_ai,global_incident:ai_security_policy:google:anthropic_glasswing_security,카카오가 경쟁사 전략·리스크·AI/플랫폼 대응을 비교 참고할 이슈,4,3,4,,,로컬 보조 라벨 / v26.2: overseas structural industry candidate,local_low_confidence,,,COMP_OVERSEAS_PLATFORM_AI,overseas,,카카오가 경쟁사 전략·리스크·AI/플랫폼 대응을 비교 참고할 이슈,global_incident:ai_security_policy:google:anthropic_glasswing_security,comp_overseas_platform_ai,,,
2219,경쟁사/해외이슈,경쟁사_해외이슈,SKT,SKT·KT ‘AI 고속도로’ 핵심 AI-RAN 구축 사업 착수…“피지컬AI 실증”,skt kt ai 고속도로 핵심 ai ran 구축 사업 착수 피지컬ai 실증,서울경제,서울경제,"Tue, 14 Jul 2026 06:00:00 GMT",SKT·KT ‘AI 고속도로’ 핵심 AI-RAN 구축 사업 착수…“피지컬AI 실증” 서울경제,https://news.google.com/rss/articles/CBMiUkFVX3lxTE9FWHFwWU5kaGJVbmhxWDRYRXhkWU1TX1JaNXo3eDFkclN5bzJzZ1NOSkhtdmFLZEJabDVoNmNfb3l5aFExZjRmdElXMjNHNmQ1UEHSAVNBVV95cUxOMlpoNll4RUQwV1Fhc015MWtJeHVldHM0WlBNUWJ5UVpRaFJYSjRwNGhzNU5FOERWMVBZd1dMWTZTaHYxOHpBQk4yNng2OTRrV2lZcw?oc=5,google_rss_SKT when:2d,214.0,18.0,"ai_infrastructure_security,aidc_datacenter",aidc_general,"KT,SKT",,,,,,,general,24.0,published_today,business_change,event:KT+SKT:ai_infrastructure_security+aidc_datacenter,general,Y,"industry_basis_pass:actor=True,change=True,bridge=False",2,naver_telco_strategy_or_infra,Y,telco,214.0,ai_infrastructure_security,competitor:ai_strategy,,,경쟁사_해외이슈,COMPETITOR_AI_STRATEGY,comp_domestic_ai_platform,KT 금융 AX/AI 인프라 전략,카카오가 경쟁사 전략·리스크·AI/플랫폼 대응을 비교 참고할 이슈,4,4,5,,,로컬 보조 라벨 / v26.2: overseas structural industry candidate,local_low_confidence,,,COMP_DOMESTIC_AI_PLATFORM,domestic,,카카오가 경쟁사 전략·리스크·AI/플랫폼 대응을 비교 참고할 이슈,KT 금융 AX/AI 인프라 전략,comp_domestic_ai_platform,,,
2855,경쟁사/해외이슈,경쟁사_해외이슈,오픈AI,오픈AI·앤트로픽 상장 임박…'AI 신흥 갑부'들의 자선 계획에 업계 들썩,오픈ai 앤트로픽 상장 임박 ai 신흥 갑부 들의 자선 계획에 업계 들썩,AI타임스,AI타임스,"Mon, 13 Jul 2026 07:06:49 GMT",오픈AI·앤트로픽 상장 임박…'AI 신흥 갑부'들의 자선 계획에 업계 들썩 AI타임스,https://news.google.com/rss/articles/CBMiakFVX3lxTE9MQW5FMGtwcjZqWnpFMWNlcWltYzQ1aVVMNGFiT0FyVTBNR0FVR3U1VDRteE91QTVycnRteGx0YkEzaU9xU29LNUpZalpQeFJUQkxPUHN0UW80Q3FSNlZIblpnRF9pVHQ1LUE?oc=5,google_rss_오픈AI when:2d,212.0,23.5,"ai_infrastructure_security,strategy_mna_governance",ai_infrastructure_security,"앤트로픽,오픈AI",,,,,,,general,14.0,published_yesterday,direct_risk,global_incident:ai_security_policy:openai:anthropic_glasswing_security,general,Y,"industry_basis_pass:actor=True,change=False,bridge=True",2,global_platform_or_overseas_rule,Y,global,212.0,"strategy_mna_governance,ai_infrastructure_security",competitor:strategy_mna,global_incident:ai_security_policy:openai:anthropic_glasswing_security:general,global_incident:ai_security_policy:openai:anthropic_glasswing_security,경쟁사_해외이슈,COMPETITOR_AI_STRATEGY,comp_overseas_platform_ai,global_incident:ai_security_policy:openai:anthropic_glasswing_security,카카오가 경쟁사 전략·리스크·AI/플랫폼 대응을 비교 참고할 이슈,4,3,4,,,로컬 보조 라벨 / v26.2: overseas structural industry candidate,local_low_confidence,,,COMP_OVERSEAS_PLATFORM_AI,overseas,,카카오가 경쟁사 전략·리스크·AI/플랫폼 대응을 비교 참고할 이슈,global_incident:ai_security_policy:openai:anthropic_glasswing_security,comp_overseas_platform_ai,,,
2950,경쟁사/해외이슈,경쟁사_해외이슈,MS,MS·아마존·구글 탄소배출 급증…AI 데이터센터 확장의 그늘,ms 아마존 구글 탄소배출 급증 ai 데이터센터 확장의 그늘,v.daum.net,v.daum.net,"Mon, 13 Jul 2026 05:19:49 GMT",MS·아마존·구글 탄소배출 급증…AI 데이터센터 확장의 그늘 v.daum.net,https://news.google.com/rss/articles/CBMiRkFVX3lxTE9RVS00VC1Va1YwcXJrb2lMb2FHcG1GaHY3YUltVGRadm00bVpHRmhSUXJPNE5wTTBsM19oNDl5T0h6UmJpaHc?oc=5,google_rss_MS when:2d,212.0,23.5,"ai_infrastructure_security,aidc_datacenter",aidc_general,구글,,,,,,,general,14.0,published_yesterday,business_change,event:구글:ai_infrastructure_security+aidc_datacenter,general,Y,"industry_basis_pass:actor=True,change=False,bridge=True",2,global_platform_or_overseas_rule,Y,global,212.0,ai_infrastructure_security,competitor:ai_strategy,,,경쟁사_해외이슈,SELF_AFFILIATE_BUSINESS,self_filler_reference,국가 AI 인프라/AIDC/GPU 정책,카카오가 경쟁사 전략·리스크·AI/플랫폼 대응을 비교 참고할 이슈,4,2,4,,,v26: 카카오 직접 주체가 없어 자사 섹션 제외/재분류 / v26.2: overseas structural industry candidate,local_low_confidence,OFF_TOPIC,,COMP_OVERSEAS_REGULATION_DATA,overseas,,카카오가 경쟁사 전략·리스크·AI/플랫폼 대응을 비교 참고할 이슈,국가 AI 인프라/AIDC/GPU 정책,self_filler_reference,,,
2883,경쟁사/해외이슈,경쟁사_해외이슈,오픈AI,"챗봇 넘어 ‘AI 슈퍼앱’으로…오픈AI·앤트로픽·MS, 업무 플랫폼 격돌",챗봇 넘어 ai 슈퍼앱으로 오픈ai 앤트로픽 ms 업무 플랫폼 격돌,이코리아,이코리아,"Mon, 13 Jul 2026 08:10:27 GMT","챗봇 넘어 ‘AI 슈퍼앱’으로…오픈AI·앤트로픽·MS, 업무 플랫폼 격돌 이코리아",https://news.google.com/rss/articles/CBMib0FVX3lxTE1UT21ycUpybEphTlp4aHRPTHNlR0RTRHZuOHpSSEl0blpRRkpkRUhQRHhvUHh2WTF3MlRYbmc3MDY4S2I1N0FHeElKdU5CYTF1dS1jajQwZVA2WWxac2t6T1hqVlpUMVNBMm80dEpzVQ?oc=5,google_rss_오픈AI when:2d,212.0,20.5,"ai_infrastructure_security,market_power_platform",ai_infrastructure_security,"앤트로픽,오픈AI",,,,,,,general,14.0,published_yesterday,business_change,global_incident:platform_regulation:openai:platform_regulation,general,Y,"industry_basis_pass:actor=True,change=False,bridge=True",2,global_platform_or_overseas_rule,Y,global,212.0,"market_power_platform,ai_infrastructure_security",competitor:regulatory_enforcement,global_incident:platform_regulation:openai:platform_regulation:general,global_incident:platform_regulation:openai:platform_regulation,경쟁사_해외이슈,COMPETITOR_AI_STRATEGY,comp_overseas_platform_ai,global_incident:platform_regulation:openai:platform_regulation,카카오가 경쟁사 전략·리스크·AI/플랫폼 대응을 비교 참고할 이슈,4,3,4,,,로컬 보조 라벨 / v26.2: overseas structural industry candidate,local_low_confidence,,,COMP_OVERSEAS_PLATFORM_AI,overseas,,카카오가 경쟁사 전략·리스크·AI/플랫폼 대응을 비교 참고할 이슈,global_incident:platform_regulation:openai:platform_regulation,comp_overseas_platform_ai,,,
2203,경쟁사/해외이슈,경쟁사_해외이슈,SKT,"SKT, 'AI-RAN 선도망' 구축 사업 착수…AI 고속도로 속도 낸다",skt ai ran 선도망 구축 사업 착수 ai 고속도로 속도 낸다,파이낸셜뉴스,파이낸셜뉴스,"Tue, 14 Jul 2026 06:27:20 GMT","SKT, 'AI-RAN 선도망' 구축 사업 착수…AI 고속도로 속도 낸다 파이낸셜뉴스",https://news.google.com/rss/articles/CBMiWkFVX3lxTE84Q1ItRDg4alRZUVd3ckhMclAzd3pOdlBZZW1rYk1xTm4yXzRLdE9FT2tSTEVJN0o2ZlZSNmhwekgyb3ZwNDdRQ214S2hkdFdqVEwzaTQzazZQZw?oc=5,google_rss_SKT when:2d,212.0,18.0,"ai_infrastructure_security,aidc_datacenter",aidc_general,SKT,,,,,,,general,24.0,published_today,business_change,event:SKT:ai_infrastructure_security+aidc_datacenter,general,Y,"industry_basis_pass:actor=True,change=True,bridge=False",2,naver_telco_strategy_or_infra,Y,telco,212.0,ai_infrastructure_security,competitor:ai_strategy,,,경쟁사_해외이슈,COMPETITOR_PLATFORM_RISK,comp_domestic_public_infra,KT 금융 AX/AI 인프라 전략,카카오가 경쟁사 전략·리스크·AI/플랫폼 대응을 비교 참고할 이슈,4,4,5,,,로컬 보조 라벨 / v26.2: overseas structural industry candidate,local_low_confidence,,,COMP_DOMESTIC_PUBLIC_INFRA,domestic,,카카오가 경쟁사 전략·리스크·AI/플랫폼 대응을 비교 참고할 이슈,KT 금융 AX/AI 인프라 전략,comp_domestic_public_infra,,,
70,자사 및 계열사 이슈,자사_및_계열사_이슈,카카오,"정부, 연내 무료 범용AI 출시...네이버, 카카오, SKT 등 참여 검토",정부 연내 무료 범용ai 출시 네이버 카카오 skt 등 참여 검토,디일렉,디일렉,"Mon, 13 Jul 2026 10:01:15 GMT","정부, 연내 무료 범용AI 출시...네이버, 카카오, SKT 등 참여 검토 디일렉",https://news.google.com/rss/articles/CBMiZkFVX3lxTE9sV3lQcG1YV1ZrWnFOdExRNUxzMERYMFRpNi1jamtaV2JxSnBWMlYyd2lkQ21kLTYzZXUyV3ZKRmdoZEFwVHJoS242OEdydFd6UUY2eUNKM0JMeGdrSXU0Ui1XeERDdw?oc=5,google_rss_카카오 when:2d,211.8,32.0,ai_infrastructure_security,ai_infrastructure_security,"SKT,네이버,카카오",,,,,,,general,14.0,published_yesterday,business_change,event:SKT+네이버:ai_infrastructure_security,consultation,Y,"industry_basis_pass:actor=True,change=True,bridge=True",3,naver_telco_strategy_or_infra,Y,naver,211.8,ai_infrastructure_security,self:ai_strategy,,,자사_및_계열사_이슈,SELF_AFFILIATE_BUSINESS,self_strategic_reference,KT 금융 AX/AI 인프라 전략,"카카오·계열사의 사업 확장, 제휴, MOU, 신규 서비스 참고 이슈",4,3,4,,,v40: 직접 리스크는 아니지만 자사 사업 확장·제휴성 이슈로 2순위 반영,local_low_confidence,STRATEGIC_REFERENCE,,COMP_DOMESTIC_PUBLIC_INFRA,domestic,,카카오 현직자가 사업 방향과 외부 질의 가능성을 참고할 실질 변화,KT 금융 AX/AI 인프라 전략,self_strategic_reference,,,
1984,경쟁사/해외이슈,경쟁사_해외이슈,네이버,"""광고 카페 퇴출"" 칼 빼든 네이버…AI탭 신뢰도 높이기 총력",광고 카페 퇴출 칼 빼든 네이버 ai탭 신뢰도 높이기 총력,edaily.co.kr,이데일리,"Tue, 14 Jul 2026 07:01:42 GMT","""광고 카페 퇴출"" 칼 빼든 네이버…AI탭 신뢰도 높이기 총력 edaily.co.kr",https://news.google.com/rss/articles/CBMigAFBVV95cUxOTlVockpEM1RxUXJ6aEVkU0Y4RWxUNFBLMnpWUk5Sck9ra0RqOXZRamJlekkxMWdFMDFUYXdNNlF3QkV4eFRiQm01TVhhSHRYUGUtXzQxU01SV1R5VURHNUpSVFhXWFoxNWNxVXJ6SWFSWWtoT0NkbEQ4QWRMSlpiVg?oc=5,google_rss_네이버 when:2d,211.5,19.5,"ai_agent,ai_infrastructure_security,search_ads",ai_infrastructure_security,네이버,,,,,,,general,24.0,published_today,business_change,event:네이버:ai_infrastructure_security,general,Y,"industry_basis_pass:actor=True,change=False,bridge=True",2,naver_telco_strategy_or_infra,Y,naver,211.5,ai_infrastructure_security,competitor:ai_strategy,,,경쟁사_해외이슈,COMPETITOR_AI_STRATEGY,comp_domestic_ai_platform,comp_domestic_ai_platform:광고 카페 퇴출 칼 빼든 네이버 ai탭 신뢰도 높이기 총력,카카오가 경쟁사 전략·리스크·AI/플랫폼 대응을 비교 참고할 이슈,4,4,5,,,로컬 보조 라벨 / v26.2: overseas structural industry candidate,local_low_confidence,,,COMP_DOMESTIC_AI_PLATFORM,domestic,,카카오가 경쟁사 전략·리스크·AI/플랫폼 대응을 비교 참고할 이슈,comp_domestic_ai_platform:광고 카페 퇴출 칼 빼든 네이버 ai탭 신뢰도 높이기 총력,comp_domestic_ai_platform,,,
2341,경쟁사/해외이슈,경쟁사_해외이슈,LGU+,"LGU+, 보안도 경영 전략으로…정보보호 거버넌스 강화",lgu+ 보안도 경영 전략으로 정보보호 거버넌스 강화,딜사이트,딜사이트,"Sun, 12 Jul 2026 23:44:04 GMT","LGU+, 보안도 경영 전략으로…정보보호 거버넌스 강화 딜사이트",https://news.google.com/rss/articles/CBMiT0FVX3lxTE9YdXo1c2hCSzhNdE5aMmRsR2kyMXdNejhJTzhIbnVWMXJVUHFHYUVQRkszbmVZbGtFeW1tSlltN3Y4VUF0UHVYRFNoRU5ZOGs?oc=5,google_rss_LGU+ when:2d,209.5,25.0,"phishing_security,policy_legislation,privacy_security_reliability",security_general,LGU+,,,,,,,general,14.0,published_yesterday,direct_risk,event:LGU+:phishing_security+policy_legislation,general,Y,"industry_basis_pass:actor=True,change=False,bridge=True",2,naver_telco_strategy_or_infra,Y,telco,209.5,"privacy_security_reliability,policy_legislation",competitor:security_reliability,,,경쟁사_해외이슈,COMPETITOR_AI_STRATEGY,comp_domestic_strategy,comp_domestic_strategy:lgu+ 보안도 경영 전략으로 정보보호 거버넌스 강화,카카오가 경쟁사 전략·리스크·AI/플랫폼 대응을 비교 참고할 이슈,4,4,5,,,로컬 보조 라벨 / v26.2: overseas structural industry candidate,local_low_confidence,,,COMP_DOMESTIC_STRATEGY,domestic,,카카오가 경쟁사 전략·리스크·AI/플랫폼 대응을 비교 참고할 이슈,comp_domestic_strategy:lgu+ 보안도 경영 전략으로 정보보호 거버넌스 강화,comp_domestic_strategy,,,
2211,경쟁사/해외이슈,경쟁사_해외이슈,SKT,"'AI 고속도로' 구축 시동… SKT·KT, 차세대 네트워크 검증 나선다",ai 고속도로 구축 시동 skt kt 차세대 네트워크 검증 나선다,비즈트리뷴,비즈트리뷴,"Tue, 14 Jul 2026 06:12:01 GMT","'AI 고속도로' 구축 시동… SKT·KT, 차세대 네트워크 검증 나선다 비즈트리뷴",https://news.google.com/rss/articles/CBMicEFVX3lxTE15OElHZmt6cmxzaTAzS2lrT0NfNUNlbmZiSlVaWkd4alN0UWFqU1RaWWJrNy04QnE0TGtMZUcybGVWRGhxbzJaR0Y3UmpTeXRaOU0zLU8waFN1REw2MGhIWXJfdVJtYnE1aW9LVUIwRkQ?oc=5,google_rss_SKT when:2d,209.0,18.0,"ai_infrastructure_security,aidc_datacenter",aidc_general,"KT,SKT",,,,,,,general,24.0,published_today,business_change,event:KT+SKT:ai_infrastructure_security+aidc_datacenter,general,Y,"industry_basis_pass:actor=True,change=True,bridge=False",2,naver_telco_strategy_or_infra,Y,telco,209.0,ai_infrastructure_security,competitor:ai_strategy,,,경쟁사_해외이슈,COMPETITOR_AI_STRATEGY,comp_domestic_ai_platform,KT 금융 AX/AI 인프라 전략,카카오가 경쟁사 전략·리스크·AI/플랫폼 대응을 비교 참고할 이슈,4,4,5,,,로컬 보조 라벨 / v26.2: overseas structural industry candidate,local_low_confidence,,,COMP_DOMESTIC_AI_PLATFORM,domestic,,카카오가 경쟁사 전략·리스크·AI/플랫폼 대응을 비교 참고할 이슈,KT 금융 AX/AI 인프라 전략,comp_domestic_ai_platform,,,
2241,경쟁사/해외이슈,경쟁사_해외이슈,SKT,"SKT·KT 'AI 고속도로' 핵심 AI-RAN 구축 사업 착수…""피지컬AI 실증""",skt kt ai 고속도로 핵심 ai ran 구축 사업 착수 피지컬ai 실증,네이트,네이트,"Tue, 14 Jul 2026 06:01:13 GMT","SKT·KT 'AI 고속도로' 핵심 AI-RAN 구축 사업 착수…""피지컬AI 실증"" 네이트",https://news.google.com/rss/articles/CBMiU0FVX3lxTE1Nb1hLNElJOXkxR1BmMUFyZGhTU2RrWV9hUldibno2T09lNVVHdmVpNk9DV1V2aW9CZ1YyWXVUM3hlaTNrOXIteGhQMnFPbHhZQWVn?oc=5,google_rss_SKT when:2d,209.0,18.0,"ai_infrastructure_security,aidc_datacenter",aidc_general,"KT,SKT",,,,,,,general,24.0,published_today,business_change,event:KT+SKT:ai_infrastructure_security+aidc_datacenter,general,Y,"industry_basis_pass:actor=True,change=True,bridge=False",2,naver_telco_strategy_or_infra,Y,telco,209.0,ai_infrastructure_security,competitor:ai_strategy,,,경쟁사_해외이슈,COMPETITOR_AI_STRATEGY,comp_domestic_ai_platform,KT 금융 AX/AI 인프라 전략,카카오가 경쟁사 전략·리스크·AI/플랫폼 대응을 비교 참고할 이슈,4,4,5,,,로컬 보조 라벨 / v26.2: overseas structural industry candidate,local_low_confidence,,,COMP_DOMESTIC_AI_PLATFORM,domestic,,카카오가 경쟁사 전략·리스크·AI/플랫폼 대응을 비교 참고할 이슈,KT 금융 AX/AI 인프라 전략,comp_domestic_ai_platform,,,
2173,경쟁사/해외이슈,경쟁사_해외이슈,SKT,"SKT, ‘AI 고속도로’의 핵심 ‘AI-RAN 선도망’ 구축 사업 착수",skt ai 고속도로의 핵심 ai ran 선도망 구축 사업 착수,브릿지경제,브릿지경제,"Tue, 14 Jul 2026 06:01:00 GMT","SKT, ‘AI 고속도로’의 핵심 ‘AI-RAN 선도망’ 구축 사업 착수 브릿지경제",https://news.google.com/rss/articles/CBMiWkFVX3lxTFBMcUpySmVFVEhIX2w3aXZUdDJoNmZ5LVcwZVFvWURzenRPd0NEOW1DUmlNdDdMbERERUZudmFIU0JMT1I4Y0szb2pBN1BidlBrZ2RuRlBHbGdsQQ?oc=5,google_rss_SKT when:2d,209.0,18.0,"ai_infrastructure_security,aidc_datacenter",aidc_general,SKT,,,,,,,general,24.0,published_today,business_change,event:SKT:ai_infrastructure_security+aidc_datacenter,general,Y,"industry_basis_pass:actor=True,change=True,bridge=False",2,naver_telco_strategy_or_infra,Y,telco,209.0,ai_infrastructure_security,competitor:ai_strategy,,,경쟁사_해외이슈,COMPETITOR_PLATFORM_RISK,comp_domestic_public_infra,KT 금융 AX/AI 인프라 전략,카카오가 경쟁사 전략·리스크·AI/플랫폼 대응을 비교 참고할 이슈,4,4,5,,,로컬 보조 라벨 / v26.2: overseas structural industry candidate,local_low_confidence,,,COMP_DOMESTIC_PUBLIC_INFRA,domestic,,카카오가 경쟁사 전략·리스크·AI/플랫폼 대응을 비교 참고할 이슈,KT 금융 AX/AI 인프라 전략,comp_domestic_public_infra,,,
2232,경쟁사/해외이슈,경쟁사_해외이슈,SKT,"SKT, 'AI-RAN 선도망' 실증 사업 진행…'AI 고속도로' 기반 구축",skt ai ran 선도망 실증 사업 진행 ai 고속도로 기반 구축,신아일보,신아일보,"Tue, 14 Jul 2026 06:00:00 GMT","SKT, 'AI-RAN 선도망' 실증 사업 진행…'AI 고속도로' 기반 구축 신아일보",https://news.google.com/rss/articles/CBMicEFVX3lxTE5fR2hkdkRkWDFvY3labm1uX2pxSmVma0pOX2phbE9ud0wzNE5NVVRQd0VPdWFQeG5aRkdJaW5VeEZ1YTFxQVJrekc4bXEzVnZ4TGtGQVZESjF6cXE0My02VTRxNUMtYjZNSHIxTHdrOUU?oc=5,google_rss_SKT when:2d,209.0,18.0,"ai_infrastructure_security,aidc_datacenter",aidc_general,SKT,,,,,,,general,24.0,published_today,business_change,event:SKT:ai_infrastructure_security+aidc_datacenter,general,Y,"industry_basis_pass:actor=True,change=True,bridge=False",2,naver_telco_strategy_or_infra,Y,telco,209.0,ai_infrastructure_security,competitor:ai_strategy,,,경쟁사_해외이슈,COMPETITOR_PLATFORM_RISK,comp_domestic_public_infra,KT 금융 AX/AI 인프라 전략,카카오가 경쟁사 전략·리스크·AI/플랫폼 대응을 비교 참고할 이슈,4,4,5,,,로컬 보조 라벨 / v26.2: overseas structural industry candidate,local_low_confidence,,,COMP_DOMESTIC_PUBLIC_INFRA,domestic,,카카오가 경쟁사 전략·리스크·AI/플랫폼 대응을 비교 참고할 이슈,KT 금융 AX/AI 인프라 전략,comp_domestic_public_infra,,,
2268,경쟁사/해외이슈,경쟁사_해외이슈,KT,"KT, 국가 공공 AI 인프라 설계 기업으로 선정",kt 국가 공공 ai 인프라 설계 기업으로 선정,중소기업신문,중소기업신문,"Tue, 14 Jul 2026 04:33:03 GMT","KT, 국가 공공 AI 인프라 설계 기업으로 선정 중소기업신문",https://news.google.com/rss/articles/CBMibkFVX3lxTE1uSW5ad1MwR2hORUdlYWo3dkUyV0ZBV3hTY1pweUI4WDJPX1J1dFgyRkFTMTlFODYxal83WWRIZHc5Q0dkZE9CLTl1WDNnRG5Yc3VuWE9KbzRMVlFwMUNCdXdLSzF5WEpKaFlPd2Vn?oc=5,google_rss_KT when:2d,209.0,18.0,"ai_infrastructure_security,government_ai",ai_infrastructure_security,KT,,,,,,,general,24.0,published_today,business_change,event:KT:ai_infrastructure_security+government_ai,general,Y,"industry_basis_pass:actor=True,change=True,bridge=False",2,naver_telco_strategy_or_infra,Y,telco,209.0,ai_infrastructure_security,competitor:ai_strategy,,,경쟁사_해외이슈,COMPETITOR_PLATFORM_RISK,comp_domestic_public_infra,국가 AI 인프라/AIDC/GPU 정책,카카오가 경쟁사 전략·리스크·AI/플랫폼 대응을 비교 참고할 이슈,4,4,5,,,로컬 보조 라벨 / v26.2: overseas structural industry candidate,local_low_confidence,,,COMP_DOMESTIC_PUBLIC_INFRA,domestic,,카카오가 경쟁사 전략·리스크·AI/플랫폼 대응을 비교 참고할 이슈,국가 AI 인프라/AIDC/GPU 정책,comp_domestic_public_infra,,,
2309,경쟁사/해외이슈,경쟁사_해외이슈,KT,"KT, 공공 AI 인프라 설계 맡는다",kt 공공 ai 인프라 설계 맡는다,메트로신문,메트로신문,"Tue, 14 Jul 2026 04:03:11 GMT","KT, 공공 AI 인프라 설계 맡는다 메트로신문",https://news.google.com/rss/articles/CBMiYEFVX3lxTE5FMWRSTHlreXlPRm9ibWlYWHFHRTJtTElwcUw4MHVITERWSjN4bFp2d01SYkduTEc4SUtJenFZbGl3SUx5TFJLMEZ3NlNRQ3ZMU3BJWFR2bDY1STFhcU9Gbw?oc=5,google_rss_KT when:2d,209.0,18.0,"ai_infrastructure_security,government_ai",ai_infrastructure_security,KT,,,,,,,general,24.0,published_today,business_change,event:KT:ai_infrastructure_security+government_ai,general,Y,"industry_basis_pass:actor=True,change=True,bridge=False",2,naver_telco_strategy_or_infra,Y,telco,209.0,ai_infrastructure_security,competitor:ai_strategy,,,경쟁사_해외이슈,COMPETITOR_PLATFORM_RISK,comp_domestic_public_infra,국가 AI 인프라/AIDC/GPU 정책,카카오가 경쟁사 전략·리스크·AI/플랫폼 대응을 비교 참고할 이슈,4,4,5,,,로컬 보조 라벨 / v26.2: overseas structural industry candidate,local_low_confidence,,,COMP_DOMESTIC_PUBLIC_INFRA,domestic,,카카오가 경쟁사 전략·리스크·AI/플랫폼 대응을 비교 참고할 이슈,국가 AI 인프라/AIDC/GPU 정책,comp_domestic_public_infra,,,
2329,경쟁사/해외이슈,경쟁사_해외이슈,LGU+,"[N2 포커스] 양자보안부터 버스 와이파이까지…LGU+, 품질에 꽂힌 이유",n2 포커스 양자보안부터 버스 와이파이까지 lgu+ 품질에 꽂힌 이유,뉴스투데이,뉴스투데이,"Tue, 14 Jul 2026 04:00:07 GMT","[N2 포커스] 양자보안부터 버스 와이파이까지…LGU+, 품질에 꽂힌 이유 뉴스투데이",https://news.google.com/rss/articles/CBMiXkFVX3lxTE5peDdIU3Q4ZUxZMTk0MkxKRmtPV0w4T2hMeDZQdExMRmlUQ1l1RjQyTFFOXzBnaGduZU9zNDNISFBNaWNPak9zQi1jRlhrMHBTaGZPeGNVM0t1VVJ1VWc?oc=5,google_rss_LGU+ when:2d,209.0,18.0,"phishing_security,privacy_security_reliability",security_general,LGU+,,,,,,,general,24.0,published_today,direct_risk,event:LGU+:phishing_security+privacy_security_reliability,general,Y,"industry_basis_pass:actor=True,change=False,bridge=True",2,naver_telco_strategy_or_infra,Y,telco,209.0,privacy_security_reliability,competitor:security_reliability,,,경쟁사_해외이슈,COMPETITOR_AI_STRATEGY,comp_domestic_strategy,comp_domestic_strategy:n2 포커스 양자보안부터 버스 와이파이까지 lgu+ 품질에 꽂힌 이유,카카오가 경쟁사 전략·리스크·AI/플랫폼 대응을 비교 참고할 이슈,4,4,5,,,로컬 보조 라벨 / v26.2: overseas structural industry candidate,local_low_confidence,,,COMP_DOMESTIC_STRATEGY,domestic,,카카오가 경쟁사 전략·리스크·AI/플랫폼 대응을 비교 참고할 이슈,comp_domestic_strategy:n2 포커스 양자보안부터 버스 와이파이까지 lgu+ 품질에 꽂힌 이유,comp_domestic_strategy,,,
2302,경쟁사/해외이슈,경쟁사_해외이슈,KT,"KT, “공공 AI 인프라 설계 나선다”",kt 공공 ai 인프라 설계 나선다,elec4,elec4,"Tue, 14 Jul 2026 02:40:06 GMT","KT, “공공 AI 인프라 설계 나선다” elec4",https://news.google.com/rss/articles/CBMie0FVX3lxTE5KR3FncTdYckRHM1JSSjlTbEVKMm8wYW9Ub1ZETEd6N3lvS2xseXhxREVON3EzMjI1alh5cU55cEVDQWJyZ2REY3Y5T3BmcFdIcmkzM0NPS1VZS3cwQjB5dWpSWm5TWVp6bENHdlBCTFBJUTAyaEVrWGpScw?oc=5,google_rss_KT when:2d,209.0,18.0,"ai_infrastructure_security,government_ai",ai_infrastructure_security,KT,,,,,,,general,24.0,published_today,business_change,event:KT:ai_infrastructure_security+government_ai,general,Y,"industry_basis_pass:actor=True,change=True,bridge=False",2,naver_telco_strategy_or_infra,Y,telco,209.0,ai_infrastructure_security,competitor:ai_strategy,,,경쟁사_해외이슈,COMPETITOR_PLATFORM_RISK,comp_domestic_public_infra,국가 AI 인프라/AIDC/GPU 정책,카카오가 경쟁사 전략·리스크·AI/플랫폼 대응을 비교 참고할 이슈,4,4,5,,,로컬 보조 라벨 / v26.2: overseas structural industry candidate,local_low_confidence,,,COMP_DOMESTIC_PUBLIC_INFRA,domestic,,카카오가 경쟁사 전략·리스크·AI/플랫폼 대응을 비교 참고할 이슈,국가 AI 인프라/AIDC/GPU 정책,comp_domestic_public_infra,,,
2295,경쟁사/해외이슈,경쟁사_해외이슈,KT,"우리동네 정책 지니 TV로 보세요…KT, ‘AI 지역정보’ 서비스 도입",우리동네 정책 지니 tv로 보세요 kt ai 지역정보 서비스 도입,뉴스퀘스트,뉴스퀘스트,"Tue, 14 Jul 2026 02:21:23 GMT","우리동네 정책 지니 TV로 보세요…KT, ‘AI 지역정보’ 서비스 도입 뉴스퀘스트",https://news.google.com/rss/articles/CBMic0FVX3lxTE41OGNHV0FlanhQcGhsRmFMa2NJTzBwQ1pXcE1KdElKRkhGaDdNWGF3TEh6UUNyZERvbjVZbDd1X0NLYTRuZTBVM2t4NjI4N0FUbUlrRmt0b2YxU0ZSNTFtX3I4YWJhSGVsVmtFc2tPam5BTlnSAXNBVV95cUxONThjR1dBZWp4UHBobEZhTGtjSU8wcENaV3BNSnRJSkZIRmg3TVhhd0xIelFDcmREb241WWw3dV9DS2E0bmUwVTNreDYyODdBVG1Ja0ZrdG9mMVNGUjUxbV9yOGFiYUhlbFZrRXNrT2puQU5Z?oc=5,google_rss_KT when:2d,209.0,18.0,"ai_infrastructure_security,policy_legislation",ai_infrastructure_security,KT,,,,,,,general,24.0,published_today,business_change,event:KT:ai_infrastructure_security+policy_legislation,general,Y,"industry_basis_pass:actor=True,change=True,bridge=False",2,naver_telco_strategy_or_infra,Y,telco,209.0,"policy_legislation,ai_infrastructure_security",competitor:ai_strategy,,,경쟁사_해외이슈,COMPETITOR_AI_STRATEGY,comp_domestic_ai_platform,KT 금융 AX/AI 인프라 전략,카카오가 경쟁사 전략·리스크·AI/플랫폼 대응을 비교 참고할 이슈,4,4,5,,,로컬 보조 라벨 / v26.2: overseas structural industry candidate,local_low_confidence,,,COMP_DOMESTIC_AI_PLATFORM,domestic,,카카오가 경쟁사 전략·리스크·AI/플랫폼 대응을 비교 참고할 이슈,KT 금융 AX/AI 인프라 전략,comp_domestic_ai_platform,,,
2272,경쟁사/해외이슈,경쟁사_해외이슈,KT,"KT, 공공 AI 인프라 운영체계 설계 나서",kt 공공 ai 인프라 운영체계 설계 나서,더나은미래,더나은미래,"Tue, 14 Jul 2026 02:09:00 GMT","KT, 공공 AI 인프라 운영체계 설계 나서 더나은미래",https://news.google.com/rss/articles/CBMiUkFVX3lxTE1OemJnUTAwNFJ1d0JUV3JiVzBqV1VNa1VESjVmbWd5QUdsbmpTVy1ROEN3VXJkU3BWR0NucGhuU1VBREQ5N0Z4c0dTUUZsRTRJYmc?oc=5,google_rss_KT when:2d,209.0,18.0,"ai_infrastructure_security,government_ai",ai_infrastructure_security,KT,,,,,,,general,24.0,published_today,business_change,event:KT:ai_infrastructure_security+government_ai,general,Y,"industry_basis_pass:actor=True,change=True,bridge=False",2,naver_telco_strategy_or_infra,Y,telco,209.0,ai_infrastructure_security,competitor:ai_strategy,,,경쟁사_해외이슈,COMPETITOR_PLATFORM_RISK,comp_domestic_public_infra,국가 AI 인프라/AIDC/GPU 정책,카카오가 경쟁사 전략·리스크·AI/플랫폼 대응을 비교 참고할 이슈,4,4,5,,,로컬 보조 라벨 / v26.2: overseas structural industry candidate,local_low_confidence,,,COMP_DOMESTIC_PUBLIC_INFRA,domestic,,카카오가 경쟁사 전략·리스크·AI/플랫폼 대응을 비교 참고할 이슈,국가 AI 인프라/AIDC/GPU 정책,comp_domestic_public_infra,,,
2965,경쟁사/해외이슈,경쟁사_해외이슈,메타,"메타, 5GW '하이페리온' 데이터센터 구축...500억달러 투입",메타 5gw 하이페리온 데이터센터 구축 500억달러 투입,디일렉,디일렉,"Tue, 14 Jul 2026 07:27:32 GMT","메타, 5GW '하이페리온' 데이터센터 구축...500억달러 투입 디일렉",https://news.google.com/rss/articles/CBMiZkFVX3lxTE9IVHIxR3R5OE10TGp2Sk9RRUpWWGs2cmtFRC1laGR5aUNtQU9teUJQajJnNzhjckFhU2Z5SUxZVlhmVXJKYUhicGZvNEJBYmhZU0o5QWdsZWxEc1pWNE5pOXNYOGxfQQ?oc=5,google_rss_메타 when:2d,209.0,14.0,ai_infrastructure_security,ai_infrastructure_security,메타,,,,,,,general,24.0,published_today,general,event:메타:ai_infrastructure_security,general,Y,"industry_basis_pass:actor=True,change=True,bridge=True",3,global_platform_or_overseas_rule,Y,global,209.0,ai_infrastructure_security,competitor:ai_strategy,,,경쟁사_해외이슈,COMPETITOR_PLATFORM_RISK,comp_overseas_regulation_data,comp_overseas_regulation_data:메타 5gw 하이페리온 데이터센터 구축 500억달러 투입,카카오가 경쟁사 전략·리스크·AI/플랫폼 대응을 비교 참고할 이슈,4,3,4,,,로컬 보조 라벨 / v26.2: overseas structural industry candidate,local_low_confidence,,,COMP_OVERSEAS_REGULATION_DATA,overseas,,카카오가 경쟁사 전략·리스크·AI/플랫폼 대응을 비교 참고할 이슈,comp_overseas_regulation_data:메타 5gw 하이페리온 데이터센터 구축 500억달러 투입,comp_overseas_regulation_data,,,
2998,경쟁사/해외이슈,경쟁사_해외이슈,메타,"저커버그의 끝없는 AI 베팅…메타, 데이터센터 투자 69조원으로 확대",저커버그의 끝없는 ai 베팅 메타 데이터센터 투자 69조원으로 확대,네이트,네이트,"Tue, 14 Jul 2026 06:30:00 GMT","저커버그의 끝없는 AI 베팅…메타, 데이터센터 투자 69조원으로 확대 네이트",https://news.google.com/rss/articles/CBMiU0FVX3lxTE0tVHNtMThaNVJQZk5QLVNHM01KMzNwQVpOT3NmNC1NZkhiZFUxa1dkbDZyNzdLNVAxTnFUWTNCY0RULWl3TEVTak4xY2x0eWRJbHFF?oc=5,google_rss_메타 when:2d,209.0,14.0,ai_infrastructure_security,ai_infrastructure_security,메타,,,,,,,general,24.0,published_today,business_change,event:메타:ai_infrastructure_security,general,Y,"industry_basis_pass:actor=True,change=True,bridge=True",3,global_platform_or_overseas_rule,Y,global,209.0,ai_infrastructure_security,competitor:ai_strategy,,,경쟁사_해외이슈,COMPETITOR_PLATFORM_RISK,comp_overseas_regulation_data,comp_overseas_regulation_data:저커버그의 끝없는 ai 베팅 메타 데이터센터 투자 69조원으로 확대,카카오가 경쟁사 전략·리스크·AI/플랫폼 대응을 비교 참고할 이슈,4,3,4,,,로컬 보조 라벨 / v26.2: overseas structural industry candidate,local_low_confidence,,,COMP_OVERSEAS_REGULATION_DATA,overseas,,카카오가 경쟁사 전략·리스크·AI/플랫폼 대응을 비교 참고할 이슈,comp_overseas_regulation_data:저커버그의 끝없는 ai 베팅 메타 데이터센터 투자 69조원으로 확대,comp_overseas_regulation_data,,,
3087,경쟁사/해외이슈,경쟁사_해외이슈,메타,"메타, 데이터센터 확대하며",메타 데이터센터 확대하며,매일경제 마켓,매일경제 마켓,"Mon, 13 Jul 2026 17:41:34 GMT","메타, 데이터센터 확대하며 매일경제 마켓",https://news.google.com/rss/articles/CBMiUkFVX3lxTE1SWjFfRWNFNFA2OVZHX3dRZXNjUGhBTDN1SFdDTGlLRUo5M1ZPZlo4eENhZGtfbUlhakRMT21yMEJvZU1Sc2NxSUhNdWVKMnJJMFE?oc=5,google_rss_메타 site:mk.co.kr when:2d,208.0,14.0,ai_infrastructure_security,ai_infrastructure_security,메타,,,,,,,general,24.0,published_today,general,event:메타:ai_infrastructure_security,general,Y,"industry_basis_pass:actor=True,change=True,bridge=True",3,global_platform_or_overseas_rule,Y,global,208.0,ai_infrastructure_security,competitor:ai_strategy,,,경쟁사_해외이슈,COMPETITOR_PLATFORM_RISK,comp_overseas_regulation_data,comp_overseas_regulation_data:메타 데이터센터 확대하며,카카오가 경쟁사 전략·리스크·AI/플랫폼 대응을 비교 참고할 이슈,4,3,4,,,로컬 보조 라벨 / v26.2: overseas structural industry candidate,local_low_confidence,,,COMP_OVERSEAS_REGULATION_DATA,overseas,,카카오가 경쟁사 전략·리스크·AI/플랫폼 대응을 비교 참고할 이슈,comp_overseas_regulation_data:메타 데이터센터 확대하며,comp_overseas_regulation_data,,,
2317,경쟁사/해외이슈,경쟁사_해외이슈,KT,"KT, 국가 공공 AI 인프라 혁신 설계 맡는다…국가정보자원관리원 ISP 착수",kt 국가 공공 ai 인프라 혁신 설계 맡는다 국가정보자원관리원 isp 착수,이로운넷,이로운넷,"Tue, 14 Jul 2026 00:49:04 GMT","KT, 국가 공공 AI 인프라 혁신 설계 맡는다…국가정보자원관리원 ISP 착수 이로운넷",https://news.google.com/rss/articles/CBMiZkFVX3lxTE9YZDZOamVaaWtVZXNoS3FiTm50YlBxS1RyZzJDQ0l4ckpDczVtdGFBZGhLV2tzR3M0UU9iNlBrNEdQdE8tZklHbEF1OGdjUkM0QXdCY1cweDNSd0d2S3l0MzRJUk1QQQ?oc=5,google_rss_KT when:2d,207.0,18.0,"ai_infrastructure_security,government_ai",ai_infrastructure_security,KT,,,,,,,general,24.0,published_today,business_change,event:KT:ai_infrastructure_security+government_ai,general,Y,"industry_basis_pass:actor=True,change=True,bridge=False",2,naver_telco_strategy_or_infra,Y,telco,207.0,ai_infrastructure_security,competitor:ai_strategy,,,경쟁사_해외이슈,COMPETITOR_PLATFORM_RISK,comp_domestic_public_infra,국가 AI 인프라/AIDC/GPU 정책,카카오가 경쟁사 전략·리스크·AI/플랫폼 대응을 비교 참고할 이슈,4,4,5,,,로컬 보조 라벨 / v26.2: overseas structural industry candidate,local_low_confidence,,,COMP_DOMESTIC_PUBLIC_INFRA,domestic,,카카오가 경쟁사 전략·리스크·AI/플랫폼 대응을 비교 참고할 이슈,국가 AI 인프라/AIDC/GPU 정책,comp_domestic_public_infra,,,
2312,경쟁사/해외이슈,경쟁사_해외이슈,KT,"KT, 공공 AI 인프라 뼈대 만든다…‘국가정보자원관리원 혁신 ISP’ 우협 선정",kt 공공 ai 인프라 뼈대 만든다 국가정보자원관리원 혁신 isp 우협 선정,녹색경제신문,녹색경제신문,"Tue, 14 Jul 2026 00:31:06 GMT","KT, 공공 AI 인프라 뼈대 만든다…‘국가정보자원관리원 혁신 ISP’ 우협 선정 녹색경제신문",https://news.google.com/rss/articles/CBMiZ0FVX3lxTE92OVJKeFFNMzlia2xUc2lObmtZR0VHVkptdVZ3aEItQW03N1JialJ4MFBGblRKNnpOYVlXdGhJNjk5d2lSMEd4Zm9rb1ViaHBRaUtQTlAxUGYyMklXbDFwdXdmbG9YWUU?oc=5,google_rss_KT when:2d,207.0,18.0,"ai_infrastructure_security,government_ai",ai_infrastructure_security,KT,,,,,,,general,24.0,published_today,business_change,event:KT:ai_infrastructure_security+government_ai,general,Y,"industry_basis_pass:actor=True,change=True,bridge=False",2,naver_telco_strategy_or_infra,Y,telco,207.0,ai_infrastructure_security,competitor:ai_strategy,,,경쟁사_해외이슈,COMPETITOR_PLATFORM_RISK,comp_domestic_public_infra,국가 AI 인프라/AIDC/GPU 정책,카카오가 경쟁사 전략·리스크·AI/플랫폼 대응을 비교 참고할 이슈,4,4,5,,,로컬 보조 라벨 / v26.2: overseas structural industry candidate,local_low_confidence,,,COMP_DOMESTIC_PUBLIC_INFRA,domestic,,카카오가 경쟁사 전략·리스크·AI/플랫폼 대응을 비교 참고할 이슈,국가 AI 인프라/AIDC/GPU 정책,comp_domestic_public_infra,,,
2261,경쟁사/해외이슈,경쟁사_해외이슈,KT,"KT, '국가정보자원관리원 혁신 ISP' 사업 우협 선정…공공 AI 인프라 설계 |",kt 국가정보자원관리원 혁신 isp 사업 우협 선정 공공 ai 인프라 설계,연합인포맥스,연합인포맥스,"Tue, 14 Jul 2026 00:27:48 GMT","KT, '국가정보자원관리원 혁신 ISP' 사업 우협 선정…공공 AI 인프라 설계 | 연합인포맥스",https://news.google.com/rss/articles/CBMidEFVX3lxTE5QdjVYYnlkTDhSOE0xTEROdUZsMm9IOUpKZ3ZoVTZYNWlmcVRHSy1CbDdkdmhadjU3bUMyS2U5QWg3YS1DRERpQmJkM0NjeEVNNVpjdEtnOWJaT3VVZnlkN1RVejZOdzhJQVBNY2pURkVlS3Vw?oc=5,google_rss_KT when:2d,207.0,18.0,"ai_infrastructure_security,government_ai",ai_infrastructure_security,KT,,,,,,,general,24.0,published_today,business_change,event:KT:ai_infrastructure_security+government_ai,general,Y,"industry_basis_pass:actor=True,change=True,bridge=False",2,naver_telco_strategy_or_infra,Y,telco,207.0,ai_infrastructure_security,competitor:ai_strategy,,,경쟁사_해외이슈,COMPETITOR_PLATFORM_RISK,comp_domestic_public_infra,국가 AI 인프라/AIDC/GPU 정책,카카오가 경쟁사 전략·리스크·AI/플랫폼 대응을 비교 참고할 이슈,4,4,5,,,로컬 보조 라벨 / v26.2: overseas structural industry candidate,local_low_confidence,,,COMP_DOMESTIC_PUBLIC_INFRA,domestic,,카카오가 경쟁사 전략·리스크·AI/플랫폼 대응을 비교 참고할 이슈,국가 AI 인프라/AIDC/GPU 정책,comp_domestic_public_infra,,,
2977,경쟁사/해외이슈,경쟁사_해외이슈,메타,"메타, 500억달러 쏟아붓는 루이지애나 데이터센터… '지역 상생' 띄우며 민심 달래기 총력",메타 500억달러 쏟아붓는 루이지애나 데이터센터 지역 상생 띄우며 민심 달래기 총력,파이낸스스코프,파이낸스스코프,"Mon, 13 Jul 2026 23:15:00 GMT","메타, 500억달러 쏟아붓는 루이지애나 데이터센터… '지역 상생' 띄우며 민심 달래기 총력 파이낸스스코프",https://news.google.com/rss/articles/CBMiakFVX3lxTE9WalEzbzBEVHN4MHc4ODAyQVhXTjgxWHFROEFWbnhOQ01SY1BQNDFFWVVMUTdGdW5SWGU4MkJMT2otOUJad2gxb0hobS1YR18zWVpBcnE4LWhlZzk5c1loQ19ITWRwOXZCdHc?oc=5,google_rss_메타 when:2d,207.0,14.0,ai_infrastructure_security,ai_infrastructure_security,메타,,,,,,,general,24.0,published_today,general,event:메타:ai_infrastructure_security,general,Y,"industry_basis_pass:actor=True,change=False,bridge=True",2,global_platform_or_overseas_rule,Y,global,207.0,ai_infrastructure_security,competitor:ai_strategy,,,경쟁사_해외이슈,COMPETITOR_PLATFORM_RISK,comp_overseas_regulation_data,comp_overseas_regulation_data:메타 500억달러 쏟아붓는 루이지애나 데이터센터 지역 상생 띄우며 민심 달래기 총력,카카오가 경쟁사 전략·리스크·AI/플랫폼 대응을 비교 참고할 이슈,4,3,4,,,로컬 보조 라벨 / v26.2: overseas structural industry candidate,local_low_confidence,,,COMP_OVERSEAS_REGULATION_DATA,overseas,,카카오가 경쟁사 전략·리스크·AI/플랫폼 대응을 비교 참고할 이슈,comp_overseas_regulation_data:메타 500억달러 쏟아붓는 루이지애나 데이터센터 지역 상생 띄우며 민심 달래기 총력,comp_overseas_regulation_data,,,
2852,경쟁사/해외이슈,경쟁사_해외이슈,오픈AI,[월가톡톡] 오픈AI·앤트로픽이 다 먹는다…AI 인재 쟁탈전,월가톡톡 오픈ai 앤트로픽이 다 먹는다 ai 인재 쟁탈전,네이트,네이트,"Tue, 14 Jul 2026 01:19:00 GMT",[월가톡톡] 오픈AI·앤트로픽이 다 먹는다…AI 인재 쟁탈전 네이트,https://news.google.com/rss/articles/CBMiU0FVX3lxTE1OR2VzTGpSdTVSSTB6dk1yb3llbHE3aFlVM3Q0MHZTV2pXWjFVbjJOQ2Q3dFBkTWhDX2tEM0tueFpjbzFyVzNOa2M3eFFQS0lscFE4?oc=5,google_rss_오픈AI when:2d,206.5,13.5,ai_infrastructure_security,ai_infrastructure_security,"앤트로픽,오픈AI",,,,,,,general,24.0,published_today,business_change,global_incident:ai_security_policy:openai:anthropic_glasswing_security,general,Y,"industry_basis_pass:actor=True,change=False,bridge=True",2,global_platform_or_overseas_rule,Y,global,206.5,ai_infrastructure_security,competitor:ai_strategy,global_incident:ai_security_policy:openai:anthropic_glasswing_security:general,global_incident:ai_security_policy:openai:anthropic_glasswing_security,경쟁사_해외이슈,COMPETITOR_AI_STRATEGY,comp_overseas_platform_ai,global_incident:ai_security_policy:openai:anthropic_glasswing_security,카카오가 경쟁사 전략·리스크·AI/플랫폼 대응을 비교 참고할 이슈,4,3,4,,,로컬 보조 라벨 / v26.2: overseas structural industry candidate,local_low_confidence,,,COMP_OVERSEAS_PLATFORM_AI,overseas,,카카오가 경쟁사 전략·리스크·AI/플랫폼 대응을 비교 참고할 이슈,global_incident:ai_security_policy:openai:anthropic_glasswing_security,comp_overseas_platform_ai,,,
2033,경쟁사/해외이슈,경쟁사_해외이슈,네이버,'AI 검색' 시대에도 네이버는 왜 강해졌나,ai 검색 시대에도 네이버는 왜 강해졌나,뉴스웨이,뉴스웨이,"Mon, 13 Jul 2026 22:13:00 GMT",'AI 검색' 시대에도 네이버는 왜 강해졌나 뉴스웨이,https://news.google.com/rss/articles/CBMiakFVX3lxTE1yYkVEdW9YZmY2NDFyaExuclE1WXVkSjdmTHV5RGZKTVF6ZnJ4UDdrMFI4UTNKMnB0bHJoTjRfd0NDSGFlMklpOV9aLWVpOVlManVoNGQ3UE0ycjRrcFgyYnRnN1NUdkhSS1E?oc=5,google_rss_네이버 AI when:2d,205.5,16.5,"ai_infrastructure_security,search_ads",ai_infrastructure_security,네이버,,,,,,,general,24.0,published_today,business_change,event:네이버:ai_infrastructure_security,general,Y,"industry_basis_pass:actor=True,change=False,bridge=True",2,naver_telco_strategy_or_infra,Y,naver,205.5,ai_infrastructure_security,competitor:ai_strategy,,,경쟁사_해외이슈,COMPETITOR_AI_STRATEGY,comp_domestic_ai_platform,comp_domestic_ai_platform:ai 검색 시대에도 네이버는 왜 강해졌나,카카오가 경쟁사 전략·리스크·AI/플랫폼 대응을 비교 참고할 이슈,4,4,5,,,로컬 보조 라벨 / v26.2: overseas structural industry candidate,local_low_confidence,,,COMP_DOMESTIC_AI_PLATFORM,domestic,,카카오가 경쟁사 전략·리스크·AI/플랫폼 대응을 비교 참고할 이슈,comp_domestic_ai_platform:ai 검색 시대에도 네이버는 왜 강해졌나,comp_domestic_ai_platform,,,
3075,경쟁사/해외이슈,경쟁사_해외이슈,메타,"Meta, 루이지애나 데이터센터 용량을 5기가와트로 확장, 투자액 500억 달러 기록",meta 루이지애나 데이터센터 용량을 5기가와트로 확장 투자액 500억 달러 기록,Cryptopolitan,Cryptopolitan,"Mon, 13 Jul 2026 19:01:11 GMT","Meta, 루이지애나 데이터센터 용량을 5기가와트로 확장, 투자액 500억 달러 기록 Cryptopolitan",https://news.google.com/rss/articles/CBMifEFVX3lxTE9tbWFyS1lpT3BJaUQzX0lCOGgyYTJDRGZwb21Nb0ctSnRSaEhUZHAxZ1ZrUFBRc2t5WHd1VnhlMGJ6VUNhVUVtZng0NWVzcGIzQzh3MEYzMXprTzZmQldkeHhEdUdDUXVlWHRIeEdYNzFrcXVwQTI0SHVwbVg?oc=5,google_rss_메타 규제 when:2d,205.0,14.0,ai_infrastructure_security,ai_infrastructure_security,메타,,,,,,,general,24.0,published_today,general,event:메타:ai_infrastructure_security,general,Y,"industry_basis_pass:actor=True,change=True,bridge=True",3,global_platform_or_overseas_rule,Y,global,205.0,ai_infrastructure_security,competitor:ai_strategy,,,경쟁사_해외이슈,COMPETITOR_PLATFORM_RISK,comp_overseas_regulation_data,comp_overseas_regulation_data:meta 루이지애나 데이터센터 용량을 5기가와트로 확장 투자액 500억 달러 기록,카카오가 경쟁사 전략·리스크·AI/플랫폼 대응을 비교 참고할 이슈,4,3,4,,,로컬 보조 라벨 / v26.2: overseas structural industry candidate,local_low_confidence,,,COMP_OVERSEAS_REGULATION_DATA,overseas,,카카오가 경쟁사 전략·리스크·AI/플랫폼 대응을 비교 참고할 이슈,comp_overseas_regulation_data:meta 루이지애나 데이터센터 용량을 5기가와트로 확장 투자액 500억 달러 기록,comp_overseas_regulation_data,,,
3350,경쟁사/해외이슈,경쟁사_해외이슈,중국 AI,엔비디아 칩 막혀도 세계 1위 … 중국 AI를 키운 ‘숨은 인프라’ 3가지,엔비디아 칩 막혀도 세계 1위 중국 ai를 키운 숨은 인프라 3가지,매일경제,매일경제,"Mon, 13 Jul 2026 19:00:00 GMT",엔비디아 칩 막혀도 세계 1위 … 중국 AI를 키운 ‘숨은 인프라’ 3가지 매일경제,https://news.google.com/rss/articles/CBMiTkFVX3lxTE9ib0VzM05JcVNLY0lzWWZCNU9pUm00UHlEbjFmU1cwUWRVNlp6dl8wTDc3OVM1dlZSWk4ycWxRWFlYUW93cGZXaldBQzFmUQ?oc=5,google_rss_중국 AI when:2d,205.0,11.0,ai_infrastructure_security,ai_infrastructure_security,,,,,,,,general,24.0,published_today,business_change,,general,Y,"industry_basis_pass:actor=True,change=True,bridge=False",2,global_platform_or_overseas_rule,Y,global,205.0,ai_infrastructure_security,competitor:ai_strategy,,,경쟁사_해외이슈,COMPETITOR_AI_STRATEGY,comp_overseas_platform_ai,comp_overseas_platform_ai:엔비디아 칩 막혀도 세계 1위 중국 ai를 키운 숨은 인프라 3가지,카카오가 경쟁사 전략·리스크·AI/플랫폼 대응을 비교 참고할 이슈,4,3,4,,,로컬 보조 라벨 / v26.2: overseas structural industry candidate,local_low_confidence,,,COMP_OVERSEAS_PLATFORM_AI,overseas,,카카오가 경쟁사 전략·리스크·AI/플랫폼 대응을 비교 참고할 이슈,comp_overseas_platform_ai:엔비디아 칩 막혀도 세계 1위 중국 ai를 키운 숨은 인프라 3가지,comp_overseas_platform_ai,,,
2917,경쟁사/해외이슈,경쟁사_해외이슈,오픈AI,AI 대기업 오픈AI의 최고 보안 책임자가 대규모 IPO를 앞두고 회사를 떠났다,ai 대기업 오픈ai의 최고 보안 책임자가 대규모 ipo를 앞두고 회사를 떠났다,Cryptopolitan,Cryptopolitan,"Tue, 14 Jul 2026 00:18:24 GMT",AI 대기업 오픈AI의 최고 보안 책임자가 대규모 IPO를 앞두고 회사를 떠났다 Cryptopolitan,https://news.google.com/rss/articles/CBMifkFVX3lxTE1WZjVnbk1PTTRJR052SDBDWXpDcDRDNWhEY2poQkw5c0xvT0JhaG1ZOXZQajJFV2ZpeHY1MFU4OFF4QXlzTk1JcThSYVJ2OHlUUWlNd2REeVRrMV9EVllNWFoyRmUtMXNpSElfUFV0d3FaWkhEZncyNGc4bUFnZw?oc=5,google_rss_오픈AI 규제 when:2d,204.5,37.5,"ai_infrastructure_security,phishing_security,privacy_security_reliability,strategy_mna_governance",security_general,오픈AI,,,,,,,general,24.0,published_today,direct_risk,global_incident:ai_security_policy:openai:openai_security_access,general,Y,"industry_basis_pass:actor=True,change=False,bridge=True",2,global_platform_or_overseas_rule,Y,global,204.5,"privacy_security_reliability,strategy_mna_governance,ai_infrastructure_security",competitor:strategy_mna,global_incident:ai_security_policy:openai:openai_security_access:general,global_incident:ai_security_policy:openai:openai_security_access,경쟁사_해외이슈,COMPETITOR_AI_STRATEGY,comp_overseas_platform_ai,global_incident:ai_security_policy:openai:openai_security_access,카카오가 경쟁사 전략·리스크·AI/플랫폼 대응을 비교 참고할 이슈,4,3,4,,,로컬 보조 라벨 / v26.2: overseas structural industry candidate,local_low_confidence,,,COMP_OVERSEAS_PLATFORM_AI,overseas,,카카오가 경쟁사 전략·리스크·AI/플랫폼 대응을 비교 참고할 이슈,global_incident:ai_security_policy:openai:openai_security_access,comp_overseas_platform_ai,,,
1990,경쟁사/해외이슈,경쟁사_해외이슈,네이버,"네이버 커넥트재단, 특수교육 분야의 인공지능(AI) 교육 콘텐츠 개발 협력",네이버 커넥트재단 특수교육 분야의 인공지능 ai 교육 콘텐츠 개발 협력,파이낸셜뉴스,파이낸셜뉴스,"Tue, 14 Jul 2026 06:26:00 GMT","네이버 커넥트재단, 특수교육 분야의 인공지능(AI) 교육 콘텐츠 개발 협력 파이낸셜뉴스",https://news.google.com/rss/articles/CBMiWkFVX3lxTE9EV3o5SnpwRGVxZ1lhcHllTExtTlFvT1ZlWWViZ3hKY2R0bVZDVFItTzRTQlFxOVAxajRnZkhMdm0xQkpuSUtnTzRnT2hBWEFFN0Z2c2RVREN1QQ?oc=5,google_rss_네이버 when:2d,204.5,13.5,ai_infrastructure_security,ai_infrastructure_security,네이버,,,,,,,general,24.0,published_today,business_change,event:네이버:ai_infrastructure_security,general,Y,"industry_basis_pass:actor=True,change=False,bridge=True",2,naver_telco_strategy_or_infra,Y,naver,204.5,ai_infrastructure_security,competitor:ai_strategy,,,경쟁사_해외이슈,COMPETITOR_AI_STRATEGY,comp_domestic_ai_platform,comp_domestic_ai_platform:네이버 커넥트재단 특수교육 분야의 인공지능 ai 교육 콘텐츠 개발 협력,카카오가 경쟁사 전략·리스크·AI/플랫폼 대응을 비교 참고할 이슈,4,4,5,,,로컬 보조 라벨 / v26.2: overseas structural industry candidate,local_low_confidence,,,COMP_DOMESTIC_AI_PLATFORM,domestic,,카카오가 경쟁사 전략·리스크·AI/플랫폼 대응을 비교 참고할 이슈,comp_domestic_ai_platform:네이버 커넥트재단 특수교육 분야의 인공지능 ai 교육 콘텐츠 개발 협력,comp_domestic_ai_platform,,,
2921,경쟁사/해외이슈,경쟁사_해외이슈,오픈AI,"'가성비 AI' 전쟁 선포…오픈AI·메타·스페이스XAI, 앤트로픽에 정면 도전",가성비 ai 전쟁 선포 오픈ai 메타 스페이스xai 앤트로픽에 정면 도전,reportera.co.kr,reportera.co.kr,"Mon, 13 Jul 2026 22:00:00 GMT","'가성비 AI' 전쟁 선포…오픈AI·메타·스페이스XAI, 앤트로픽에 정면 도전 reportera.co.kr",https://news.google.com/rss/articles/CBMieEFVX3lxTFB1MFdsYkJnaWdjQWw3Z29UTnd1WFctd2NlQ25CbFVncnE0andyQl9kY1UtSkdsVThybG9ETXBoQ3RZTV93NmtmU1dZOXhuVEVheUhoWkxNYkFEZEdCQUhOSGMzeWZtbGVfVEtMdTMxZGpDclRTRE1TctIBgAFBVV95cUxPanZXeFM4Z1FadXZUT2JaZVNSTlV0aC1NWWtRYmJiSnZTd043MjVZQzZYTzhEd0NxV0RNTVZ6QVgwZWtwUXU1WC1vLXpSQTZqR2Z4N2k5T3J5anRyY0gtUVRuUTdoSkNNWXNEY3RuNFM0Z3RFTVlPdEJCY3didldkWQ?oc=5,google_rss_오픈AI 조사 when:2d,204.5,13.5,ai_infrastructure_security,ai_infrastructure_security,"메타,앤트로픽,오픈AI",,,,,,,general,24.0,published_today,business_change,global_incident:ai_security_policy:openai:anthropic_glasswing_security,general,Y,"industry_basis_pass:actor=True,change=False,bridge=True",2,global_platform_or_overseas_rule,Y,global,204.5,ai_infrastructure_security,competitor:ai_strategy,global_incident:ai_security_policy:openai:anthropic_glasswing_security:general,global_incident:ai_security_policy:openai:anthropic_glasswing_security,경쟁사_해외이슈,COMPETITOR_AI_STRATEGY,comp_overseas_platform_ai,global_incident:ai_security_policy:openai:anthropic_glasswing_security,카카오가 경쟁사 전략·리스크·AI/플랫폼 대응을 비교 참고할 이슈,4,3,4,,,로컬 보조 라벨 / v26.2: overseas structural industry candidate,local_low_confidence,,,COMP_OVERSEAS_PLATFORM_AI,overseas,,카카오가 경쟁사 전략·리스크·AI/플랫폼 대응을 비교 참고할 이슈,global_incident:ai_security_policy:openai:anthropic_glasswing_security,comp_overseas_platform_ai,,,
2205,경쟁사/해외이슈,경쟁사_해외이슈,SKT,"SKT, 정부 AI 네트워크 기반조성 사업 실증…＂AI RAN 구축＂",skt 정부 ai 네트워크 기반조성 사업 실증 ai ran 구축,한국경제TV,한국경제TV,"Tue, 14 Jul 2026 06:00:00 GMT","SKT, 정부 AI 네트워크 기반조성 사업 실증…＂AI RAN 구축＂ 한국경제TV",https://news.google.com/rss/articles/CBMid0FVX3lxTE9VZ1RFUGN3Z3AtMGlPbkpXWU5UWkdOQXBaaXlSX01hVF9vY0dRUjdIRl9qemRTb1NnUU5nUml1YmpjSWpRT2NkT0lvRFpIVXJJM25PRlZBdHNEZ1FMYzNyTGM3NjZSSDlTVjNINktWYjdSQmV6VGxZ?oc=5,google_rss_SKT when:2d,204.0,11.0,ai_infrastructure_security,ai_infrastructure_security,SKT,,,,,,,general,24.0,published_today,business_change,event:SKT:ai_infrastructure_security,general,Y,"industry_basis_pass:actor=True,change=True,bridge=False",2,naver_telco_strategy_or_infra,Y,telco,204.0,ai_infrastructure_security,government:tech_security_policy,,,경쟁사_해외이슈,COMPETITOR_PLATFORM_RISK,comp_domestic_public_infra,KT 금융 AX/AI 인프라 전략,카카오가 경쟁사 전략·리스크·AI/플랫폼 대응을 비교 참고할 이슈,4,4,5,,,로컬 보조 라벨 / v26.2: overseas structural industry candidate,local_low_confidence,,,COMP_DOMESTIC_PUBLIC_INFRA,domestic,,카카오가 경쟁사 전략·리스크·AI/플랫폼 대응을 비교 참고할 이슈,KT 금융 AX/AI 인프라 전략,comp_domestic_public_infra,,,
2697,경쟁사/해외이슈,경쟁사_해외이슈,구글,"삼성, 업무용 AI로 '제미나이' 택한 이유…구글 ""성능·보안·비용 다 따진 결과""",삼성 업무용 ai로 제미나이 택한 이유 구글 성능 보안 비용 다 따진 결과,뉴시스,뉴시스,"Tue, 14 Jul 2026 07:22:28 GMT","삼성, 업무용 AI로 '제미나이' 택한 이유…구글 ""성능·보안·비용 다 따진 결과"" 뉴시스",https://news.google.com/rss/articles/CBMiYEFVX3lxTE1qYVNoaEJnc29SbkNKLXJDWk56WVNXYVV1aUhJZUdqVkw1MzFVWDM2cU1XSkRVd1JnWGxaT0plZ0pLYUxycmpEd2V5bi05MmVNOF83SkdrUkh5MF80Y3g4ZNIBeEFVX3lxTE1kbW5IY2JJWDEyRzV0NURiSGk1VmdIc2dobEFpQ0c0SnNWVUE4SjAwU0lwYTlfdnRGOWlWTlZtNXRET3FWVzJ6eVF4OFpBUXM4ODBYQmkxLW93dnZvRmYxUGE1WkRPSzJ5N1dUWDdlN2FZaDEyUzd2LQ?oc=5,google_rss_구글 when:2d,203.5,30.5,"ai_agent,ai_infrastructure_security,phishing_security,privacy_security_reliability",security_general,구글,,,,,,,general,24.0,published_today,direct_risk,event:구글:ai_infrastructure_security+phishing_security,general,Y,"industry_basis_pass:actor=True,change=False,bridge=True",2,global_platform_or_overseas_rule,Y,global,203.5,"privacy_security_reliability,ai_infrastructure_security",competitor:security_reliability,,,경쟁사_해외이슈,COMPETITOR_AI_STRATEGY,comp_overseas_platform_ai,comp_overseas_platform_ai:삼성 업무용 ai로 제미나이 택한 이유 구글 성능 보안 비용 다 따진 결과,카카오가 경쟁사 전략·리스크·AI/플랫폼 대응을 비교 참고할 이슈,4,3,4,,,로컬 보조 라벨 / v26.2: overseas structural industry candidate,local_low_confidence,,,COMP_OVERSEAS_PLATFORM_AI,overseas,,카카오가 경쟁사 전략·리스크·AI/플랫폼 대응을 비교 참고할 이슈,comp_overseas_platform_ai:삼성 업무용 ai로 제미나이 택한 이유 구글 성능 보안 비용 다 따진 결과,comp_overseas_platform_ai,,,
2137,경쟁사/해외이슈,경쟁사_해외이슈,네이버,"'AI 검색' 띄운 네이버…""구매·예약도 알아서 척척""",ai 검색 띄운 네이버 구매 예약도 알아서 척척,한국경제,한국경제,"Mon, 13 Jul 2026 07:06:43 GMT","'AI 검색' 띄운 네이버…""구매·예약도 알아서 척척"" 한국경제",https://news.google.com/rss/articles/CBMiWkFVX3lxTE1MNmFUNnNXeVpfMWEySzdWeGg0anUyeWdHdkpUUjhiRlJPYXhHai1mejJkZGp2aHBwZ2xnTFgtRkNjQ0pkQXc2OF9wWmxIcUg2R21VeEZTLTdRZw?oc=5,google_rss_네이버 site:hankyung.com when:2d,203.0,16.5,"ai_infrastructure_security,search_ads",ai_infrastructure_security,네이버,,,,,,,general,14.0,published_yesterday,business_change,event:네이버:ai_infrastructure_security,general,Y,"industry_basis_pass:actor=True,change=False,bridge=True",2,naver_telco_strategy_or_infra,Y,naver,203.0,ai_infrastructure_security,competitor:ai_strategy,,,경쟁사_해외이슈,COMPETITOR_AI_STRATEGY,comp_domestic_ai_platform,comp_domestic_ai_platform:ai 검색 띄운 네이버 구매 예약도 알아서 척척,카카오가 경쟁사 전략·리스크·AI/플랫폼 대응을 비교 참고할 이슈,4,4,5,,,로컬 보조 라벨 / v26.2: overseas structural industry candidate,local_low_confidence,,,COMP_DOMESTIC_AI_PLATFORM,domestic,,카카오가 경쟁사 전략·리스크·AI/플랫폼 대응을 비교 참고할 이슈,comp_domestic_ai_platform:ai 검색 띄운 네이버 구매 예약도 알아서 척척,comp_domestic_ai_platform,,,
2177,경쟁사/해외이슈,경쟁사_해외이슈,SKT,"SKT, AI-RAN 선도망 구축...피지컬AI 실증 추진",skt ai ran 선도망 구축 피지컬ai 실증 추진,지디넷코리아,지디넷코리아,"Tue, 14 Jul 2026 06:00:01 GMT","SKT, AI-RAN 선도망 구축...피지컬AI 실증 추진 지디넷코리아",https://news.google.com/rss/articles/CBMiVkFVX3lxTFBDTHc3VGdMc2ZxX1MwZzduLVVEcVVjVnBiV1RpbUIxLXdSYkJGMjlkTUMxWV9FNmc3QUFYOUNMWkdqRWZfZ0tPSC1wbTZEUTNqdy1hSk1B?oc=5,google_rss_SKT when:2d,203.0,11.0,ai_infrastructure_security,ai_infrastructure_security,SKT,,,,,,,general,24.0,published_today,business_change,event:SKT:ai_infrastructure_security,general,Y,"industry_basis_pass:actor=True,change=True,bridge=False",2,naver_telco_strategy_or_infra,Y,telco,203.0,ai_infrastructure_security,competitor:ai_strategy,,,경쟁사_해외이슈,COMPETITOR_PLATFORM_RISK,comp_domestic_public_infra,KT 금융 AX/AI 인프라 전략,카카오가 경쟁사 전략·리스크·AI/플랫폼 대응을 비교 참고할 이슈,4,4,5,,,로컬 보조 라벨 / v26.2: overseas structural industry candidate,local_low_confidence,,,COMP_DOMESTIC_PUBLIC_INFRA,domestic,,카카오가 경쟁사 전략·리스크·AI/플랫폼 대응을 비교 참고할 이슈,KT 금융 AX/AI 인프라 전략,comp_domestic_public_infra,,,
18,자사 및 계열사 이슈,자사_및_계열사_이슈,카카오,"투자 늘리는 네이버, 몸집 줄이는 카카오...엇갈린 전략",투자 늘리는 네이버 몸집 줄이는 카카오 엇갈린 전략,조선일보,조선일보,"Sun, 12 Jul 2026 21:03:34 GMT","투자 늘리는 네이버, 몸집 줄이는 카카오...엇갈린 전략 조선일보",https://news.google.com/rss/articles/CBMigwFBVV95cUxOOVdWdjhCZFpzZEdyVlNRUEJzeGlqaS1kSjZUMmtkbWNBVHNXb0RWbHppcEg4cFdUVnBDZHExQ05NeUU3ZlpUMTlWaDhyUjFQZnhQVzduYUxQN09hU1JpTGJHYkRONkhyanV3d0ptdVloWlZGbV9UVU91dG9yd1BQOG5mWQ?oc=5,google_rss_카카오 when:2d,202.8,20.0,policy_legislation,policy_legislation,"네이버,카카오",,,,,,,general,14.0,published_yesterday,business_change,event:네이버+카카오:policy_legislation,general,Y,"industry_basis_pass:actor=True,change=True,bridge=True",3,naver_telco_strategy_or_infra,Y,naver,202.8,policy_legislation,self:general,,,자사_및_계열사_이슈,SELF_AFFILIATE_BUSINESS,self_strategic_reference,self_strategic_reference:투자 늘리는 네이버 몸집 줄이는 카카오 엇갈린 전략,"카카오·계열사의 사업 확장, 제휴, MOU, 신규 서비스 참고 이슈",4,3,4,,,v40: 직접 리스크는 아니지만 자사 사업 확장·제휴성 이슈로 2순위 반영,local_low_confidence,STRATEGIC_REFERENCE,,COMP_DOMESTIC_STRATEGY,domestic,,카카오 현직자가 사업 방향과 외부 질의 가능성을 참고할 실질 변화,self_strategic_reference:투자 늘리는 네이버 몸집 줄이는 카카오 엇갈린 전략,self_strategic_reference,,,
2339,경쟁사/해외이슈,경쟁사_해외이슈,LGU+,LGU+ '0.15초 법칙'…차세대 양자보안 표준 선점,lgu+ 0 15초 법칙 차세대 양자보안 표준 선점,경제타임스,경제타임스,"Mon, 13 Jul 2026 09:01:46 GMT",LGU+ '0.15초 법칙'…차세대 양자보안 표준 선점 경제타임스,https://news.google.com/rss/articles/CBMiWEFVX3lxTFBZRDJ1Nmc4bHRuYzhqRURBc1ZrQlFjRExIZmFNWWtkTVM5dTdjY2VlemY5OVVqamZzVnpCT0pKRnpYYWdSMWZvWUpJM09EYWNkcWs2SE1jRko?oc=5,google_rss_LGU+ when:2d,202.5,18.0,"phishing_security,privacy_security_reliability",security_general,LGU+,,,,,,,general,14.0,published_yesterday,direct_risk,event:LGU+:phishing_security+privacy_security_reliability,general,Y,"industry_basis_pass:actor=True,change=True,bridge=True",3,naver_telco_strategy_or_infra,Y,telco,202.5,privacy_security_reliability,competitor:security_reliability,,,경쟁사_해외이슈,COMPETITOR_AI_STRATEGY,comp_domestic_strategy,comp_domestic_strategy:lgu+ 0 15초 법칙 차세대 양자보안 표준 선점,카카오가 경쟁사 전략·리스크·AI/플랫폼 대응을 비교 참고할 이슈,4,4,5,,,로컬 보조 라벨 / v26.2: overseas structural industry candidate,local_low_confidence,,,COMP_DOMESTIC_STRATEGY,domestic,,카카오가 경쟁사 전략·리스크·AI/플랫폼 대응을 비교 참고할 이슈,comp_domestic_strategy:lgu+ 0 15초 법칙 차세대 양자보안 표준 선점,comp_domestic_strategy,,,
3003,경쟁사/해외이슈,경쟁사_해외이슈,메타,"메타, 루이지애나 데이터센터에 2500억 달러 투입할 듯│Global Money Club",메타 루이지애나 데이터센터에 2500억 달러 투입할 듯 global money club,중앙일보,중앙일보,"Mon, 13 Jul 2026 11:51:25 GMT","메타, 루이지애나 데이터센터에 2500억 달러 투입할 듯│Global Money Club 중앙일보",https://news.google.com/rss/articles/CBMiW0FVX3lxTE5DeWFHd0ZRMk4yV1hmaGJXOHBGb3dwQlFqenUxTXNEVkQweGl0ZnFlM05MbGZHeng5bFBEeXBXWTZnYmp0US1WX082M3BWejl3YV9ralZzT3F5b3M?oc=5,google_rss_메타 when:2d,202.5,14.0,ai_infrastructure_security,ai_infrastructure_security,메타,,,,,,,general,14.0,published_yesterday,general,event:메타:ai_infrastructure_security,general,Y,"industry_basis_pass:actor=True,change=False,bridge=True",2,global_platform_or_overseas_rule,Y,global,202.5,ai_infrastructure_security,competitor:ai_strategy,,,경쟁사_해외이슈,COMPETITOR_PLATFORM_RISK,comp_overseas_regulation_data,comp_overseas_regulation_data:메타 루이지애나 데이터센터에 2500억 달러 투입할 듯 global money club,카카오가 경쟁사 전략·리스크·AI/플랫폼 대응을 비교 참고할 이슈,4,3,4,,,로컬 보조 라벨 / v26.2: overseas structural industry candidate,local_low_confidence,,,COMP_OVERSEAS_REGULATION_DATA,overseas,,카카오가 경쟁사 전략·리스크·AI/플랫폼 대응을 비교 참고할 이슈,comp_overseas_regulation_data:메타 루이지애나 데이터센터에 2500억 달러 투입할 듯 global money club,comp_overseas_regulation_data,,,
3440,경쟁사/해외이슈,경쟁사_해외이슈,중국 AI,앤트로픽 클로드 코드 '백도어' 논란…中 AI 코딩 도구 반사이익 기대,앤트로픽 클로드 코드 백도어 논란 ai 코딩 도구 반사이익 기대,네이트,네이트,"Mon, 13 Jul 2026 01:01:00 GMT",앤트로픽 클로드 코드 '백도어' 논란…中 AI 코딩 도구 반사이익 기대 네이트,https://news.google.com/rss/articles/CBMiU0FVX3lxTFAySzRSUEp6d0JXT3drcGFPNlRBZ3U4S0ZiWVFyeFdIS0Z2d2tyU1JJRlNlYXdrbFVRWjFaejR4Y2tHNzVHdlBVek8yOF8zU1RWU0ww?oc=5,"google_rss_""중국 AI"" when:2d",202.5,14.0,"ai_agent,ai_infrastructure_security",ai_infrastructure_security,앤트로픽,,,,,,,general,14.0,published_yesterday,business_change,global_incident:ai_security_policy:sector:anthropic_glasswing_security,general,Y,"industry_basis_pass:actor=True,change=False,bridge=True",2,global_platform_or_overseas_rule,Y,global,202.5,ai_infrastructure_security,competitor:ai_strategy,global_incident:ai_security_policy:sector:anthropic_glasswing_security:general,global_incident:ai_security_policy:sector:anthropic_glasswing_security,경쟁사_해외이슈,COMPETITOR_AI_STRATEGY,comp_overseas_platform_ai,global_incident:ai_security_policy:sector:anthropic_glasswing_security,카카오가 경쟁사 전략·리스크·AI/플랫폼 대응을 비교 참고할 이슈,4,3,4,,,로컬 보조 라벨 / v26.2: overseas structural industry candidate,local_low_confidence,,,COMP_OVERSEAS_PLATFORM_AI,overseas,,카카오가 경쟁사 전략·리스크·AI/플랫폼 대응을 비교 참고할 이슈,global_incident:ai_security_policy:sector:anthropic_glasswing_security,comp_overseas_platform_ai,,,
3424,경쟁사/해외이슈,경쟁사_해외이슈,중국 AI,앤트로픽 클로드 코드 '백도어' 논란...中 AI 코딩 도구 반사이익 기대,앤트로픽 클로드 코드 백도어 논란 ai 코딩 도구 반사이익 기대,디지털투데이,디지털투데이,"Mon, 13 Jul 2026 01:00:18 GMT",앤트로픽 클로드 코드 '백도어' 논란...中 AI 코딩 도구 반사이익 기대 디지털투데이,https://news.google.com/rss/articles/CBMic0FVX3lxTE5GUng0dXNTdldHUVhoWVBnYVd5ellERnp1LU5JY3hneU1xQnFLSnRLak1EYmV4dVFGWTMySkNfTXR0NjJFNzZ3TjJ1ci13MlltZUw1dkNaenZ1Y0pfVGV3T0hYb2s5VFBTRlU0Z2U5dldHTUU?oc=5,google_rss_중국 AI when:2d,202.5,14.0,"ai_agent,ai_infrastructure_security",ai_infrastructure_security,앤트로픽,,,,,,,general,14.0,published_yesterday,business_change,global_incident:ai_security_policy:sector:anthropic_glasswing_security,general,Y,"industry_basis_pass:actor=True,change=False,bridge=True",2,global_platform_or_overseas_rule,Y,global,202.5,ai_infrastructure_security,competitor:ai_strategy,global_incident:ai_security_policy:sector:anthropic_glasswing_security:general,global_incident:ai_security_policy:sector:anthropic_glasswing_security,경쟁사_해외이슈,COMPETITOR_AI_STRATEGY,comp_overseas_platform_ai,global_incident:ai_security_policy:sector:anthropic_glasswing_security,카카오가 경쟁사 전략·리스크·AI/플랫폼 대응을 비교 참고할 이슈,4,3,4,,,로컬 보조 라벨 / v26.2: overseas structural industry candidate,local_low_confidence,,,COMP_OVERSEAS_PLATFORM_AI,overseas,,카카오가 경쟁사 전략·리스크·AI/플랫폼 대응을 비교 참고할 이슈,global_incident:ai_security_policy:sector:anthropic_glasswing_security,comp_overseas_platform_ai,,,
2013,경쟁사/해외이슈,경쟁사_해외이슈,네이버,"네이버 커넥트재단, 국립특수교육원과 협력⋯""맞춤 AI 콘텐츠 개발""",네이버 커넥트재단 국립특수교육원과 협력 맞춤 ai 콘텐츠 개발,아이뉴스24,아이뉴스24,"Tue, 14 Jul 2026 01:40:34 GMT","네이버 커넥트재단, 국립특수교육원과 협력⋯""맞춤 AI 콘텐츠 개발"" 아이뉴스24",https://news.google.com/rss/articles/CBMiS0FVX3lxTE9SVEVmNUxtWF9OVVpUWDdYV0thUUF2alAtNjhjdllRQ1J0M1pfYWpVcVFRVWFTa2RUQVVYYjNrZWVQNVZPRU9ENUcxdw?oc=5,google_rss_네이버 when:2d,202.5,13.5,ai_infrastructure_security,ai_infrastructure_security,네이버,,,,,,,general,24.0,published_today,business_change,event:네이버:ai_infrastructure_security,general,Y,"industry_basis_pass:actor=True,change=False,bridge=True",2,naver_telco_strategy_or_infra,Y,naver,202.5,ai_infrastructure_security,competitor:ai_strategy,,,경쟁사_해외이슈,COMPETITOR_AI_STRATEGY,comp_domestic_ai_platform,comp_domestic_ai_platform:네이버 커넥트재단 국립특수교육원과 협력 맞춤 ai 콘텐츠 개발,카카오가 경쟁사 전략·리스크·AI/플랫폼 대응을 비교 참고할 이슈,4,4,5,,,로컬 보조 라벨 / v26.2: overseas structural industry candidate,local_low_confidence,,,COMP_DOMESTIC_AI_PLATFORM,domestic,,카카오가 경쟁사 전략·리스크·AI/플랫폼 대응을 비교 참고할 이슈,comp_domestic_ai_platform:네이버 커넥트재단 국립특수교육원과 협력 맞춤 ai 콘텐츠 개발,comp_domestic_ai_platform,,,
2861,경쟁사/해외이슈,경쟁사_해외이슈,오픈AI,"오픈AI의 포항 데이터센터, KB·우리銀 금융주선…에코프로 투자 추진",오픈ai의 포항 데이터센터 kb 우리 금융주선 에코프로 투자 추진,연합인포맥스,연합인포맥스,"Mon, 13 Jul 2026 01:12:23 GMT","오픈AI의 포항 데이터센터, KB·우리銀 금융주선…에코프로 투자 추진 연합인포맥스",https://news.google.com/rss/articles/CBMicEFVX3lxTE1nd05CeHpaWE9UNVZ4YWhZN3RnNjdJdzVEN3lLOHQtZFkzdGdkaXpKWm55LURvMmlVWXFOQXlFeFdRb3ZoRTY2OVNXMl9DUU1FNGMzWDJpTEY0ZG5pQ0RQLVJ6OTQtS3ZSZHQ0d3JpMHk?oc=5,google_rss_오픈AI when:2d,202.0,16.5,ai_infrastructure_security,ai_infrastructure_security,오픈AI,,,,,,,general,14.0,published_yesterday,business_change,global_incident:ai_security_policy:openai:openai_security_access,general,Y,"industry_basis_pass:actor=True,change=True,bridge=True",3,global_platform_or_overseas_rule,Y,global,202.0,ai_infrastructure_security,competitor:ai_strategy,global_incident:ai_security_policy:openai:openai_security_access:announcement,global_incident:ai_security_policy:openai:openai_security_access,경쟁사_해외이슈,COMPETITOR_PLATFORM_RISK,comp_overseas_regulation_data,global_incident:ai_security_policy:openai:openai_security_access,카카오가 경쟁사 전략·리스크·AI/플랫폼 대응을 비교 참고할 이슈,4,3,4,,,로컬 보조 라벨 / v26.2: overseas structural industry candidate,local_low_confidence,,,COMP_OVERSEAS_REGULATION_DATA,overseas,,카카오가 경쟁사 전략·리스크·AI/플랫폼 대응을 비교 참고할 이슈,global_incident:ai_security_policy:openai:openai_security_access,comp_overseas_regulation_data,,,
2306,경쟁사/해외이슈,경쟁사_해외이슈,KT,"KT, 삼성전자와 피지컬 AI 실증 나선다…자율 운용 네트워크 구축",kt 삼성전자와 피지컬 ai 실증 나선다 자율 운용 네트워크 구축,파이낸셜뉴스,파이낸셜뉴스,"Tue, 14 Jul 2026 06:00:00 GMT","KT, 삼성전자와 피지컬 AI 실증 나선다…자율 운용 네트워크 구축 파이낸셜뉴스",https://news.google.com/rss/articles/CBMiWkFVX3lxTE93VHRXbGIxREp0aVNraE1DYWx0aW9pWXVtQWl2a3RXb0JZajN6em9ObVhyMFgxN3gxZVhOcGFESFdTTFR4cTVYa29DZjZrUlViNmduNHExSkRmZw?oc=5,google_rss_KT when:2d,202.0,11.0,ai_infrastructure_security,ai_infrastructure_security,KT,,,,,,,general,24.0,published_today,business_change,event:KT:ai_infrastructure_security,general,Y,"industry_basis_pass:actor=True,change=True,bridge=False",2,naver_telco_strategy_or_infra,Y,telco,202.0,ai_infrastructure_security,competitor:ai_strategy,,,경쟁사_해외이슈,COMPETITOR_AI_STRATEGY,comp_domestic_ai_platform,KT 금융 AX/AI 인프라 전략,카카오가 경쟁사 전략·리스크·AI/플랫폼 대응을 비교 참고할 이슈,4,4,5,,,로컬 보조 라벨 / v26.2: overseas structural industry candidate,local_low_confidence,,,COMP_DOMESTIC_AI_PLATFORM,domestic,,카카오가 경쟁사 전략·리스크·AI/플랫폼 대응을 비교 참고할 이슈,KT 금융 AX/AI 인프라 전략,comp_domestic_ai_platform,,,
2328,경쟁사/해외이슈,경쟁사_해외이슈,LGU+,"LGU+, AXIS 2026서 AICC 비전 공개…상담 전 과정 AI로 연결",lgu+ axis 2026서 aicc 비전 공개 상담 전 과정 ai로 연결,아이뉴스24,아이뉴스24,"Tue, 14 Jul 2026 02:02:21 GMT","LGU+, AXIS 2026서 AICC 비전 공개…상담 전 과정 AI로 연결 아이뉴스24",https://news.google.com/rss/articles/CBMiS0FVX3lxTE1IdEE1UmtYQTdSZ01sYkpkdVBBMExuamxhUmM2bkcxblFtQzlNZTU2QWlTRzVrSGNzT3dfc2pkckVZVnJrWGNfY0R2TQ?oc=5,google_rss_LGU+ when:2d,202.0,11.0,ai_infrastructure_security,ai_infrastructure_security,LGU+,,,,,,,general,24.0,published_today,business_change,event:LGU+:ai_infrastructure_security,rumor_or_report,Y,"industry_basis_pass:actor=True,change=True,bridge=False",2,naver_telco_strategy_or_infra,Y,telco,202.0,ai_infrastructure_security,competitor:ai_strategy,,,경쟁사_해외이슈,COMPETITOR_AI_STRATEGY,comp_domestic_ai_platform,comp_domestic_ai_platform:lgu+ axis 2026서 aicc 비전 공개 상담 전 과정 ai로 연결,카카오가 경쟁사 전략·리스크·AI/플랫폼 대응을 비교 참고할 이슈,4,4,5,,,로컬 보조 라벨 / v26.2: overseas structural industry candidate,local_low_confidence,,,COMP_DOMESTIC_AI_PLATFORM,domestic,,카카오가 경쟁사 전략·리스크·AI/플랫폼 대응을 비교 참고할 이슈,comp_domestic_ai_platform:lgu+ axis 2026서 aicc 비전 공개 상담 전 과정 ai로 연결,comp_domestic_ai_platform,,,
2322,경쟁사/해외이슈,경쟁사_해외이슈,LGU+,"상담부터 품질 관리까지 한번에…LGU+, 차세대 AI 상담사 공개",상담부터 품질 관리까지 한번에 lgu+ 차세대 ai 상담사 공개,서울경제TV,서울경제TV,"Tue, 14 Jul 2026 01:25:34 GMT","상담부터 품질 관리까지 한번에…LGU+, 차세대 AI 상담사 공개 서울경제TV",https://news.google.com/rss/articles/CBMiZEFVX3lxTE1sYjQwQW52OURiRXZrTTY3cm9BSEd5dnR2RXg1amVkYlhUMUpmM2VSOEZ3blJvV19yVktVdGd4X3FEZEp5Y0FQQ2gtSUdLSUx6VzhibDMzMUFDLWtiMnpCb1RWNmI?oc=5,google_rss_LGU+ when:2d,202.0,11.0,ai_infrastructure_security,ai_infrastructure_security,LGU+,,,,,,,general,24.0,published_today,business_change,event:LGU+:ai_infrastructure_security,rumor_or_report,Y,"industry_basis_pass:actor=True,change=True,bridge=False",2,naver_telco_strategy_or_infra,Y,telco,202.0,ai_infrastructure_security,competitor:ai_strategy,,,경쟁사_해외이슈,COMPETITOR_AI_STRATEGY,comp_domestic_ai_platform,comp_domestic_ai_platform:상담부터 품질 관리까지 한번에 lgu+ 차세대 ai 상담사 공개,카카오가 경쟁사 전략·리스크·AI/플랫폼 대응을 비교 참고할 이슈,4,4,5,,,로컬 보조 라벨 / v26.2: overseas structural industry candidate,local_low_confidence,,,COMP_DOMESTIC_AI_PLATFORM,domestic,,카카오가 경쟁사 전략·리스크·AI/플랫폼 대응을 비교 참고할 이슈,comp_domestic_ai_platform:상담부터 품질 관리까지 한번에 lgu+ 차세대 ai 상담사 공개,comp_domestic_ai_platform,,,
2014,경쟁사/해외이슈,경쟁사_해외이슈,네이버,"네이버 커넥트재단, 국립특수교육원과 AI 특수교육 콘텐츠 개발 협력",네이버 커넥트재단 국립특수교육원과 ai 특수교육 콘텐츠 개발 협력,메트로신문,메트로신문,"Tue, 14 Jul 2026 04:05:43 GMT","네이버 커넥트재단, 국립특수교육원과 AI 특수교육 콘텐츠 개발 협력 메트로신문",https://news.google.com/rss/articles/CBMiYEFVX3lxTE9PTE1ERnY0QnRiNFh4Y3R3bWVLcXVqbG56bTBQdzRTeUFOUWxCS1VPRHRKckVuRGpFeG45ZFd6eHR6TGlWcGV0TW1QSkxCM2E0LVp2OEdVaHhlTjNXazlTQQ?oc=5,google_rss_네이버 when:2d,201.5,13.5,ai_infrastructure_security,ai_infrastructure_security,네이버,,,,,,,general,24.0,published_today,business_change,event:네이버:ai_infrastructure_security,general,Y,"industry_basis_pass:actor=True,change=False,bridge=True",2,naver_telco_strategy_or_infra,Y,naver,201.5,ai_infrastructure_security,competitor:ai_strategy,,,경쟁사_해외이슈,COMPETITOR_AI_STRATEGY,comp_domestic_ai_platform,comp_domestic_ai_platform:네이버 커넥트재단 국립특수교육원과 ai 특수교육 콘텐츠 개발 협력,카카오가 경쟁사 전략·리스크·AI/플랫폼 대응을 비교 참고할 이슈,4,4,5,,,로컬 보조 라벨 / v26.2: overseas structural industry candidate,local_low_confidence,,,COMP_DOMESTIC_AI_PLATFORM,domestic,,카카오가 경쟁사 전략·리스크·AI/플랫폼 대응을 비교 참고할 이슈,comp_domestic_ai_platform:네이버 커넥트재단 국립특수교육원과 ai 특수교육 콘텐츠 개발 협력,comp_domestic_ai_platform,,,
2037,경쟁사/해외이슈,경쟁사_해외이슈,네이버,"네이버 커넥트재단, 국립특수교육원과 AI 교육 콘텐츠 개발 협력",네이버 커넥트재단 국립특수교육원과 ai 교육 콘텐츠 개발 협력,디지틀조선TV,디지틀조선TV,"Tue, 14 Jul 2026 02:29:00 GMT","네이버 커넥트재단, 국립특수교육원과 AI 교육 콘텐츠 개발 협력 디지틀조선TV",https://news.google.com/rss/articles/CBMifEFVX3lxTFBPNG5OVWI4VHctT1lWSE9sclBzYXhTV0YxdzZpNXFLTDhvTTJzLTd3dG0zb3JJZUtZNV81RGswN1BPYmVFOER2TDcwV2hZcEVrMG9qLXZPMll3dmMwUHVyaWdxUk1vRVRlUlZOMU82YVIyek5DVndzeUdLa0k?oc=5,google_rss_네이버 AI when:2d,201.5,13.5,ai_infrastructure_security,ai_infrastructure_security,네이버,,,,,,,general,24.0,published_today,business_change,event:네이버:ai_infrastructure_security,general,Y,"industry_basis_pass:actor=True,change=False,bridge=True",2,naver_telco_strategy_or_infra,Y,naver,201.5,ai_infrastructure_security,competitor:ai_strategy,,,경쟁사_해외이슈,COMPETITOR_AI_STRATEGY,comp_domestic_ai_platform,comp_domestic_ai_platform:네이버 커넥트재단 국립특수교육원과 ai 교육 콘텐츠 개발 협력,카카오가 경쟁사 전략·리스크·AI/플랫폼 대응을 비교 참고할 이슈,4,4,5,,,로컬 보조 라벨 / v26.2: overseas structural industry candidate,local_low_confidence,,,COMP_DOMESTIC_AI_PLATFORM,domestic,,카카오가 경쟁사 전략·리스크·AI/플랫폼 대응을 비교 참고할 이슈,comp_domestic_ai_platform:네이버 커넥트재단 국립특수교육원과 ai 교육 콘텐츠 개발 협력,comp_domestic_ai_platform,,,
2682,경쟁사/해외이슈,경쟁사_해외이슈,구글,"구글, 풀스택 AI 내세워 오픈AI·앤트로픽 추격…기업용 AI 시장 공략 박차",구글 풀스택 ai 내세워 오픈ai 앤트로픽 추격 기업용 ai 시장 공략 박차,전자신문,전자신문,"Tue, 14 Jul 2026 06:02:15 GMT","구글, 풀스택 AI 내세워 오픈AI·앤트로픽 추격…기업용 AI 시장 공략 박차 전자신문",https://news.google.com/rss/articles/CBMiTkFVX3lxTE5SN1BBSTVTNUJaQmJrTHVIUFkzY0p3V2gyTDFTaGhjb3p0eEVnbE1VbkJfSlV0Q18zN2UzdDB5aVNBOTNpQzFwd0tTdWRBUQ?oc=5,google_rss_구글 when:2d,201.0,16.0,ai_infrastructure_security,ai_infrastructure_security,"구글,앤트로픽,오픈AI",,,,,,,general,24.0,published_today,business_change,global_incident:ai_security_policy:google:anthropic_glasswing_security,general,,"weak_form_without_full_basis:actor=True,change=False,bridge=True",2,global_platform_or_overseas_rule,Y,global,201.0,ai_infrastructure_security,competitor:ai_strategy,global_incident:ai_security_policy:google:anthropic_glasswing_security:general,global_incident:ai_security_policy:google:anthropic_glasswing_security,경쟁사_해외이슈,COMPETITOR_AI_STRATEGY,comp_overseas_platform_ai,global_incident:ai_security_policy:google:anthropic_glasswing_security,카카오가 경쟁사 전략·리스크·AI/플랫폼 대응을 비교 참고할 이슈,4,3,4,,,로컬 보조 라벨,local_low_confidence,,,COMP_OVERSEAS_PLATFORM_AI,overseas,,카카오가 경쟁사 전략·리스크·AI/플랫폼 대응을 비교 참고할 이슈,global_incident:ai_security_policy:google:anthropic_glasswing_security,comp_overseas_platform_ai,,,
2343,경쟁사/해외이슈,경쟁사_해외이슈,LGU+,LGU+ 패소한 ‘5G 과장광고’ 소송…KT·SKT도 결론 임박,lgu+ 패소한 5g 과장광고 소송 kt skt도 결론 임박,뉴스임팩트,뉴스임팩트,"Mon, 13 Jul 2026 06:53:32 GMT",LGU+ 패소한 ‘5G 과장광고’ 소송…KT·SKT도 결론 임박 뉴스임팩트,https://news.google.com/rss/articles/CBMickFVX3lxTE5SbzhxaEdNMTliRVd3dUFnSFlVZnZSbzJzQUlQR0J4NVE4S2RkVzFFSjlua3hiUVRWN0NSZFZZZkxnRFNxWWM3QTh0QThUMVAxU3pIVGxyaUttYzBtNGtlYnZBaENSUXFfWHp0UjRUaThJUQ?oc=5,google_rss_LGU+ when:2d,200.5,22.0,search_ads,,"KT,LGU+,SKT",,,,,,,general,14.0,published_yesterday,direct_risk,,general,Y,"industry_basis_pass:actor=True,change=False,bridge=True",2,naver_telco_strategy_or_infra,Y,telco,200.5,,,,,경쟁사_해외이슈,COMPETITOR_PLATFORM_RISK,comp_domestic_finance_commerce,comp_domestic_finance_commerce:lgu+ 패소한 5g 과장광고 소송 kt skt도 결론 임박,카카오가 경쟁사 전략·리스크·AI/플랫폼 대응을 비교 참고할 이슈,4,4,5,,,로컬 보조 라벨 / v26.2: overseas structural industry candidate,local_low_confidence,,,COMP_DOMESTIC_FINANCE_COMMERCE,domestic,,카카오가 경쟁사 전략·리스크·AI/플랫폼 대응을 비교 참고할 이슈,comp_domestic_finance_commerce:lgu+ 패소한 5g 과장광고 소송 kt skt도 결론 임박,comp_domestic_finance_commerce,,,
3015,경쟁사/해외이슈,경쟁사_해외이슈,메타,"메타, 루이지애나 데이터센터 5기가와트 규모로 확장",메타 루이지애나 데이터센터 5기가와트 규모로 확장,Investing.com 한국어,Investing.com 한국어,"Mon, 13 Jul 2026 10:09:00 GMT","메타, 루이지애나 데이터센터 5기가와트 규모로 확장 Investing.com 한국어",https://news.google.com/rss/articles/CBMid0FVX3lxTFA4M3hFbkRqVzVWSDU2Zm9EWkF3R25ZUlh5amtjYUM0d1V0LV81T1kwcHU1R2ptSG03dzdyZ1BxUDJMaU4tb2FYMmhzOEhjdEdJUWlxQjlpcnVkbUVnU0dSWDNlZU1jUU56X1VacGUwQUl1cWtmbkE4?oc=5,google_rss_메타 when:2d,200.5,14.0,ai_infrastructure_security,ai_infrastructure_security,메타,,,,,,,general,14.0,published_yesterday,general,event:메타:ai_infrastructure_security,general,Y,"industry_basis_pass:actor=True,change=False,bridge=True",2,global_platform_or_overseas_rule,Y,global,200.5,ai_infrastructure_security,competitor:ai_strategy,,,경쟁사_해외이슈,COMPETITOR_PLATFORM_RISK,comp_overseas_regulation_data,comp_overseas_regulation_data:메타 루이지애나 데이터센터 5기가와트 규모로 확장,카카오가 경쟁사 전략·리스크·AI/플랫폼 대응을 비교 참고할 이슈,4,3,4,,,로컬 보조 라벨 / v26.2: overseas structural industry candidate,local_low_confidence,,,COMP_OVERSEAS_REGULATION_DATA,overseas,,카카오가 경쟁사 전략·리스크·AI/플랫폼 대응을 비교 참고할 이슈,comp_overseas_regulation_data:메타 루이지애나 데이터센터 5기가와트 규모로 확장,comp_overseas_regulation_data,,,
2906,경쟁사/해외이슈,경쟁사_해외이슈,오픈AI,오픈AI vs 앤트로픽: 장기 AI 패권을 쥘 기업은 어디인가,오픈ai vs 앤트로픽 장기 ai 패권을 쥘 기업은 어디인가,Yellow.com,Yellow.com,"Mon, 13 Jul 2026 08:35:36 GMT",오픈AI vs 앤트로픽: 장기 AI 패권을 쥘 기업은 어디인가 Yellow.com,https://news.google.com/rss/articles/CBMivAJBVV95cUxNcktwaGc2Vk9fa2pITjQxY0M4NER3VVNhWGdtWnJuUXl0N0tBb2I1NUJqMnhUZVJteGxvb1dOZWFzeTM2WVd6RDNFMDY5NTRoLVBzWm1ESEZ0LW1qWVFNc1gzZEoyejRndDJ6UEExYzdtT0FLWllucDVwdDZBYS00elUyR2xLa19Wc2ZWMnkyNDc2ZFROVC1jMHJLOXJVYTJSQzV6RkJDYmExQ1ZvZ1JVUXRhSlcwMnBEdnNFd3YyUFVwV2p5N0FyaGxnbVVXMGh0RF9GbVg4bnlPSHRQM2t6aV9zcDdGUzJRM2xoQkx6YzZCYkRvdS00a1V3UlpGTlQ4akJJQzhPSHdITnM1QjlrT0lvNzdHSUhzMmx0TkVUcHJNRHM2RFh4bUhxaDFPelZndGJ0c2tiWVllRllh?oc=5,google_rss_오픈AI AI when:2d,200.0,13.5,ai_infrastructure_security,ai_infrastructure_security,"앤트로픽,오픈AI",,,,,,,general,14.0,published_yesterday,business_change,global_incident:ai_security_policy:openai:anthropic_glasswing_security,general,Y,"industry_basis_pass:actor=True,change=False,bridge=True",2,global_platform_or_overseas_rule,Y,global,200.0,ai_infrastructure_security,competitor:ai_strategy,global_incident:ai_security_policy:openai:anthropic_glasswing_security:general,global_incident:ai_security_policy:openai:anthropic_glasswing_security,경쟁사_해외이슈,COMPETITOR_AI_STRATEGY,comp_overseas_platform_ai,global_incident:ai_security_policy:openai:anthropic_glasswing_security,카카오가 경쟁사 전략·리스크·AI/플랫폼 대응을 비교 참고할 이슈,4,3,4,,,로컬 보조 라벨 / v26.2: overseas structural industry candidate,local_low_confidence,,,COMP_OVERSEAS_PLATFORM_AI,overseas,,카카오가 경쟁사 전략·리스크·AI/플랫폼 대응을 비교 참고할 이슈,global_incident:ai_security_policy:openai:anthropic_glasswing_security,comp_overseas_platform_ai,,,
2189,경쟁사/해외이슈,경쟁사_해외이슈,SKT,"SKT, 피지컬 AI 시대 연다…AI-RAN 선도망 구축",skt 피지컬 ai 시대 연다 ai ran 선도망 구축,아이뉴스24,아이뉴스24,"Tue, 14 Jul 2026 01:38:36 GMT","SKT, 피지컬 AI 시대 연다…AI-RAN 선도망 구축 아이뉴스24",https://news.google.com/rss/articles/CBMiS0FVX3lxTE1TdHI0dzBldmxYMTR5WEk1M0dsU2ZFUndsS0xBeHl1MGQ1QkpnZzhHVjh6Smd5MWhjemNnVkp6b0prMnpZNVhQR0g4WQ?oc=5,google_rss_SKT when:2d,200.0,11.0,ai_infrastructure_security,ai_infrastructure_security,SKT,,,,,,,general,24.0,published_today,business_change,event:SKT:ai_infrastructure_security,general,Y,"industry_basis_pass:actor=True,change=True,bridge=False",2,naver_telco_strategy_or_infra,Y,telco,200.0,ai_infrastructure_security,competitor:ai_strategy,,,경쟁사_해외이슈,COMPETITOR_PLATFORM_RISK,comp_domestic_public_infra,KT 금융 AX/AI 인프라 전략,카카오가 경쟁사 전략·리스크·AI/플랫폼 대응을 비교 참고할 이슈,4,4,5,,,로컬 보조 라벨 / v26.2: overseas structural industry candidate,local_low_confidence,,,COMP_DOMESTIC_PUBLIC_INFRA,domestic,,카카오가 경쟁사 전략·리스크·AI/플랫폼 대응을 비교 참고할 이슈,KT 금융 AX/AI 인프라 전략,comp_domestic_public_infra,,,
2763,경쟁사/해외이슈,경쟁사_해외이슈,구글,"英, 금융권 클라우드 리스크 관리 강화…MS·구글·AWS 규제",금융권 클라우드 리스크 관리 강화 ms 구글 aws 규제,알파경제,알파경제,"Sun, 12 Jul 2026 22:37:49 GMT","英, 금융권 클라우드 리스크 관리 강화…MS·구글·AWS 규제 알파경제",https://news.google.com/rss/articles/CBMibkFVX3lxTE9DLVhzQmNaUWtsVDZvZ0tYUDhGbjFjeTRDV0FHRmFUYjhWcXJ1ZjdWMjU1aDM5N0loSkZ0eExMbUU3LWN5RU4xd1JtcE9FNlBsU3BfczlyRWg4bVhEVE9SM1dhSmJTdGZOdV9lVmRn?oc=5,google_rss_구글 규제 when:2d,199.5,53.5,policy_legislation,policy_legislation,구글,,Y,,,,competitor:platform_obligation,platform_operator_obligation,14.0,published_yesterday,general,global_incident:platform_regulation:google:platform_operator_obligation,general,Y,"industry_basis_pass:actor=True,change=True,bridge=True",3,global_platform_or_overseas_rule,Y,global,199.5,policy_legislation,competitor:platform_obligation,global_incident:platform_regulation:google:platform_operator_obligation:general,global_incident:platform_regulation:google:platform_operator_obligation,경쟁사_해외이슈,COMPETITOR_PLATFORM_RISK,comp_overseas_regulation_data,global_incident:platform_regulation:google:platform_operator_obligation,카카오가 경쟁사 전략·리스크·AI/플랫폼 대응을 비교 참고할 이슈,4,3,4,,,로컬 보조 라벨 / v26.2: overseas structural industry candidate,local_low_confidence,,,COMP_OVERSEAS_REGULATION_DATA,overseas,,카카오가 경쟁사 전략·리스크·AI/플랫폼 대응을 비교 참고할 이슈,global_incident:platform_regulation:google:platform_operator_obligation,comp_overseas_regulation_data,,,
2347,경쟁사/해외이슈,경쟁사_해외이슈,LGU+,"“양자보안에도 통화 지연 0.15초 이내”…LGU+, 국제표준 선점 나선다",양자보안에도 통화 지연 0 15초 이내 lgu+ 국제표준 선점 나선다,AP신문,AP신문,"Sun, 12 Jul 2026 23:55:27 GMT","“양자보안에도 통화 지연 0.15초 이내”…LGU+, 국제표준 선점 나선다 AP신문",https://news.google.com/rss/articles/CBMibEFVX3lxTE9NdkFLN1lmbTdGMV9ESEhOYnJEZE41V0pBYTRPUExNNVpkTWszcEdaWDNYN01hZnBRQ0JwRVRHcFQyRlc5OVVMajhBV0Q2QlZzRzE5NHFoWjN4SS1QWXlkN1dCa01HVEswcTl2c9IBbEFVX3lxTE9NdkFLN1lmbTdGMV9ESEhOYnJEZE41V0pBYTRPUExNNVpkTWszcEdaWDNYN01hZnBRQ0JwRVRHcFQyRlc5OVVMajhBV0Q2QlZzRzE5NHFoWjN4SS1QWXlkN1dCa01HVEswcTl2cw?oc=5,google_rss_LGU+ when:2d,199.5,18.0,"phishing_security,privacy_security_reliability",security_general,LGU+,,,,,,,general,14.0,published_yesterday,direct_risk,event:LGU+:phishing_security+privacy_security_reliability,general,Y,"industry_basis_pass:actor=True,change=True,bridge=True",3,naver_telco_strategy_or_infra,Y,telco,199.5,privacy_security_reliability,competitor:security_reliability,,,경쟁사_해외이슈,COMPETITOR_AI_STRATEGY,comp_domestic_strategy,comp_domestic_strategy:양자보안에도 통화 지연 0 15초 이내 lgu+ 국제표준 선점 나선다,카카오가 경쟁사 전략·리스크·AI/플랫폼 대응을 비교 참고할 이슈,4,4,5,,,로컬 보조 라벨 / v26.2: overseas structural industry candidate,local_low_confidence,,,COMP_DOMESTIC_STRATEGY,domestic,,카카오가 경쟁사 전략·리스크·AI/플랫폼 대응을 비교 참고할 이슈,comp_domestic_strategy:양자보안에도 통화 지연 0 15초 이내 lgu+ 국제표준 선점 나선다,comp_domestic_strategy,,,
2003,경쟁사/해외이슈,경쟁사_해외이슈,네이버,"팀네이버, ICML 2026서 AI 풀스택 기술 공개…상위 2.2% 스포트라이트 선정",팀네이버 icml 2026서 ai 풀스택 기술 공개 상위 2 2 스포트라이트 선정,대한행정사회신문,대한행정사회신문,"Tue, 14 Jul 2026 00:28:27 GMT","팀네이버, ICML 2026서 AI 풀스택 기술 공개…상위 2.2% 스포트라이트 선정 대한행정사회신문",https://news.google.com/rss/articles/CBMiWEFVX3lxTE42c1VrLWNGLWJtdzV6dXp4aGhvNjcyTmlJY2FFMlhJclFtNlJRSC1CeTRDd3BKZTJ6Vjc1aWpyNXRGMjZoSVlRV2pxS3l6Rl80STZNNGpQQnY?oc=5,google_rss_네이버 when:2d,199.5,13.5,ai_infrastructure_security,ai_infrastructure_security,네이버,,,,,,,general,24.0,published_today,business_change,event:네이버:ai_infrastructure_security,rumor_or_report,Y,"industry_basis_pass:actor=True,change=True,bridge=True",3,naver_telco_strategy_or_infra,Y,naver,199.5,ai_infrastructure_security,competitor:ai_strategy,,,경쟁사_해외이슈,COMPETITOR_PLATFORM_RISK,comp_domestic_public_infra,comp_domestic_public_infra:팀네이버 icml 2026서 ai 풀스택 기술 공개 상위 2 2 스포트라이트 선정,카카오가 경쟁사 전략·리스크·AI/플랫폼 대응을 비교 참고할 이슈,4,4,5,,,로컬 보조 라벨 / v26.2: overseas structural industry candidate,local_low_confidence,,,COMP_DOMESTIC_PUBLIC_INFRA,domestic,,카카오가 경쟁사 전략·리스크·AI/플랫폼 대응을 비교 참고할 이슈,comp_domestic_public_infra:팀네이버 icml 2026서 ai 풀스택 기술 공개 상위 2 2 스포트라이트 선정,comp_domestic_public_infra,,,
2911,경쟁사/해외이슈,경쟁사_해외이슈,오픈AI,"[빅테크칼럼] 오픈AI·앤트로픽, 자사 AI 복제하는 중국 가짜 계정에 '경고' 후 뒤로 팔았다…모순의 이중구조 드러나",빅테크칼럼 오픈ai 앤트로픽 자사 ai 복제하는 중국 가짜 계정에 경고 후 뒤로 팔았다 모순의 이중구조 드러나,뉴스스페이스,뉴스스페이스,"Mon, 13 Jul 2026 03:41:51 GMT","[빅테크칼럼] 오픈AI·앤트로픽, 자사 AI 복제하는 중국 가짜 계정에 '경고' 후 뒤로 팔았다…모순의 이중구조 드러나 뉴스스페이스",https://news.google.com/rss/articles/CBMiW0FVX3lxTFBqSWJxTlJnbmNiYUdqNVlMYVZqS1JzZHlNbWlXTl9HanJSTGdYeXA2WE9IS2lNaWdlM2p6WXBWVFZtZnpMLU5TU2Y4aFZWajgtUnBRUFBhbnhWN1E?oc=5,google_rss_오픈AI AI when:2d,199.0,13.5,ai_infrastructure_security,ai_infrastructure_security,"앤트로픽,오픈AI",,,,,,,general,14.0,published_yesterday,business_change,global_incident:ai_security_policy:openai:anthropic_glasswing_security,general,Y,"industry_basis_pass:actor=True,change=False,bridge=True",2,global_platform_or_overseas_rule,Y,global,199.0,ai_infrastructure_security,competitor:ai_strategy,global_incident:ai_security_policy:openai:anthropic_glasswing_security:general,global_incident:ai_security_policy:openai:anthropic_glasswing_security,경쟁사_해외이슈,COMPETITOR_PLATFORM_RISK,comp_overseas_regulation_data,global_incident:ai_security_policy:openai:anthropic_glasswing_security,카카오가 경쟁사 전략·리스크·AI/플랫폼 대응을 비교 참고할 이슈,4,3,4,,,로컬 보조 라벨 / v26.2: overseas structural industry candidate,local_low_confidence,,,COMP_OVERSEAS_REGULATION_DATA,overseas,,카카오가 경쟁사 전략·리스크·AI/플랫폼 대응을 비교 참고할 이슈,global_incident:ai_security_policy:openai:anthropic_glasswing_security,comp_overseas_regulation_data,,,
2319,경쟁사/해외이슈,경쟁사_해외이슈,KT,"KT, 삼성전자·HD현대삼호와 피지컬 AI 인프라 구축 나선다",kt 삼성전자 hd현대삼호와 피지컬 ai 인프라 구축 나선다,워크투데이,워크투데이,"Tue, 14 Jul 2026 07:18:59 GMT","KT, 삼성전자·HD현대삼호와 피지컬 AI 인프라 구축 나선다 워크투데이",https://news.google.com/rss/articles/CBMibEFVX3lxTE11azlVb2htbm8wMmNfMXNwZzhrVm94VWk4bWVzZU05aHd2dnVSLS14RGh6VGtnWE5SUGlIeG52dnNMZ0xHRlE5TnBUVnBDX3A5ZjZ2UThUdXc0RW1KT0hHVDR5clNZdHNXX2FUQw?oc=5,google_rss_KT when:2d,199.0,11.0,ai_infrastructure_security,ai_infrastructure_security,KT,,,,,,,general,24.0,published_today,business_change,event:KT:ai_infrastructure_security,general,Y,"industry_basis_pass:actor=True,change=True,bridge=False",2,naver_telco_strategy_or_infra,Y,telco,199.0,ai_infrastructure_security,competitor:ai_strategy,,,경쟁사_해외이슈,COMPETITOR_AI_STRATEGY,comp_domestic_ai_platform,국가 AI 인프라/AIDC/GPU 정책,카카오가 경쟁사 전략·리스크·AI/플랫폼 대응을 비교 참고할 이슈,4,4,5,,,로컬 보조 라벨 / v26.2: overseas structural industry candidate,local_low_confidence,,,COMP_DOMESTIC_AI_PLATFORM,domestic,,카카오가 경쟁사 전략·리스크·AI/플랫폼 대응을 비교 참고할 이슈,국가 AI 인프라/AIDC/GPU 정책,comp_domestic_ai_platform,,,
2228,경쟁사/해외이슈,경쟁사_해외이슈,SKT,"[재계 투데이] SKT, AI-RAN 선도망 구축 사업 착수",재계 투데이 skt ai ran 선도망 구축 사업 착수,네이트,네이트,"Tue, 14 Jul 2026 07:15:00 GMT","[재계 투데이] SKT, AI-RAN 선도망 구축 사업 착수 네이트",https://news.google.com/rss/articles/CBMieEFVX3lxTE9ISXpOaUl0NXZLVmVyZlNXZkZEZGZ1Q203QThVOUd6b01ZZXlNc1pnTzhMTnB4alhmMDVYUVhMaWJjY3BwdEFjLTlPZHBCRDJ6emFnalhVTnZlWU5jODdPbWgtcF82V3FYV1FxNVdJWktCSHI4N2hhaQ?oc=5,google_rss_SKT when:2d,199.0,11.0,ai_infrastructure_security,ai_infrastructure_security,SKT,,,,,,,general,24.0,published_today,business_change,event:SKT:ai_infrastructure_security,general,Y,"industry_basis_pass:actor=True,change=True,bridge=False",2,naver_telco_strategy_or_infra,Y,telco,199.0,ai_infrastructure_security,competitor:ai_strategy,,,경쟁사_해외이슈,COMPETITOR_PLATFORM_RISK,comp_domestic_public_infra,KT 금융 AX/AI 인프라 전략,카카오가 경쟁사 전략·리스크·AI/플랫폼 대응을 비교 참고할 이슈,4,4,5,,,로컬 보조 라벨 / v26.2: overseas structural industry candidate,local_low_confidence,,,COMP_DOMESTIC_PUBLIC_INFRA,domestic,,카카오가 경쟁사 전략·리스크·AI/플랫폼 대응을 비교 참고할 이슈,KT 금융 AX/AI 인프라 전략,comp_domestic_public_infra,,,
2182,경쟁사/해외이슈,경쟁사_해외이슈,SKT,"SKT, 'AI고속도로' 핵심 AI-RAN 선도망 구축…피지컬 AI 실증 본격화",skt ai고속도로 핵심 ai ran 선도망 구축 피지컬 ai 실증 본격화,더테크,더테크,"Tue, 14 Jul 2026 06:57:01 GMT","SKT, 'AI고속도로' 핵심 AI-RAN 선도망 구축…피지컬 AI 실증 본격화 더테크",https://news.google.com/rss/articles/CBMiY0FVX3lxTFBLVU44Zi1scUtCSnhoaWN6U1Q2WUxOaGk4eTlTcnItSkNaM0d6RWJVMWw2RlZObXZhd29pV0I2VGhNckNfYlYxSXFyTkg4NU5oV1VKcUNrVFhVY1ZTa3EzSFFKaw?oc=5,google_rss_SKT when:2d,199.0,11.0,ai_infrastructure_security,ai_infrastructure_security,SKT,,,,,,,general,24.0,published_today,business_change,event:SKT:ai_infrastructure_security,general,Y,"industry_basis_pass:actor=True,change=True,bridge=False",2,naver_telco_strategy_or_infra,Y,telco,199.0,ai_infrastructure_security,competitor:ai_strategy,,,경쟁사_해외이슈,COMPETITOR_PLATFORM_RISK,comp_domestic_public_infra,KT 금융 AX/AI 인프라 전략,카카오가 경쟁사 전략·리스크·AI/플랫폼 대응을 비교 참고할 이슈,4,4,5,,,로컬 보조 라벨 / v26.2: overseas structural industry candidate,local_low_confidence,,,COMP_DOMESTIC_PUBLIC_INFRA,domestic,,카카오가 경쟁사 전략·리스크·AI/플랫폼 대응을 비교 참고할 이슈,KT 금융 AX/AI 인프라 전략,comp_domestic_public_infra,,,
2297,경쟁사/해외이슈,경쟁사_해외이슈,KT,"KT, 국가 AI 인프라로 성장동력 확보… '공공 클라우드' 기대 커진다",kt 국가 ai 인프라로 성장동력 확보 공공 클라우드 기대 커진다,비즈트리뷴,비즈트리뷴,"Tue, 14 Jul 2026 06:54:25 GMT","KT, 국가 AI 인프라로 성장동력 확보… '공공 클라우드' 기대 커진다 비즈트리뷴",https://news.google.com/rss/articles/CBMicEFVX3lxTE5aQUlEY1BvRXgya1FyTE93VlRMX1hjTTRmczRaTkFxRjJiVHd0QlhlSHFFYWExenpWTlliV0ViWnBma0lqWnpHMVFYbEZ0UnZ5SGFfcWFxaDF3Z2ZkTjVlSjlzZDZRd0pYYTJxMW15Tkw?oc=5,google_rss_KT when:2d,199.0,11.0,ai_infrastructure_security,ai_infrastructure_security,KT,,,,,,,general,24.0,published_today,business_change,event:KT:ai_infrastructure_security,general,Y,"industry_basis_pass:actor=True,change=True,bridge=True",3,naver_telco_strategy_or_infra,Y,telco,199.0,ai_infrastructure_security,competitor:ai_strategy,,,경쟁사_해외이슈,COMPETITOR_PLATFORM_RISK,comp_domestic_public_infra,국가 AI 인프라/AIDC/GPU 정책,카카오가 경쟁사 전략·리스크·AI/플랫폼 대응을 비교 참고할 이슈,4,4,5,,,로컬 보조 라벨 / v26.2: overseas structural industry candidate,local_low_confidence,,,COMP_DOMESTIC_PUBLIC_INFRA,domestic,,카카오가 경쟁사 전략·리스크·AI/플랫폼 대응을 비교 참고할 이슈,국가 AI 인프라/AIDC/GPU 정책,comp_domestic_public_infra,,,
2217,경쟁사/해외이슈,경쟁사_해외이슈,SKT,"SKT, ‘AI-RAN 선도망’ 구축 착수…AI고속도로 핵심 인프라 확보",skt ai ran 선도망 구축 착수 ai고속도로 핵심 인프라 확보,워크투데이,워크투데이,"Tue, 14 Jul 2026 06:39:52 GMT","SKT, ‘AI-RAN 선도망’ 구축 착수…AI고속도로 핵심 인프라 확보 워크투데이",https://news.google.com/rss/articles/CBMibEFVX3lxTFAtSlN5Q241LXRQbms5cXJiX1NRazI4TVpLN01uZ1BrRklTM3B3cGg2eDU1YXJfOWdJV2xYNjdEUGZPUExGc0dNTHRBS2xscHNPSmhHWml3U1ptbHgySXVyT2xEUHdzZFpaN3FvMw?oc=5,google_rss_SKT when:2d,199.0,11.0,ai_infrastructure_security,ai_infrastructure_security,SKT,,,,,,,general,24.0,published_today,business_change,event:SKT:ai_infrastructure_security,general,Y,"industry_basis_pass:actor=True,change=True,bridge=False",2,naver_telco_strategy_or_infra,Y,telco,199.0,ai_infrastructure_security,competitor:ai_strategy,,,경쟁사_해외이슈,COMPETITOR_PLATFORM_RISK,comp_domestic_public_infra,KT 금융 AX/AI 인프라 전략,카카오가 경쟁사 전략·리스크·AI/플랫폼 대응을 비교 참고할 이슈,4,4,5,,,로컬 보조 라벨 / v26.2: overseas structural industry candidate,local_low_confidence,,,COMP_DOMESTIC_PUBLIC_INFRA,domestic,,카카오가 경쟁사 전략·리스크·AI/플랫폼 대응을 비교 참고할 이슈,KT 금융 AX/AI 인프라 전략,comp_domestic_public_infra,,,
2156,경쟁사/해외이슈,경쟁사_해외이슈,SKT,"SKT, ‘AI고속도로’ 핵심 ‘AI-RAN 선도망’ 구축 사업 착수",skt ai고속도로 핵심 ai ran 선도망 구축 사업 착수,SK텔레콤 뉴스룸,SK텔레콤 뉴스룸,"Tue, 14 Jul 2026 06:06:45 GMT","SKT, ‘AI고속도로’ 핵심 ‘AI-RAN 선도망’ 구축 사업 착수 SK텔레콤 뉴스룸",https://news.google.com/rss/articles/CBMiSEFVX3lxTE9yQkFHLTZBZXR0M3hSU3c0TWtiNDNTT2QwUFJqeFdpTWJHSDdBWXVJUG5BMm1scUVVdm1lTVhHV1I5Nm5NVHBVMw?oc=5,google_rss_SKT when:2d,199.0,11.0,ai_infrastructure_security,ai_infrastructure_security,SKT,,,,,,,general,24.0,published_today,business_change,event:SKT:ai_infrastructure_security,general,Y,"industry_basis_pass:actor=True,change=True,bridge=False",2,naver_telco_strategy_or_infra,Y,telco,199.0,ai_infrastructure_security,competitor:ai_strategy,,,경쟁사_해외이슈,COMPETITOR_PLATFORM_RISK,comp_domestic_public_infra,KT 금융 AX/AI 인프라 전략,카카오가 경쟁사 전략·리스크·AI/플랫폼 대응을 비교 참고할 이슈,4,4,5,,,로컬 보조 라벨 / v26.2: overseas structural industry candidate,local_low_confidence,,,COMP_DOMESTIC_PUBLIC_INFRA,domestic,,카카오가 경쟁사 전략·리스크·AI/플랫폼 대응을 비교 참고할 이슈,KT 금융 AX/AI 인프라 전략,comp_domestic_public_infra,,,
2216,경쟁사/해외이슈,경쟁사_해외이슈,SKT,"SKT, AI-RAN 선도망 구축한다…피지컬 AI 실증 본격화",skt ai ran 선도망 구축한다 피지컬 ai 실증 본격화,핀포인트뉴스,핀포인트뉴스,"Tue, 14 Jul 2026 06:05:00 GMT","SKT, AI-RAN 선도망 구축한다…피지컬 AI 실증 본격화 핀포인트뉴스",https://news.google.com/rss/articles/CBMic0FVX3lxTFBibXl3ZDhlYkMzWEFwQVJ3eUhLc0pqWlg4M1B0Zl82NXJvYzJnaXlyNC10cVVoWEFqaktTbWE2amE5ZG9hMUpRUF9IbmVsRXZWSVFZbFZrV0tnMmJReWxlVWJfVUJEY0JJWEdSamFRazRzWGvSAXdBVV95cUxNTTZvWVVkTm1vRFdYT05kem9kcmJVRHpwMmJNNmdJcnFXeXV5MG94UXoyakpybzNIcEdSTEJ2Ty1WTG5iaEtVdzFIYUJTUkFmMXM3VTU5M0tmS0d1Y2VPUUpCXzFIbDJLZWhhS3R3WW11TFdQQTNnZw?oc=5,google_rss_SKT when:2d,199.0,11.0,ai_infrastructure_security,ai_infrastructure_security,SKT,,,,,,,general,24.0,published_today,business_change,event:SKT:ai_infrastructure_security,general,Y,"industry_basis_pass:actor=True,change=True,bridge=False",2,naver_telco_strategy_or_infra,Y,telco,199.0,ai_infrastructure_security,competitor:ai_strategy,,,경쟁사_해외이슈,COMPETITOR_PLATFORM_RISK,comp_domestic_public_infra,KT 금융 AX/AI 인프라 전략,카카오가 경쟁사 전략·리스크·AI/플랫폼 대응을 비교 참고할 이슈,4,4,5,,,로컬 보조 라벨 / v26.2: overseas structural industry candidate,local_low_confidence,,,COMP_DOMESTIC_PUBLIC_INFRA,domestic,,카카오가 경쟁사 전략·리스크·AI/플랫폼 대응을 비교 참고할 이슈,KT 금융 AX/AI 인프라 전략,comp_domestic_public_infra,,,
2180,경쟁사/해외이슈,경쟁사_해외이슈,SKT,"SKT, 삼성·에릭슨·노키아와 AI 기지국 구축… 로봇 연산 부담 줄인다 - 조선비즈",skt 삼성 에릭슨 노키아와 ai 기지국 구축 로봇 연산 부담 줄인다,Chosunbiz,Chosunbiz,"Tue, 14 Jul 2026 06:04:18 GMT","SKT, 삼성·에릭슨·노키아와 AI 기지국 구축… 로봇 연산 부담 줄인다 - 조선비즈 Chosunbiz",https://news.google.com/rss/articles/CBMiggFBVV95cUxNMUVUQkduQ0QxYXlaLV81MDZja2QyVm5lY0liZTZORlBuV1I5MUF1Wk5yNjM1dEhVaUIySGFKcEpoUEhtOFM4ZV9aTi1lbjZ6R3FDTnZuam5mM2NrdV8wT3FlRWVDSFRTaE9aWng4R3RaampCNDBIZUM1Q3VDdWd5WktB0gGWAUFVX3lxTE5WdVc2Wnk4NTN4YzBkaTJvSmtsWEEtSU9yYVNZTENWU2JWZXZxWUxfbXlGSUkyREJzcEVIbWRKeC1FaktaT2M1dnYzRHVjamM2bzdzRmdodEJSTjB0emRNZkdaRnlTYWtCYXVFelBFYVBVRE9WanFvcVVrdzg3RWVId2t1cVIzeTJvdDd4OWd3aGJWNDdaUQ?oc=5,google_rss_SKT when:2d,199.0,11.0,ai_infrastructure_security,ai_infrastructure_security,SKT,,,,,,,general,24.0,published_today,business_change,event:SKT:ai_infrastructure_security,general,Y,"industry_basis_pass:actor=True,change=True,bridge=False",2,naver_telco_strategy_or_infra,Y,telco,199.0,ai_infrastructure_security,competitor:ai_strategy,,,경쟁사_해외이슈,COMPETITOR_AI_STRATEGY,comp_domestic_ai_platform,KT 금융 AX/AI 인프라 전략,카카오가 경쟁사 전략·리스크·AI/플랫폼 대응을 비교 참고할 이슈,4,4,5,,,로컬 보조 라벨 / v26.2: overseas structural industry candidate,local_low_confidence,,,COMP_DOMESTIC_AI_PLATFORM,domestic,,카카오가 경쟁사 전략·리스크·AI/플랫폼 대응을 비교 참고할 이슈,KT 금융 AX/AI 인프라 전략,comp_domestic_ai_platform,,,
2178,경쟁사/해외이슈,경쟁사_해외이슈,SKT,"SKT, AI-RAN 선도망 구축 본격화…피지컬 AI 실증 나선다",skt ai ran 선도망 구축 본격화 피지컬 ai 실증 나선다,중소기업신문,중소기업신문,"Tue, 14 Jul 2026 06:04:13 GMT","SKT, AI-RAN 선도망 구축 본격화…피지컬 AI 실증 나선다 중소기업신문",https://news.google.com/rss/articles/CBMibEFVX3lxTFBqWjVEN1BSN1ZWTW9uenN5S3BTSVpIVkdWMl9fSlA5N2pObGlFRF95c3dHNlZ3aWdtOFF1M1hfTWJDc3p0ODVuNFVfNG5xZDNBd202RmxETVhwUFFvRXg3anpvek1BemNlZTdSNw?oc=5,google_rss_SKT when:2d,199.0,11.0,ai_infrastructure_security,ai_infrastructure_security,SKT,,,,,,,general,24.0,published_today,business_change,event:SKT:ai_infrastructure_security,general,Y,"industry_basis_pass:actor=True,change=True,bridge=False",2,naver_telco_strategy_or_infra,Y,telco,199.0,ai_infrastructure_security,competitor:ai_strategy,,,경쟁사_해외이슈,COMPETITOR_PLATFORM_RISK,comp_domestic_public_infra,KT 금융 AX/AI 인프라 전략,카카오가 경쟁사 전략·리스크·AI/플랫폼 대응을 비교 참고할 이슈,4,4,5,,,로컬 보조 라벨 / v26.2: overseas structural industry candidate,local_low_confidence,,,COMP_DOMESTIC_PUBLIC_INFRA,domestic,,카카오가 경쟁사 전략·리스크·AI/플랫폼 대응을 비교 참고할 이슈,KT 금융 AX/AI 인프라 전략,comp_domestic_public_infra,,,
2224,경쟁사/해외이슈,경쟁사_해외이슈,SKT,"SKT, AI고속도로 핵심 'AI-RAN 선도망' 구축한다",skt ai고속도로 핵심 ai ran 선도망 구축한다,네이트,네이트,"Tue, 14 Jul 2026 06:02:00 GMT","SKT, AI고속도로 핵심 'AI-RAN 선도망' 구축한다 네이트",https://news.google.com/rss/articles/CBMiU0FVX3lxTE1yWFlGcVM2NE5sNVlWbWV5RFoyY3AwV0h3Y05fcFZpVHIxSDRXS0JlN3RSc2laTVhQV1JhTV8ya0hpS3o0VmtHWjU3c0Q1X0lhZmtV?oc=5,google_rss_SKT when:2d,199.0,11.0,ai_infrastructure_security,ai_infrastructure_security,SKT,,,,,,,general,24.0,published_today,business_change,event:SKT:ai_infrastructure_security,general,Y,"industry_basis_pass:actor=True,change=True,bridge=False",2,naver_telco_strategy_or_infra,Y,telco,199.0,ai_infrastructure_security,competitor:ai_strategy,,,경쟁사_해외이슈,COMPETITOR_PLATFORM_RISK,comp_domestic_public_infra,KT 금융 AX/AI 인프라 전략,카카오가 경쟁사 전략·리스크·AI/플랫폼 대응을 비교 참고할 이슈,4,4,5,,,로컬 보조 라벨 / v26.2: overseas structural industry candidate,local_low_confidence,,,COMP_DOMESTIC_PUBLIC_INFRA,domestic,,카카오가 경쟁사 전략·리스크·AI/플랫폼 대응을 비교 참고할 이슈,KT 금융 AX/AI 인프라 전략,comp_domestic_public_infra,,,
2192,경쟁사/해외이슈,경쟁사_해외이슈,SKT,"SKT, 차세대 네트워크 구축한다…""AI-RAN 기술 고도화""",skt 차세대 네트워크 구축한다 ai ran 기술 고도화,파이낸셜포스트,파이낸셜포스트,"Tue, 14 Jul 2026 06:01:49 GMT","SKT, 차세대 네트워크 구축한다…""AI-RAN 기술 고도화"" 파이낸셜포스트",https://news.google.com/rss/articles/CBMidEFVX3lxTE9McVZFR0dFR0FQcXk5TXlzMUYwckV2SnN6YXczN2ZxRE42aF9OWWJVMU1od19WOTlKeFRTWHVBNlBGSl9wbEVOd0VnTkdiaXJMZXNYUnp5RElUTXJPQnhzdWdMTG1MWFh6YnF3aUZXaXNZaEVi?oc=5,google_rss_SKT when:2d,199.0,11.0,ai_infrastructure_security,ai_infrastructure_security,SKT,,,,,,,general,24.0,published_today,business_change,event:SKT:ai_infrastructure_security,general,Y,"industry_basis_pass:actor=True,change=True,bridge=False",2,naver_telco_strategy_or_infra,Y,telco,199.0,ai_infrastructure_security,competitor:ai_strategy,,,경쟁사_해외이슈,COMPETITOR_AI_STRATEGY,comp_domestic_ai_platform,KT 금융 AX/AI 인프라 전략,카카오가 경쟁사 전략·리스크·AI/플랫폼 대응을 비교 참고할 이슈,4,4,5,,,로컬 보조 라벨 / v26.2: overseas structural industry candidate,local_low_confidence,,,COMP_DOMESTIC_AI_PLATFORM,domestic,,카카오가 경쟁사 전략·리스크·AI/플랫폼 대응을 비교 참고할 이슈,KT 금융 AX/AI 인프라 전략,comp_domestic_ai_platform,,,
2240,경쟁사/해외이슈,경쟁사_해외이슈,SKT,"SKT, 'AI고속도로' 구축 나선다…정부 AI-RAN 실증사업 선정",skt ai고속도로 구축 나선다 정부 ai ran 실증사업 선정,네이트,네이트,"Tue, 14 Jul 2026 06:01:00 GMT","SKT, 'AI고속도로' 구축 나선다…정부 AI-RAN 실증사업 선정 네이트",https://news.google.com/rss/articles/CBMiU0FVX3lxTE5oNVJNS2l6VlBFdTl5MGkzX3BGOEFQOHFxTk5MQUNRdWlGU1YxaWtqZGtFUmpkNElFay1QYkJLbjFBWWpSRGR4U3BuX05qal9qdEpF?oc=5,google_rss_SKT when:2d,199.0,11.0,ai_infrastructure_security,ai_infrastructure_security,SKT,,,,,,,general,24.0,published_today,business_change,event:SKT:ai_infrastructure_security,general,Y,"industry_basis_pass:actor=True,change=True,bridge=False",2,naver_telco_strategy_or_infra,Y,telco,199.0,ai_infrastructure_security,government:tech_security_policy,,,경쟁사_해외이슈,COMPETITOR_PLATFORM_RISK,comp_domestic_public_infra,KT 금융 AX/AI 인프라 전략,카카오가 경쟁사 전략·리스크·AI/플랫폼 대응을 비교 참고할 이슈,4,4,5,,,로컬 보조 라벨 / v26.2: overseas structural industry candidate,local_low_confidence,,,COMP_DOMESTIC_PUBLIC_INFRA,domestic,,카카오가 경쟁사 전략·리스크·AI/플랫폼 대응을 비교 참고할 이슈,KT 금융 AX/AI 인프라 전략,comp_domestic_public_infra,,,
2168,경쟁사/해외이슈,경쟁사_해외이슈,SKT,"SKT·KT, 하이퍼 AI 네트워크 구축…피지컬 AI 시대 연다",skt kt 하이퍼 ai 네트워크 구축 피지컬 ai 시대 연다,비즈워치,비즈워치,"Tue, 14 Jul 2026 06:00:02 GMT","SKT·KT, 하이퍼 AI 네트워크 구축…피지컬 AI 시대 연다 비즈워치",https://news.google.com/rss/articles/CBMiaEFVX3lxTE1mQWlCY0U2dEhULXROTUFqRmR0QzIxUFBSYVBnZzVmSVUyVVNiaXJ6QUktbExIU1JzekJ4NTR1b25iek1aYVRKY09ybktCMXNnVDVQX1dkaEp1Z0I3LUFPaW11Yl9uRk4x?oc=5,google_rss_SKT when:2d,199.0,11.0,ai_infrastructure_security,ai_infrastructure_security,"KT,SKT",,,,,,,general,24.0,published_today,business_change,event:KT+SKT:ai_infrastructure_security,general,Y,"industry_basis_pass:actor=True,change=True,bridge=False",2,naver_telco_strategy_or_infra,Y,telco,199.0,ai_infrastructure_security,competitor:ai_strategy,,,경쟁사_해외이슈,COMPETITOR_AI_STRATEGY,comp_domestic_ai_platform,KT 금융 AX/AI 인프라 전략,카카오가 경쟁사 전략·리스크·AI/플랫폼 대응을 비교 참고할 이슈,4,4,5,,,로컬 보조 라벨 / v26.2: overseas structural industry candidate,local_low_confidence,,,COMP_DOMESTIC_AI_PLATFORM,domestic,,카카오가 경쟁사 전략·리스크·AI/플랫폼 대응을 비교 참고할 이슈,KT 금융 AX/AI 인프라 전략,comp_domestic_ai_platform,,,
2194,경쟁사/해외이슈,경쟁사_해외이슈,SKT,"SKT, 정부 AI-RAN 실증사업 따냈다…'AI고속도로' 핵심 인프라 구축 나서",skt 정부 ai ran 실증사업 따냈다 ai고속도로 핵심 인프라 구축 나서,뉴스락,뉴스락,"Tue, 14 Jul 2026 06:00:00 GMT","SKT, 정부 AI-RAN 실증사업 따냈다…'AI고속도로' 핵심 인프라 구축 나서 뉴스락",https://news.google.com/rss/articles/CBMibEFVX3lxTE1CUTlYLVFYSnFGNnRpTlM2WU9kcHk1cVNuZHQzT05TT1FIczItNE9vOUwxVnM5aHpzQlF0akRFeGZoTHlocWsya1RXMVJtSm4wMkFyZDJiSHVTeGJxbGhDY2g0dF9vSnZXS1M2NA?oc=5,google_rss_SKT when:2d,199.0,11.0,ai_infrastructure_security,ai_infrastructure_security,SKT,,,,,,,general,24.0,published_today,business_change,event:SKT:ai_infrastructure_security,general,Y,"industry_basis_pass:actor=True,change=True,bridge=False",2,naver_telco_strategy_or_infra,Y,telco,199.0,ai_infrastructure_security,government:tech_security_policy,,,경쟁사_해외이슈,COMPETITOR_PLATFORM_RISK,comp_domestic_public_infra,KT 금융 AX/AI 인프라 전략,카카오가 경쟁사 전략·리스크·AI/플랫폼 대응을 비교 참고할 이슈,4,4,5,,,로컬 보조 라벨 / v26.2: overseas structural industry candidate,local_low_confidence,,,COMP_DOMESTIC_PUBLIC_INFRA,domestic,,카카오가 경쟁사 전략·리스크·AI/플랫폼 대응을 비교 참고할 이슈,KT 금융 AX/AI 인프라 전략,comp_domestic_public_infra,,,
2220,경쟁사/해외이슈,경쟁사_해외이슈,SKT,"SKT, 'AI고속도로' 기반 AI-RAN 선도망 구축 본격화",skt ai고속도로 기반 ai ran 선도망 구축 본격화,이코노뉴스,이코노뉴스,"Tue, 14 Jul 2026 06:00:00 GMT","SKT, 'AI고속도로' 기반 AI-RAN 선도망 구축 본격화 이코노뉴스",https://news.google.com/rss/articles/CBMibkFVX3lxTFBLRml6QXpCT3A0SkxySWN1V2NVTjZkUXhYNGFXcFRqVGlYcW9semFsT3d2Ymt6bmNmNi1WWlJBSEZLanlaSjM2eTVxUDloc0V4Sm9oVzVyZHVVVk5sZFFmQzNDUGdfTFhhemh4WXdB?oc=5,google_rss_SKT when:2d,199.0,11.0,ai_infrastructure_security,ai_infrastructure_security,SKT,,,,,,,general,24.0,published_today,business_change,event:SKT:ai_infrastructure_security,general,Y,"industry_basis_pass:actor=True,change=True,bridge=False",2,naver_telco_strategy_or_infra,Y,telco,199.0,ai_infrastructure_security,competitor:ai_strategy,,,경쟁사_해외이슈,COMPETITOR_PLATFORM_RISK,comp_domestic_public_infra,KT 금융 AX/AI 인프라 전략,카카오가 경쟁사 전략·리스크·AI/플랫폼 대응을 비교 참고할 이슈,4,4,5,,,로컬 보조 라벨 / v26.2: overseas structural industry candidate,local_low_confidence,,,COMP_DOMESTIC_PUBLIC_INFRA,domestic,,카카오가 경쟁사 전략·리스크·AI/플랫폼 대응을 비교 참고할 이슈,KT 금융 AX/AI 인프라 전략,comp_domestic_public_infra,,,
2226,경쟁사/해외이슈,경쟁사_해외이슈,SKT,"NIA, 산업현장용 '하이퍼 AI 네트워크' 구축 착수…SKT·KT 참여",nia 산업현장용 하이퍼 ai 네트워크 구축 착수 skt kt 참여,디지털투데이,디지털투데이,"Tue, 14 Jul 2026 06:00:00 GMT","NIA, 산업현장용 '하이퍼 AI 네트워크' 구축 착수…SKT·KT 참여 디지털투데이",https://news.google.com/rss/articles/CBMic0FVX3lxTE1rc1R5UHl1V2F3am5FTkp1ZURGSV9IVndFVnZVblJPckczaXlXbzFkLTVqNlJ4MlVrd0dlSjJRaGVxSl9vcjlvX2l3NU94bkZQdHpSNGpWZ1NNX0MtRlVKcUVtcnpPNThOemd4MTJNNDMyazg?oc=5,google_rss_SKT when:2d,199.0,11.0,ai_infrastructure_security,ai_infrastructure_security,"KT,SKT",,,,,,,general,24.0,published_today,business_change,event:KT+SKT:ai_infrastructure_security,general,Y,"industry_basis_pass:actor=True,change=True,bridge=False",2,naver_telco_strategy_or_infra,Y,telco,199.0,ai_infrastructure_security,competitor:ai_strategy,,,경쟁사_해외이슈,COMPETITOR_AI_STRATEGY,comp_domestic_ai_platform,KT 금융 AX/AI 인프라 전략,카카오가 경쟁사 전략·리스크·AI/플랫폼 대응을 비교 참고할 이슈,4,4,5,,,로컬 보조 라벨 / v26.2: overseas structural industry candidate,local_low_confidence,,,COMP_DOMESTIC_AI_PLATFORM,domestic,,카카오가 경쟁사 전략·리스크·AI/플랫폼 대응을 비교 참고할 이슈,KT 금융 AX/AI 인프라 전략,comp_domestic_ai_platform,,,
2266,경쟁사/해외이슈,경쟁사_해외이슈,KT,"KT, 삼성전자·HD현대삼호와 맞손…'하이퍼 AI 네트워크' 구축 박차",kt 삼성전자 hd현대삼호와 맞손 하이퍼 ai 네트워크 구축 박차,매일일보,매일일보,"Tue, 14 Jul 2026 06:00:00 GMT","KT, 삼성전자·HD현대삼호와 맞손…'하이퍼 AI 네트워크' 구축 박차 매일일보",https://news.google.com/rss/articles/CBMiZEFVX3lxTE9WMGRPM21MVExnZzRvNkVwUkU3MVpqQ1BtVzM4VTF4YzFNVUp3TGtQSU9yeXZCZzBER0wweGcwUkQ5WGcxc0h2WllJa3FibTViR2tTSXNfOXBSdEhkMXZsVDlocnE?oc=5,google_rss_KT when:2d,199.0,11.0,ai_infrastructure_security,ai_infrastructure_security,KT,,,,,,,general,24.0,published_today,business_change,event:KT:ai_infrastructure_security,general,Y,"industry_basis_pass:actor=True,change=True,bridge=False",2,naver_telco_strategy_or_infra,Y,telco,199.0,ai_infrastructure_security,competitor:ai_strategy,,,경쟁사_해외이슈,COMPETITOR_AI_STRATEGY,comp_domestic_ai_platform,KT 금융 AX/AI 인프라 전략,카카오가 경쟁사 전략·리스크·AI/플랫폼 대응을 비교 참고할 이슈,4,4,5,,,로컬 보조 라벨 / v26.2: overseas structural industry candidate,local_low_confidence,,,COMP_DOMESTIC_AI_PLATFORM,domestic,,카카오가 경쟁사 전략·리스크·AI/플랫폼 대응을 비교 참고할 이슈,KT 금융 AX/AI 인프라 전략,comp_domestic_ai_platform,,,
2290,경쟁사/해외이슈,경쟁사_해외이슈,KT,"KT, 삼성전자·HD현대삼호와 '하이퍼 AI 네트워크' 구축 나선다",kt 삼성전자 hd현대삼호와 하이퍼 ai 네트워크 구축 나선다,뉴스락,뉴스락,"Tue, 14 Jul 2026 06:00:00 GMT","KT, 삼성전자·HD현대삼호와 '하이퍼 AI 네트워크' 구축 나선다 뉴스락",https://news.google.com/rss/articles/CBMibEFVX3lxTE50NndvMGJ0N0RvWUtIN29fa28zNmxKRGxtcU15bnp6Wi1WM2VneHF6WHhlQmtqR1dxV01RZmdzM1FVbGFxMU5wNUE5d295bXdNZG9ZYzVTOHpmR0ZwMkt4WDdjVDRaZktwT2hIcA?oc=5,google_rss_KT when:2d,199.0,11.0,ai_infrastructure_security,ai_infrastructure_security,KT,,,,,,,general,24.0,published_today,business_change,event:KT:ai_infrastructure_security,general,Y,"industry_basis_pass:actor=True,change=True,bridge=False",2,naver_telco_strategy_or_infra,Y,telco,199.0,ai_infrastructure_security,competitor:ai_strategy,,,경쟁사_해외이슈,COMPETITOR_AI_STRATEGY,comp_domestic_ai_platform,KT 금융 AX/AI 인프라 전략,카카오가 경쟁사 전략·리스크·AI/플랫폼 대응을 비교 참고할 이슈,4,4,5,,,로컬 보조 라벨 / v26.2: overseas structural industry candidate,local_low_confidence,,,COMP_DOMESTIC_AI_PLATFORM,domestic,,카카오가 경쟁사 전략·리스크·AI/플랫폼 대응을 비교 참고할 이슈,KT 금융 AX/AI 인프라 전략,comp_domestic_ai_platform,,,
2270,경쟁사/해외이슈,경쟁사_해외이슈,KT,"KT, 국가정보자원관리원 AI 인프라 혁신 밑그림 맡는다",kt 국가정보자원관리원 ai 인프라 혁신 밑그림 맡는다,v.daum.net,v.daum.net,"Tue, 14 Jul 2026 05:49:54 GMT","KT, 국가정보자원관리원 AI 인프라 혁신 밑그림 맡는다 v.daum.net",https://news.google.com/rss/articles/CBMiT0FVX3lxTE8yWDRFSkJCOGNMc3I0Rl9GQkZMcXI4ck56VC01b3FxUklOZHRPWGxIM2JDQlhpcWFpZFRJaEltR3lvTURiQUpheFIySFo1SjQ?oc=5,google_rss_KT when:2d,199.0,11.0,ai_infrastructure_security,ai_infrastructure_security,KT,,,,,,,general,24.0,published_today,business_change,event:KT:ai_infrastructure_security,general,Y,"industry_basis_pass:actor=True,change=True,bridge=False",2,naver_telco_strategy_or_infra,Y,telco,199.0,ai_infrastructure_security,competitor:ai_strategy,,,경쟁사_해외이슈,SELF_AFFILIATE_BUSINESS,self_filler_reference,국가 AI 인프라/AIDC/GPU 정책,카카오가 경쟁사 전략·리스크·AI/플랫폼 대응을 비교 참고할 이슈,4,2,5,,,v26: 카카오 직접 주체가 없어 자사 섹션 제외/재분류 / v26.2: overseas structural industry candidate,local_low_confidence,OFF_TOPIC,,COMP_DOMESTIC_AI_PLATFORM,domestic,,카카오가 경쟁사 전략·리스크·AI/플랫폼 대응을 비교 참고할 이슈,국가 AI 인프라/AIDC/GPU 정책,self_filler_reference,,,
2254,경쟁사/해외이슈,경쟁사_해외이슈,KT,KT 지니TV ‘AI 지역정보’ 출시…“우리 동네 소식 TV로”,kt 지니tv ai 지역정보 출시 우리 동네 소식 tv로,IT조선,IT조선,"Tue, 14 Jul 2026 03:55:15 GMT",KT 지니TV ‘AI 지역정보’ 출시…“우리 동네 소식 TV로” IT조선,https://news.google.com/rss/articles/CBMidEFVX3lxTE5mS0Y3elR4UWEwVUhmY0NMeVFaY0F5S2doOGtUMTVTRlhjOWtHcW5hdHVCVmJtTm14eUJLcXVhSlI5eUF2MDZRLTBYY3lyR3ozQkVDSGVSVExJUDFDajd4b0RQOF9PaGRjOGg3Z2Z4T1JXVllQ0gF0QVVfeXFMTmZLRjd6VHhRYTBVSGZjQ0x5UVpjQXlLZ2g4a1QxNVNGWGM5a0dxbmF0dUJWYm1ObXh5QktxdWFKUjl5QXYwNlEtMFhjeXJHejNCRUNIZVJUTElQMUNqN3hvRFA4X09oZGM4aDdnZnhPUldWWVA?oc=5,google_rss_KT when:2d,199.0,11.0,ai_infrastructure_security,ai_infrastructure_security,KT,,,,,,,general,24.0,published_today,business_change,event:KT:ai_infrastructure_security,general,,"weak_form_without_full_basis:actor=True,change=True,bridge=False",2,naver_telco_strategy_or_infra,Y,telco,199.0,ai_infrastructure_security,competitor:ai_strategy,,,경쟁사_해외이슈,COMPETITOR_AI_STRATEGY,comp_domestic_ai_platform,KT 금융 AX/AI 인프라 전략,카카오가 경쟁사 전략·리스크·AI/플랫폼 대응을 비교 참고할 이슈,4,4,5,,,로컬 보조 라벨 / v26.2: overseas structural industry candidate,local_low_confidence,,,COMP_DOMESTIC_AI_PLATFORM,domestic,,카카오가 경쟁사 전략·리스크·AI/플랫폼 대응을 비교 참고할 이슈,KT 금융 AX/AI 인프라 전략,comp_domestic_ai_platform,,,
2227,경쟁사/해외이슈,경쟁사_해외이슈,SKT,SKT ‘AI고속도로’ 핵심 ‘AI-RAN 선도망’ 구축 사업 착수,skt ai고속도로 핵심 ai ran 선도망 구축 사업 착수,포인트데일리,포인트데일리,"Tue, 14 Jul 2026 02:30:00 GMT",SKT ‘AI고속도로’ 핵심 ‘AI-RAN 선도망’ 구축 사업 착수 포인트데일리,https://news.google.com/rss/articles/CBMicEFVX3lxTE81bkF1RV91WXRicjZyZzdCckJNc2ZsTWltbm1QRWVKOXFGV1AtS1picFF6RXJuTnJ1Q3o4UE5KMWNZSTJxM0EySmk1dkJUNUtweFpiakNvSlRDZkhZX3RXWC1nTHRTd2tpcGt0MEYzWUTSAXRBVV95cUxNaGlacHRBSDVxeXAtNVBwTFJvUVVMb0tVSEYzSllEQzN5S2JBcFkxQVlJZ185eDNHZlpJWHV6UlZlQkF5akxpdy14dkZDVDRYeTZJZ19oNGtGVzBoc2hkRlB6YlRlZWV4Y1QwY29rTS1PVEVmVw?oc=5,google_rss_SKT when:2d,199.0,11.0,ai_infrastructure_security,ai_infrastructure_security,SKT,,,,,,,general,24.0,published_today,business_change,event:SKT:ai_infrastructure_security,general,Y,"industry_basis_pass:actor=True,change=True,bridge=False",2,naver_telco_strategy_or_infra,Y,telco,199.0,ai_infrastructure_security,competitor:ai_strategy,,,경쟁사_해외이슈,COMPETITOR_PLATFORM_RISK,comp_domestic_public_infra,KT 금융 AX/AI 인프라 전략,카카오가 경쟁사 전략·리스크·AI/플랫폼 대응을 비교 참고할 이슈,4,4,5,,,로컬 보조 라벨 / v26.2: overseas structural industry candidate,local_low_confidence,,,COMP_DOMESTIC_PUBLIC_INFRA,domestic,,카카오가 경쟁사 전략·리스크·AI/플랫폼 대응을 비교 참고할 이슈,KT 금융 AX/AI 인프라 전략,comp_domestic_public_infra,,,
2057,경쟁사/해외이슈,경쟁사_해외이슈,네이버,"AI 검색 경쟁 본격화…네이버 '실행', 다음 '생활형 에이전트'",ai 검색 경쟁 본격화 네이버 실행 다음 생활형 에이전트,딜사이트,딜사이트,"Mon, 13 Jul 2026 02:41:27 GMT","AI 검색 경쟁 본격화…네이버 '실행', 다음 '생활형 에이전트' 딜사이트",https://news.google.com/rss/articles/CBMiT0FVX3lxTE52NTZ6MWNEeF8tckpxcW1acWNob0RFaW5uY3c3WkVSel94NDBBeXJlWDJEM0RRNm9qWEdBckhJR1pvSmttb0dfZXJxVnpqcEk?oc=5,google_rss_네이버 AI when:2d,198.0,16.5,"ai_infrastructure_security,search_ads",ai_infrastructure_security,네이버,,,,,,,general,14.0,published_yesterday,business_change,event:네이버:ai_infrastructure_security,general,Y,"industry_basis_pass:actor=True,change=False,bridge=True",2,naver_telco_strategy_or_infra,Y,naver,198.0,ai_infrastructure_security,self:ai_strategy,,,경쟁사_해외이슈,COMPETITOR_AI_STRATEGY,comp_domestic_ai_platform,comp_domestic_ai_platform:ai 검색 경쟁 본격화 네이버 실행 다음 생활형 에이전트,카카오가 경쟁사 전략·리스크·AI/플랫폼 대응을 비교 참고할 이슈,4,4,5,,,로컬 보조 라벨 / v26.2: overseas structural industry candidate,local_low_confidence,,,COMP_DOMESTIC_AI_PLATFORM,domestic,,카카오가 경쟁사 전략·리스크·AI/플랫폼 대응을 비교 참고할 이슈,comp_domestic_ai_platform:ai 검색 경쟁 본격화 네이버 실행 다음 생활형 에이전트,comp_domestic_ai_platform,,,
2273,경쟁사/해외이슈,경쟁사_해외이슈,KT,"KT, AI로 지자체 정책영상 만든다…지니TV `AI 지역정보` 출시",kt ai로 지자체 정책영상 만든다 지니tv ai 지역정보 출시,디지털데일리,디지털데일리,"Tue, 14 Jul 2026 02:26:31 GMT","KT, AI로 지자체 정책영상 만든다…지니TV `AI 지역정보` 출시 디지털데일리",https://news.google.com/rss/articles/CBMiZEFVX3lxTE9GZEFqdTR3SThRZk9nb2YwRHFza3EwVENMVGdGMFd6MzdBTTk1Z2hNLU0zaUVBSDhVNnI5WWRidFh2RkJLaS1tdTNucVBCSHc2SU1TLVIybkpqTUJSZ0pDY19XVFg?oc=5,google_rss_KT when:2d,197.0,18.0,"ai_infrastructure_security,policy_legislation",ai_infrastructure_security,KT,,,,,,,general,24.0,published_today,business_change,event:KT:ai_infrastructure_security+policy_legislation,general,,"weak_form_without_full_basis:actor=True,change=True,bridge=False",2,naver_telco_strategy_or_infra,Y,telco,197.0,"policy_legislation,ai_infrastructure_security",competitor:ai_strategy,,,경쟁사_해외이슈,COMPETITOR_AI_STRATEGY,comp_domestic_ai_platform,KT 금융 AX/AI 인프라 전략,카카오가 경쟁사 전략·리스크·AI/플랫폼 대응을 비교 참고할 이슈,4,4,5,,,로컬 보조 라벨,local_low_confidence,,,COMP_DOMESTIC_AI_PLATFORM,domestic,,카카오가 경쟁사 전략·리스크·AI/플랫폼 대응을 비교 참고할 이슈,KT 금융 AX/AI 인프라 전략,comp_domestic_ai_platform,,,
2073,경쟁사/해외이슈,경쟁사_해외이슈,네이버,"팀네이버, 세계 최고 권위 AI 학회서 풀스택 연구 성과 공개",팀네이버 세계 최고 권위 ai 학회서 풀스택 연구 성과 공개,서울경제TV,서울경제TV,"Mon, 13 Jul 2026 01:15:07 GMT","팀네이버, 세계 최고 권위 AI 학회서 풀스택 연구 성과 공개 서울경제TV",https://news.google.com/rss/articles/CBMiZEFVX3lxTE1xUTg3azBWbXRlb3NZc0RVa3dFLW9mU2xtRExhM2Znb1lWci1wOXMwUzRJQktkeElfX0VsNEFfd3VJTHI4WHpsNDN3dG0tRUhFQV9KdlZIaEhCZy1FaXdHSGFyblk?oc=5,google_rss_네이버 AI when:2d,197.0,13.5,ai_infrastructure_security,ai_infrastructure_security,네이버,,,,,,,general,14.0,published_yesterday,business_change,event:네이버:ai_infrastructure_security,rumor_or_report,Y,"industry_basis_pass:actor=True,change=True,bridge=True",3,naver_telco_strategy_or_infra,Y,naver,197.0,ai_infrastructure_security,competitor:ai_strategy,,,경쟁사_해외이슈,COMPETITOR_AI_STRATEGY,comp_domestic_ai_platform,comp_domestic_ai_platform:팀네이버 세계 최고 권위 ai 학회서 풀스택 연구 성과 공개,카카오가 경쟁사 전략·리스크·AI/플랫폼 대응을 비교 참고할 이슈,4,4,5,,,로컬 보조 라벨 / v26.2: overseas structural industry candidate,local_low_confidence,,,COMP_DOMESTIC_AI_PLATFORM,domestic,,카카오가 경쟁사 전략·리스크·AI/플랫폼 대응을 비교 참고할 이슈,comp_domestic_ai_platform:팀네이버 세계 최고 권위 ai 학회서 풀스택 연구 성과 공개,comp_domestic_ai_platform,,,
2065,경쟁사/해외이슈,경쟁사_해외이슈,네이버,LLM 취약점 찾고 최적화…네이버 ‘AI 경쟁력’ 입증,llm 취약점 찾고 최적화 네이버 ai 경쟁력 입증,서울경제,서울경제,"Mon, 13 Jul 2026 00:38:04 GMT",LLM 취약점 찾고 최적화…네이버 ‘AI 경쟁력’ 입증 서울경제,https://news.google.com/rss/articles/CBMiUkFVX3lxTE5QbW5YLU9xTlJRQUc1QVg4dk5TWEYwU0xWWmNJR1ZsbWx0bHBEVWRKenRUemV2QmpCZVB3OGdieHdxVjFQc184X2x0MjFHbzdwM0HSAVNBVV95cUxOZHpnWlpfZldOaVZVNmptZkZZdlV1dTBjN3F5OGMwZFBLQXZ0amY4TGZhcW90R0U1cEk5SWNOc3RRUnNEcU9mMW90ai1UTVl0bWQwVQ?oc=5,google_rss_네이버 AI when:2d,197.0,13.5,ai_infrastructure_security,ai_infrastructure_security,네이버,,,,,,,general,14.0,published_yesterday,business_change,event:네이버:ai_infrastructure_security,general,Y,"industry_basis_pass:actor=True,change=True,bridge=True",3,naver_telco_strategy_or_infra,Y,naver,197.0,ai_infrastructure_security,competitor:ai_strategy,,,경쟁사_해외이슈,COMPETITOR_AI_STRATEGY,comp_domestic_ai_platform,comp_domestic_ai_platform:llm 취약점 찾고 최적화 네이버 ai 경쟁력 입증,카카오가 경쟁사 전략·리스크·AI/플랫폼 대응을 비교 참고할 이슈,4,4,5,,,로컬 보조 라벨 / v26.2: overseas structural industry candidate,local_low_confidence,,,COMP_DOMESTIC_AI_PLATFORM,domestic,,카카오가 경쟁사 전략·리스크·AI/플랫폼 대응을 비교 참고할 이슈,comp_domestic_ai_platform:llm 취약점 찾고 최적화 네이버 ai 경쟁력 입증,comp_domestic_ai_platform,,,
2298,경쟁사/해외이슈,경쟁사_해외이슈,KT,KT·삼성전자·HD현대삼호 뭉쳤다…피지컬 AI 시대 통신 인프라 구축,kt 삼성전자 hd현대삼호 뭉쳤다 피지컬 ai 시대 통신 인프라 구축,ebn.co.kr,ebn.co.kr,"Tue, 14 Jul 2026 07:01:34 GMT",KT·삼성전자·HD현대삼호 뭉쳤다…피지컬 AI 시대 통신 인프라 구축 ebn.co.kr,https://news.google.com/rss/articles/CBMiaEFVX3lxTFBrUExOZy1FSVRVMVpvMVFsNTNNblQzUVdvUnFXQU1PU0g0MVlJVE5Mdmt1c0hKNGZqVGtkRmYxUmRzdWY0dG9mVzBoQmt1T0JQNzVqNnVxc2JhX2tKaURSU1lYcmJVV0lO?oc=5,google_rss_KT when:2d,197.0,11.0,ai_infrastructure_security,ai_infrastructure_security,KT,,,,,,,general,24.0,published_today,business_change,event:KT:ai_infrastructure_security,general,Y,"industry_basis_pass:actor=True,change=True,bridge=False",2,naver_telco_strategy_or_infra,Y,telco,197.0,ai_infrastructure_security,competitor:ai_strategy,,,경쟁사_해외이슈,COMPETITOR_AI_STRATEGY,comp_domestic_ai_platform,KT 금융 AX/AI 인프라 전략,카카오가 경쟁사 전략·리스크·AI/플랫폼 대응을 비교 참고할 이슈,4,4,5,,,로컬 보조 라벨 / v26.2: overseas structural industry candidate,local_low_confidence,,,COMP_DOMESTIC_AI_PLATFORM,domestic,,카카오가 경쟁사 전략·리스크·AI/플랫폼 대응을 비교 참고할 이슈,KT 금융 AX/AI 인프라 전략,comp_domestic_ai_platform,,,
2253,경쟁사/해외이슈,경쟁사_해외이슈,KT,"KT, 조선소 특화 하이퍼 AI 네트워크 구축 착수",kt 조선소 특화 하이퍼 ai 네트워크 구축 착수,2news.co.kr,2news.co.kr,"Tue, 14 Jul 2026 06:41:00 GMT","KT, 조선소 특화 하이퍼 AI 네트워크 구축 착수 2news.co.kr",https://news.google.com/rss/articles/CBMiaEFVX3lxTE1BUGJsdHp0bS1TVVlFVC0wS25tWGYxQ0pCVVRyajdIbDZzS281WGM5dmJvZmxtLXVUblpaZ0h6VHJjajg5TWdjVmFQcEpFRWpMMVpaN3MxNmw0bE1nNXlZQ01sUTVpU3R0?oc=5,google_rss_KT when:2d,197.0,11.0,ai_infrastructure_security,ai_infrastructure_security,KT,,,,,,,general,24.0,published_today,business_change,event:KT:ai_infrastructure_security,general,Y,"industry_basis_pass:actor=True,change=True,bridge=False",2,naver_telco_strategy_or_infra,Y,telco,197.0,ai_infrastructure_security,competitor:ai_strategy,,,경쟁사_해외이슈,COMPETITOR_AI_STRATEGY,comp_domestic_ai_platform,KT 금융 AX/AI 인프라 전략,카카오가 경쟁사 전략·리스크·AI/플랫폼 대응을 비교 참고할 이슈,4,4,5,,,로컬 보조 라벨 / v26.2: overseas structural industry candidate,local_low_confidence,,,COMP_DOMESTIC_AI_PLATFORM,domestic,,카카오가 경쟁사 전략·리스크·AI/플랫폼 대응을 비교 참고할 이슈,KT 금융 AX/AI 인프라 전략,comp_domestic_ai_platform,,,
2210,경쟁사/해외이슈,경쟁사_해외이슈,SKT,"SK텔레콤, AI-RAN 선도망 구축 착수·피지컬 AI 서비스 실증",sk텔레콤 ai ran 선도망 구축 착수 피지컬 ai 서비스 실증,fetv.co.kr,fetv.co.kr,"Tue, 14 Jul 2026 06:00:00 GMT","SK텔레콤, AI-RAN 선도망 구축 착수·피지컬 AI 서비스 실증 fetv.co.kr",https://news.google.com/rss/articles/CBMiaEFVX3lxTE14ZnFWNHU3emp6M3VOT2o4cXlKaW9QQVRNa0JoemhZdTc0SFU0MVRTaWNBOHNzam1vQUp5MWgxcjdTS08xclVsZG1YUm9kaEdFTWZrc1B6RVNPdm5sejM5cFB4eEY3cXln?oc=5,google_rss_SKT when:2d,197.0,11.0,ai_infrastructure_security,ai_infrastructure_security,SKT,,,,,,,general,24.0,published_today,business_change,event:SKT:ai_infrastructure_security,general,Y,"industry_basis_pass:actor=True,change=True,bridge=False",2,naver_telco_strategy_or_infra,Y,telco,197.0,ai_infrastructure_security,competitor:ai_strategy,,,경쟁사_해외이슈,COMPETITOR_PLATFORM_RISK,comp_domestic_public_infra,KT 금융 AX/AI 인프라 전략,카카오가 경쟁사 전략·리스크·AI/플랫폼 대응을 비교 참고할 이슈,4,4,5,,,로컬 보조 라벨 / v26.2: overseas structural industry candidate,local_low_confidence,,,COMP_DOMESTIC_PUBLIC_INFRA,domestic,,카카오가 경쟁사 전략·리스크·AI/플랫폼 대응을 비교 참고할 이슈,KT 금융 AX/AI 인프라 전략,comp_domestic_public_infra,,,
2190,경쟁사/해외이슈,경쟁사_해외이슈,SKT,"SKT, AI-RAN 선도망 구축 실증사업 착수",skt ai ran 선도망 구축 실증사업 착수,뉴스핌,뉴스핌,"Tue, 14 Jul 2026 01:07:00 GMT","SKT, AI-RAN 선도망 구축 실증사업 착수 뉴스핌",https://news.google.com/rss/articles/CBMiXEFVX3lxTE4wTVJPYk1aT3ZDbUpkNThrSzRTa0Z2UlllbTdYSGdVV3J6U3YxQjhkN0ctUU13ZFJTSmpYdlczdTNMZmMwdmJnMGY2VEpVMDlEcl9ldUpqeERyUGdD?oc=5,google_rss_SKT when:2d,197.0,11.0,ai_infrastructure_security,ai_infrastructure_security,SKT,,,,,,,general,24.0,published_today,business_change,event:SKT:ai_infrastructure_security,general,Y,"industry_basis_pass:actor=True,change=True,bridge=False",2,naver_telco_strategy_or_infra,Y,telco,197.0,ai_infrastructure_security,competitor:ai_strategy,,,경쟁사_해외이슈,COMPETITOR_PLATFORM_RISK,comp_domestic_public_infra,KT 금융 AX/AI 인프라 전략,카카오가 경쟁사 전략·리스크·AI/플랫폼 대응을 비교 참고할 이슈,4,4,5,,,로컬 보조 라벨 / v26.2: overseas structural industry candidate,local_low_confidence,,,COMP_DOMESTIC_PUBLIC_INFRA,domestic,,카카오가 경쟁사 전략·리스크·AI/플랫폼 대응을 비교 참고할 이슈,KT 금융 AX/AI 인프라 전략,comp_domestic_public_infra,,,
131,자사 및 계열사 이슈,자사_및_계열사_이슈,카카오,"투자 늘리는 네이버, 몸집 줄이는 카카오...엇갈린 전략",투자 늘리는 네이버 몸집 줄이는 카카오 엇갈린 전략,v.daum.net,v.daum.net,"Sun, 12 Jul 2026 21:02:19 GMT","투자 늘리는 네이버, 몸집 줄이는 카카오...엇갈린 전략 v.daum.net",https://news.google.com/rss/articles/CBMiT0FVX3lxTFBtY29wbW5UVE1kYXc1MGVkN21LMlJyMVV4OFJyQXc4US1lVWVpdVNDZlo3ZG9lMXkzcFNzMkh1aTBTQTZXRGNLTUZjeHNxMVE?oc=5,google_rss_카카오 매각 when:2d,196.8,20.0,policy_legislation,policy_legislation,"네이버,카카오",,,,,,,general,14.0,published_yesterday,business_change,event:네이버+카카오:policy_legislation,general,Y,"industry_basis_pass:actor=True,change=True,bridge=True",3,naver_telco_strategy_or_infra,Y,naver,196.8,policy_legislation,self:general,,,자사_및_계열사_이슈,SELF_AFFILIATE_BUSINESS,self_strategic_reference,self_strategic_reference:투자 늘리는 네이버 몸집 줄이는 카카오 엇갈린 전략,"카카오·계열사의 사업 확장, 제휴, MOU, 신규 서비스 참고 이슈",4,3,4,,,v40: 직접 리스크는 아니지만 자사 사업 확장·제휴성 이슈로 2순위 반영,local_low_confidence,STRATEGIC_REFERENCE,,COMP_DOMESTIC_STRATEGY,domestic,,카카오 현직자가 사업 방향과 외부 질의 가능성을 참고할 실질 변화,self_strategic_reference:투자 늘리는 네이버 몸집 줄이는 카카오 엇갈린 전략,self_strategic_reference,,,
118,자사 및 계열사 이슈,자사_및_계열사_이슈,카카오,"네이버는 투자, 카카오는 효율…플랫폼 양강의 다른 승부수",네이버는 투자 카카오는 효율 플랫폼 양강의 다른 승부수,아시아타임즈,아시아타임즈,"Mon, 13 Jul 2026 06:38:00 GMT","네이버는 투자, 카카오는 효율…플랫폼 양강의 다른 승부수 아시아타임즈",https://news.google.com/rss/articles/CBMiXkFVX3lxTE45MWJOSG5qeHA4cERIcGRYdEtVWFZCdk1iM21YdWM1c2dNODVBcTJxVXZVdUpBQ182OHlweDJ2RUplT3hzV3dlTDZLc2k0NjBXVnd5Sng5Y1R1eVVDc3c?oc=5,google_rss_카카오 두나무 when:2d,196.8,20.0,market_power_platform,market_power_platform,"네이버,카카오",,,,,,,general,14.0,published_yesterday,general,global_incident:platform_regulation:kakao:platform_regulation,review_scheduled,Y,"industry_basis_pass:actor=True,change=True,bridge=True",3,naver_telco_strategy_or_infra,Y,naver,196.8,market_power_platform,self:general,global_incident:platform_regulation:kakao:platform_regulation:general,global_incident:platform_regulation:kakao:platform_regulation,자사_및_계열사_이슈,SELF_AFFILIATE_BUSINESS,self_strategic_reference,global_incident:platform_regulation:kakao:platform_regulation,"카카오·계열사의 사업 확장, 제휴, MOU, 신규 서비스 참고 이슈",4,3,4,,,v40: 직접 리스크는 아니지만 자사 사업 확장·제휴성 이슈로 2순위 반영,local_low_confidence,STRATEGIC_REFERENCE,,COMP_DOMESTIC_STRATEGY,domestic,,카카오 현직자가 사업 방향과 외부 질의 가능성을 참고할 실질 변화,global_incident:platform_regulation:kakao:platform_regulation,self_strategic_reference,,,
116,자사 및 계열사 이슈,자사_및_계열사_이슈,카카오,투자 늘리는 네이버… 몸집 줄이는 카카오,투자 늘리는 네이버 몸집 줄이는 카카오,조선일보,조선일보,"Mon, 13 Jul 2026 05:34:00 GMT",투자 늘리는 네이버… 몸집 줄이는 카카오 조선일보,https://news.google.com/rss/articles/CBMigwFBVV95cUxOWTJaOEZNZXdPOGhKbE10NWc1RUc0Z1E2M3BpbWtfTXktaV9yWUF5ekF4elhjWDd1em5aREhaQkNtNW9fRGxwTVhfS0lURU5SVVowWllWakhoY1RIT0d0LWZtaWhMWEY1M255dkRCTWVPbHJId3lOekVvTlV0TE5tdWhWYw?oc=5,google_rss_카카오 조정 when:2d,192.8,13.0,,,"네이버,카카오",,,,,,,general,14.0,published_yesterday,general,,general,Y,"industry_basis_pass:actor=True,change=True,bridge=True",3,naver_telco_strategy_or_infra,Y,naver,192.8,,,,,자사_및_계열사_이슈,SELF_AFFILIATE_BUSINESS,self_strategic_reference,self_strategic_reference:투자 늘리는 네이버 몸집 줄이는 카카오,"카카오·계열사의 사업 확장, 제휴, MOU, 신규 서비스 참고 이슈",4,3,4,,,v40: 직접 리스크는 아니지만 자사 사업 확장·제휴성 이슈로 2순위 반영,local_low_confidence,STRATEGIC_REFERENCE,,COMP_DOMESTIC_STRATEGY,domestic,,카카오 현직자가 사업 방향과 외부 질의 가능성을 참고할 실질 변화,self_strategic_reference:투자 늘리는 네이버 몸집 줄이는 카카오,self_strategic_reference,,,
2438,경쟁사/해외이슈,경쟁사_해외이슈,쿠팡,"택배노조 “쿠팡 대리점 계약서, 표준계약서 의무화 무력화”…국토부 전수조사 촉구",택배노조 쿠팡 대리점 계약서 표준계약서 의무화 무력화 국토부 전수조사 촉구,노동과세계,노동과세계,"Mon, 13 Jul 2026 09:02:47 GMT","택배노조 “쿠팡 대리점 계약서, 표준계약서 의무화 무력화”…국토부 전수조사 촉구 노동과세계",https://news.google.com/rss/articles/CBMibkFVX3lxTFA3cGNSbnVGMnhzaVJNd3JvVFgxUXlneGUycEp1TGUwM0NTTFVZdTdiTFdWNDkwclU2MGNpdFg3enRWTkFDT09QOU05ZXpxWm9ub09XcHZ1a0g2bXBmNjN4cERXZjM1bWVCcWdxRUd30gFyQVVfeXFMTVRVYmJNRTRHUG40MU5kMjZWb2RObklSZ1YxXzZMTTZMRVZsaVhkTXgtbTFPY0ZjUjFkNGEwd0hTV0FQWGxoMGxvOGcyRk9TV1lnQmQ5UHlXRk1GTHBlMVlxRkY3aEpCc1ZBWXlTQkNZZzlR?oc=5,google_rss_쿠팡 조사 when:2d,188.5,85.0,"labor_dispute,labor_negotiation,platform_obligation",labor_general,쿠팡,,Y,,,,competitor:platform_obligation,platform_operator_obligation,14.0,published_yesterday,official_action,global_incident:platform_regulation:coupang:platform_operator_obligation,general,Y,"industry_basis_pass:actor=True,change=True,bridge=True",3,coupang_competitor_enforcement_or_risk,Y,coupang,188.5,"labor_negotiation,platform_obligation",competitor:platform_obligation,global_incident:platform_regulation:coupang:platform_operator_obligation:policy_change,global_incident:platform_regulation:coupang:platform_operator_obligation,경쟁사_해외이슈,COMPETITOR_PLATFORM_RISK,comp_domestic_direct_risk,global_incident:platform_regulation:coupang:platform_operator_obligation,카카오가 경쟁사 전략·리스크·AI/플랫폼 대응을 비교 참고할 이슈,4,4,5,,,로컬 보조 라벨 / v26.2: overseas structural industry candidate,local_low_confidence,,,COMP_DOMESTIC_DIRECT_RISK,domestic,,카카오가 경쟁사 전략·리스크·AI/플랫폼 대응을 비교 참고할 이슈,global_incident:platform_regulation:coupang:platform_operator_obligation,comp_domestic_direct_risk,,,
2469,경쟁사/해외이슈,경쟁사_해외이슈,쿠팡,"LG유플러스, IPTV 최초 쿠팡플레이와 제휴",lg유플러스 iptv 최초 쿠팡플레이와 제휴,전자신문,전자신문,"Mon, 13 Jul 2026 08:19:53 GMT","LG유플러스, IPTV 최초 쿠팡플레이와 제휴 전자신문",https://news.google.com/rss/articles/CBMilgVBVV95cUxQdWdTem9IY0ppWWR6bi10YzlqdlFPM2hmd0ZMYkF4ZG1HZ1ZMR1pONERIYmtybWstWXJKckhOcUpoYU1NRjBRcURSbEl6RVdFdmpyN0ZLU1EzMWJMV2h3bjQ1TWNvdU5COGNrTUpKYmF6NGVFOVg5NG02b25feDB3aHlsYXBGQklPNjJzMFRQOW4yWGZTTEIwOHMzNnVJUWxna3RrSkJwMEl3SExtNXE2ODFISFN3TDJ0Q0pmQWwtZzlVNjB4S3AyaF94R1k0OE40M0wxa1R5eEZxeXdPanZGdFdNMVZRbHo5NTlLOU0weV9CR3ptRUtpVXo1OGJibWtYNjdLWlYzUVI1NlM1Mk1PZklkZUM0STVoemN0SlNSbnh5RjY5alRvc000TDhmNXF4M2s2clU2T1JMVTY4dWpXdXIxOUdIakxCQ0U5VjdNeXFzcHRpd1dlc25TQUpQVFczT01RS2dPWkM1T0lEMWQ0ZkYtbVZHaXFqVXJGa0toanI2anBuS0FxSTA0eDdVUFpqeWhJME8xeU5RYjUyeVRGZE1qemIyNWFyWmRTSTJGdFcweHNYb0JSY05yVjZSOHR0X3Fhak8yM0ZQdWlRZ18zUHNqTFlRSGJfSnhvY0hjQTZVMVJsV2I2OW1faWM2dGwyTmc4QlJ3REFEenZ1Q0xfOVlXcUttTzg0WDR5V1ZjVUZ6bmNIenlJdTMxRGlMTHlMUGJ1RnhoSHphY1NkVnJzcTBzamt6T1ZwODAwNDFabDZLQkZoSV9UdGlDZHhhZzZPdVZkRlJlSV9BZ2RKZmpPcHVCMk8zVUtHbnJBVVUwWWd5TVRGbVljSTJIMk1wZlVnem5YMWhjZW9rYVV5bHM0OG1PdmtWQQ?oc=5,google_rss_쿠팡 site:etnews.com when:2d,188.5,4.0,,,"LGU+,쿠팡",,,,,,,general,14.0,published_yesterday,general,,general,Y,"industry_basis_pass:actor=True,change=True,bridge=True",3,naver_telco_strategy_or_infra,Y,coupang,188.5,,,,,경쟁사_해외이슈,COMPETITOR_AI_STRATEGY,comp_domestic_strategy,comp_domestic_strategy:lg유플러스 iptv 최초 쿠팡플레이와 제휴,카카오가 경쟁사 전략·리스크·AI/플랫폼 대응을 비교 참고할 이슈,4,4,5,,,로컬 보조 라벨 / v26.2: overseas structural industry candidate,local_low_confidence,,,COMP_DOMESTIC_STRATEGY,domestic,,카카오가 경쟁사 전략·리스크·AI/플랫폼 대응을 비교 참고할 이슈,comp_domestic_strategy:lg유플러스 iptv 최초 쿠팡플레이와 제휴,comp_domestic_strategy,,,
151,자사 및 계열사 이슈,자사_및_계열사_이슈,카카오,투자 늘리는 네이버…몸집 줄이는 카카오,투자 늘리는 네이버 몸집 줄이는 카카오,네이트,네이트,"Sun, 12 Jul 2026 15:35:00 GMT",투자 늘리는 네이버…몸집 줄이는 카카오 네이트,https://news.google.com/rss/articles/CBMiU0FVX3lxTFBXQ1NYRjM1bENYck5KenhpenBrVnZ1eF9PNXFUUzY5ZnE4NlhEVEljellGLTNGR1dtRG96eS1rWGlxdXVUcFF0Nmx1cnRFa2c4Z2JR?oc=5,google_rss_카카오 AI when:2d,182.8,13.0,,,"네이버,카카오",,,,,,,general,14.0,published_yesterday,general,,general,Y,"industry_basis_pass:actor=True,change=True,bridge=True",3,naver_telco_strategy_or_infra,Y,naver,182.8,,,,,자사_및_계열사_이슈,SELF_AFFILIATE_BUSINESS,self_strategic_reference,self_strategic_reference:투자 늘리는 네이버 몸집 줄이는 카카오,"카카오·계열사의 사업 확장, 제휴, MOU, 신규 서비스 참고 이슈",4,3,4,,,v40: 직접 리스크는 아니지만 자사 사업 확장·제휴성 이슈로 2순위 반영,local_low_confidence,STRATEGIC_REFERENCE,,COMP_DOMESTIC_STRATEGY,domestic,,카카오 현직자가 사업 방향과 외부 질의 가능성을 참고할 실질 변화,self_strategic_reference:투자 늘리는 네이버 몸집 줄이는 카카오,self_strategic_reference,,,
152,자사 및 계열사 이슈,자사_및_계열사_이슈,카카오,"샘 올트먼 오픈AI CEO 방한, 삼성·카카오와 AI 협력 논의",샘 올트먼 오픈ai ceo 방한 삼성 카카오와 ai 협력 논의,MSN,MSN,"Mon, 13 Jul 2026 03:55:02 GMT","샘 올트먼 오픈AI CEO 방한, 삼성·카카오와 AI 협력 논의 MSN",https://news.google.com/rss/articles/CBMi4gNBVV95cUxQdndjWm9SSWtaMFhrM2x3TlhPeTFkc1U3eS1SNkJFdjlyVlFPVzBuOVRfVy0zdGpPejU2N2ZrY1BWU3VPY3dwX2Jna0lTVlhDclRfMURyNlJNdnU4QUdIdXZzZHZzYXVGNndldklpcFQyMDF3OUVXajZOS01KOFpBQnBqR2l2WUFuZ3JKZlVKMVFNcElqY3BKUThGSll0TUhhV1B5TUFncV9oZWljVXRtRkNuS2o1U0Zpc1BZeDhGZjhmNkZoVVBfT3RwQW0yR3JISXJwOElQVzJsbXV0N202d0liQmk5cUQxVHQ5UGUxcTdST2x1MVhPcnc2cWExZzJCNGFyaEhjNjhmNmRnM3c4ME9zUkktSXN0bmxvNlk2RmVrdHBlTE1JWExRaS1WOTg0V1A0SUhTZU0yeDE0eUg4STljMlFsVlM5cUdVZVlyRGxVd3k0LXZ2MWhNQ0V3Tkx2NkhpcXk3c1BQcnpEUWplaUFpMjdkby10SURzcUJXbGo0b0dzU1pLNVcyQ2hvTkJsSFlCcE1jWXBEQ3RFMlA4LVJCakMyYTNaTDd1VktJQnVWUDhxRTktNGRPMXR1bUlQdU5xMTQwSnJlVGpTMlhaOTdCYnpQM0lsaUlhYXNTX0didw?oc=5,google_rss_카카오 AI when:2d,180.8,32.0,ai_infrastructure_security,ai_infrastructure_security,"오픈AI,카카오",,,,,,,general,14.0,published_yesterday,business_change,global_incident:ai_security_policy:kakao:openai_security_access,general,Y,"industry_basis_pass:actor=True,change=False,bridge=True",2,global_platform_or_overseas_rule,Y,global,180.8,ai_infrastructure_security,self:ai_strategy,global_incident:ai_security_policy:kakao:openai_security_access:general,global_incident:ai_security_policy:kakao:openai_security_access,자사_및_계열사_이슈,SELF_AFFILIATE_BUSINESS,self_strategic_reference,global_incident:ai_security_policy:kakao:openai_security_access,"카카오·계열사의 사업 확장, 제휴, MOU, 신규 서비스 참고 이슈",4,3,4,,,v40: 직접 리스크는 아니지만 자사 사업 확장·제휴성 이슈로 2순위 반영,local_low_confidence,STRATEGIC_REFERENCE,,COMP_OVERSEAS_PLATFORM_AI,overseas,,카카오 현직자가 사업 방향과 외부 질의 가능성을 참고할 실질 변화,global_incident:ai_security_policy:kakao:openai_security_access,self_strategic_reference,,,
2109,경쟁사/해외이슈,경쟁사_해외이슈,네이버,"개인정보위, 개인정보 전송요구권 전송체계 기술적 기틀 고용⋅교육 부문까지 확대 마련",개인정보위 개인정보 전송요구권 전송체계 기술적 기틀 고용 교육 부문까지 확대 마련,뉴스투게더,뉴스투게더,"Tue, 14 Jul 2026 02:50:21 GMT","개인정보위, 개인정보 전송요구권 전송체계 기술적 기틀 고용⋅교육 부문까지 확대 마련 뉴스투게더",https://news.google.com/rss/articles/CBMiX0FVX3lxTE0yLU9CeEVnOW5Ta3M5ODVHWU1GOGFBOUdncXl3aHhhb0xXcE9MMUVfWHlBZ2Z6RTE1QXcwOFZnVDR5VG1YZjdVSGlGZVNlN2JiX1BYMEFRMXFTWHRIOVdJ?oc=5,google_rss_네이버 개인정보 when:2d,174.0,62.0,,,,v43_not_true_competitor;brand_not_in_title,Y,,,,competitor:platform_obligation,platform_operator_obligation,24.0,published_today,direct_risk,global_incident:platform_regulation:platform_sector:platform_data_protection_obligation,general,Y,"industry_basis_pass:actor=False,change=True,bridge=True",2,naver_telco_strategy_or_infra,Y,naver,174.0,,competitor:platform_obligation,global_incident:platform_regulation:platform_sector:platform_data_protection_obligation:general,global_incident:platform_regulation:platform_sector:platform_data_protection_obligation,경쟁사_해외이슈,COMPETITOR_PLATFORM_RISK,comp_domestic_direct_risk,global_incident:platform_regulation:platform_sector:platform_data_protection_obligation,카카오가 경쟁사 전략·리스크·AI/플랫폼 대응을 비교 참고할 이슈,4,4,5,,,로컬 보조 라벨 / v26.2: overseas structural industry candidate,local_low_confidence,,,COMP_DOMESTIC_DIRECT_RISK,domestic,,카카오가 경쟁사 전략·리스크·AI/플랫폼 대응을 비교 참고할 이슈,global_incident:platform_regulation:platform_sector:platform_data_protection_obligation,comp_domestic_direct_risk,,,
1578,정부/국회,정부_국회,정무위원회,공공기관도 ISMS 의무화 추진… 사이버보안 강화 법안 발의,공공기관도 isms 의무화 추진 사이버보안 강화 법안 발의,에너지데일리,에너지데일리,"Mon, 13 Jul 2026 08:52:26 GMT",공공기관도 ISMS 의무화 추진… 사이버보안 강화 법안 발의 에너지데일리,https://news.google.com/rss/articles/CBMickFVX3lxTE81RW92UmJrZ1k2NXpyM1FtMjV6RXk1SkVvbFB5SmNuaHFtUDhhVEdmRW1ocklqaFFDMVgyMkRYa1lKRzg2OXhFQlFybXBtZmh5d3M2TjJpajllSXcwZjY5ZGcteW1DZ1dheFhUQVJiZmtfUQ?oc=5,google_rss_정무위원회 when:2d,173.6,79.0,"kim_beomsoo_trial,phishing_security,policy_legislation,privacy_security_reliability",security_general,,v43_not_government_policy,,,,,,general,14.0,published_yesterday,official_action,global_incident:platform_regulation:platform_sector:platform_regulation,general,Y,"industry_basis_pass:actor=True,change=True,bridge=True",3,global_platform_or_overseas_rule,Y,global,173.6,"privacy_security_reliability,policy_legislation",government:tech_security_policy,global_incident:platform_regulation:platform_sector:platform_regulation:policy_change,global_incident:platform_regulation:platform_sector:platform_regulation,정부_국회,GOV_PLATFORM_REGULATION,government_appointment_governance,global_incident:platform_regulation:platform_sector:platform_regulation,카카오 플랫폼·AI·대관 대응 경로에 영향을 줄 수 있는 정책/감독 이슈,4,5,4,,,로컬 보조 라벨,local_low_confidence,,GOV_APPOINTMENT_GOVERNANCE,COMP_GENERAL_LOW_RELEVANCE,overseas,카카오 플랫폼·AI·대관 대응 경로에 영향을 줄 수 있는 정책/감독 이슈,카카오 플랫폼·AI·대관 대응 경로에 영향을 줄 수 있는 정책/감독 이슈,global_incident:platform_regulation:platform_sector:platform_regulation,government_appointment_governance,,,
164,자사 및 계열사 이슈,자사_및_계열사_이슈,카카오,"카카오페이증권, 투자매매업 인가 획득…""종합증권사 발판 마련""",카카오페이증권 투자매매업 인가 획득 종합증권사 발판 마련,글로벌이코노믹,글로벌이코노믹,"Sun, 12 Jul 2026 23:58:24 GMT","카카오페이증권, 투자매매업 인가 획득…""종합증권사 발판 마련"" 글로벌이코노믹",https://news.google.com/rss/articles/CBMiiAFBVV95cUxOMmVKNllLSm4xakd3MG9OS0pGb1JBTTRSeGdKU1cxTjFwYW96c3JEa2VGLVg4M3AwN2JrQzVCUTFOSkczN3g0N25TMEhJUmF4REpnMVVNNlcwN1oyMWNldUk5QW9IR0NiS0Z1cjBIYjVxN1Q0TkhrWVZwMU5zRUY2MHJjb1Awb21H?oc=5,google_rss_카카오 카카오페이 when:2d,171.3,22.0,,,"카카오,카카오페이",,,,,,,general,19.0,published_yesterday+exclusive_breaking,general,,general,Y,"industry_basis_pass:actor=True,change=True,bridge=True",3,global_platform_or_overseas_rule,Y,global,171.3,,,,,자사_및_계열사_이슈,SELF_AFFILIATE_BUSINESS,self_strategic_reference,self_strategic_reference:카카오페이증권 투자매매업 인가 획득 종합증권사 발판 마련,"카카오·계열사의 사업 확장, 제휴, MOU, 신규 서비스 참고 이슈",4,3,4,,,v40: 직접 리스크는 아니지만 자사 사업 확장·제휴성 이슈로 2순위 반영,local_low_confidence,STRATEGIC_REFERENCE,,,other,,,self_strategic_reference:카카오페이증권 투자매매업 인가 획득 종합증권사 발판 마련,self_strategic_reference,,,
29,자사 및 계열사 이슈,자사_및_계열사_이슈,카카오,"오리온, '오!그래놀라 저당 카카오' 출시…당 함량 1g대로 낮춰",오리온 오 그래놀라 저당 카카오 출시 당 함량 1g대로 낮춰,글로벌이코노믹,글로벌이코노믹,"Tue, 14 Jul 2026 02:33:25 GMT","오리온, '오!그래놀라 저당 카카오' 출시…당 함량 1g대로 낮춰 글로벌이코노믹",https://news.google.com/rss/articles/CBMiiwFBVV95cUxNcF9xaE9WZUtVcEo4YnB0MEFVNDIyOUM5V2VSUlFpYjdEZTVWXzRWMnNWSDBTTkpPMGQyWTFlYlJDamliUEZjTS1aZTJ4dXVQa29wRUFFbFJrYTB6V0Y0MmJiWjZyeFpKWWZpYWU3ajR5VHFQbkI4MnZDWVgzRnkyQllLZU5EREZPb0hz?oc=5,google_rss_카카오 when:2d,170.3,10.5,,,카카오,,,,,,,general,24.0,published_today,general,,general,Y,"industry_basis_pass:actor=True,change=True,bridge=True",3,global_platform_or_overseas_rule,Y,global,170.3,,,,,자사_및_계열사_이슈,SELF_AFFILIATE_BUSINESS,self_strategic_reference,self_strategic_reference:오리온 오 그래놀라 저당 카카오 출시 당 함량 1g대로 낮춰,"카카오·계열사의 사업 확장, 제휴, MOU, 신규 서비스 참고 이슈",4,3,4,,,v40: 직접 리스크는 아니지만 자사 사업 확장·제휴성 이슈로 2순위 반영,local_low_confidence,STRATEGIC_REFERENCE,,,other,,,self_strategic_reference:오리온 오 그래놀라 저당 카카오 출시 당 함량 1g대로 낮춰,self_strategic_reference,,,
3255,경쟁사/해외이슈,경쟁사_해외이슈,EU 규제,"2세 미만 금지, 3~12세는 감독하에…EU, SNS 단계적 규제 나선다",2세 미만 금지 3 12세는 감독하에 eu sns 단계적 규제 나선다,네이트,네이트,"Tue, 14 Jul 2026 06:16:00 GMT","2세 미만 금지, 3~12세는 감독하에…EU, SNS 단계적 규제 나선다 네이트",https://news.google.com/rss/articles/CBMiYEFVX3lxTFBQMmlHQzdDYTRUVDVoU1hrU2xUeVRfV1VNQkYzdWdMSUtwRWxKeWdhVTBFNHJXbC0tY2pFM1JQYXM4T2J4bnByUGxIZjBDN0QwZmc3NVk3UUVHYUgzRVFQTg?oc=5,google_rss_EU 규제 when:2d,165.0,65.0,"deepfake_youth,platform_obligation,policy_legislation",deepfake_youth,,v43_not_true_competitor,Y,,,,competitor:platform_obligation,platform_operator_obligation,24.0,published_today,general,global_incident:platform_regulation:platform_sector:platform_operator_obligation,general,,"insufficient_industry_basis:actor=False,change=True,bridge=False",1,global_platform_or_overseas_rule,Y,social_media_platform,165.0,"policy_legislation,platform_obligation",competitor:platform_obligation,global_incident:platform_regulation:platform_sector:platform_operator_obligation:general,global_incident:platform_regulation:platform_sector:platform_operator_obligation,경쟁사_해외이슈,OFF_TOPIC,off_topic,global_incident:platform_regulation:platform_sector:platform_operator_obligation,카카오 대외협력 관점 간접 참고,4,2,2,,Y,카카오 대외협력 브리핑 관련성이 낮음 / v26.2: overseas structural industry candidate,local_low_confidence,,,COMP_GENERAL_LOW_RELEVANCE,other,,카카오 대외협력 관점 간접 참고,global_incident:platform_regulation:platform_sector:platform_operator_obligation,off_topic,,,
283,자사 및 계열사 이슈,자사_및_계열사_이슈,카카오,[핫게임] 네오위즈 글로벌사업 강화 / 카카오게임즈 K판타지 신작 공개,핫게임 네오위즈 글로벌사업 강화 카카오게임즈 k판타지 신작 공개,웹이코노미,웹이코노미,"Mon, 13 Jul 2026 09:31:00 GMT",[핫게임] 네오위즈 글로벌사업 강화 / 카카오게임즈 K판타지 신작 공개 웹이코노미,https://news.google.com/rss/articles/CBMickFVX3lxTE43TFJJYkxBckFJSXpKcVB0amhoMEJNZHZYQmdoNGFDeW9wTnFVWDhMUXE0aC1zZ3F2YllUczJFX2F4MGpkS0VLN0JsemhCRUNJcVZKUnBob0dZcHc1UWpDakVFS3Q4OTBnakh1aXlOVk5GZw?oc=5,google_rss_카카오 카카오게임즈 when:2d,161.8,13.0,,,"카카오,카카오게임즈",,,,,,,general,14.0,published_yesterday,general,,rumor_or_report,Y,"industry_basis_pass:actor=True,change=True,bridge=True",3,global_platform_or_overseas_rule,Y,global,161.8,,,,,자사_및_계열사_이슈,SELF_AFFILIATE_BUSINESS,self_strategic_reference,self_strategic_reference:핫게임 네오위즈 글로벌사업 강화 카카오게임즈 k판타지 신작 공개,"카카오·계열사의 사업 확장, 제휴, MOU, 신규 서비스 참고 이슈",4,3,4,,,v40: 직접 리스크는 아니지만 자사 사업 확장·제휴성 이슈로 2순위 반영,local_low_confidence,STRATEGIC_REFERENCE,,,other,,,self_strategic_reference:핫게임 네오위즈 글로벌사업 강화 카카오게임즈 k판타지 신작 공개,self_strategic_reference,,,
3259,경쟁사/해외이슈,경쟁사_해외이슈,EU 규제,EU도 아동·청소년 'SNS 제한' 공식화…전 세계 확산,eu도 아동 청소년 sns 제한 공식화 전 세계 확산,네이트,네이트,"Mon, 13 Jul 2026 21:31:12 GMT",EU도 아동·청소년 'SNS 제한' 공식화…전 세계 확산 네이트,https://news.google.com/rss/articles/CBMiU0FVX3lxTFB3ZzBiNUJ4T3NqNHdHRGJYeXlXNlJReENVQzRhSFlKY28zMzlWNjQzZEhOQ3BsYmFyeUZvT0d4ZlFOeDRaaFVTQkI3aV9Sa2k2Um9R?oc=5,google_rss_EU 규제 when:2d,160.0,58.0,"deepfake_youth,platform_obligation",deepfake_youth,,v43_not_true_competitor,Y,,,,competitor:platform_obligation,platform_operator_obligation,24.0,published_today,general,global_incident:platform_regulation:platform_sector:platform_content_moderation_obligation,general,,"insufficient_industry_basis:actor=False,change=True,bridge=False",1,global_platform_or_overseas_rule,Y,social_media_platform,160.0,"policy_legislation,platform_obligation",competitor:platform_obligation,global_incident:platform_regulation:platform_sector:platform_content_moderation_obligation:general,global_incident:platform_regulation:platform_sector:platform_content_moderation_obligation,경쟁사_해외이슈,OFF_TOPIC,off_topic,global_incident:platform_regulation:platform_sector:platform_content_moderation_obligation,카카오 대외협력 관점 간접 참고,4,2,2,,Y,카카오 대외협력 브리핑 관련성이 낮음 / v26.2: overseas structural industry candidate,local_low_confidence,,,COMP_GENERAL_LOW_RELEVANCE,other,,카카오 대외협력 관점 간접 참고,global_incident:platform_regulation:platform_sector:platform_content_moderation_obligation,off_topic,,,
200,자사 및 계열사 이슈,자사_및_계열사_이슈,카카오,"카카오페이, ‘해외여행 올-패스 일본편’ 출시",카카오페이 해외여행 올 패스 일본편 출시,뉴스웰,뉴스웰,"Mon, 13 Jul 2026 01:42:38 GMT","카카오페이, ‘해외여행 올-패스 일본편’ 출시 뉴스웰",https://news.google.com/rss/articles/CBMibEFVX3lxTE14N3RxcFZVbE1iUDU5RVlzLUM2OUtrVGNHVEllZkJjMVU5UjIzWnFtdjJPSjdHa2MtZklQNng2SExWQkhpTUppUTFYYnRBZkhaaG5CemVkNWhsZlpsWFlnVDhuVExSU1RUVXlkdw?oc=5,google_rss_카카오 카카오페이 when:2d,158.8,13.0,,,"카카오,카카오페이",,,,,,,general,14.0,published_yesterday,general,,general,Y,"industry_basis_pass:actor=True,change=True,bridge=True",3,global_platform_or_overseas_rule,Y,global,158.8,,,,,자사_및_계열사_이슈,SELF_AFFILIATE_BUSINESS,self_strategic_reference,self_strategic_reference:카카오페이 해외여행 올 패스 일본편 출시,"카카오·계열사의 사업 확장, 제휴, MOU, 신규 서비스 참고 이슈",4,3,4,,,v40: 직접 리스크는 아니지만 자사 사업 확장·제휴성 이슈로 2순위 반영,local_low_confidence,STRATEGIC_REFERENCE,,,other,,,self_strategic_reference:카카오페이 해외여행 올 패스 일본편 출시,self_strategic_reference,,,
2442,경쟁사/해외이슈,경쟁사_해외이슈,쿠팡,택배노조 “쿠팡 대리점 불공정 계약 폭로...국토부 실태조사 촉구”,택배노조 쿠팡 대리점 불공정 계약 폭로 국토부 실태조사 촉구,M이코노미뉴스,M이코노미뉴스,"Mon, 13 Jul 2026 06:18:14 GMT",택배노조 “쿠팡 대리점 불공정 계약 폭로...국토부 실태조사 촉구” M이코노미뉴스,https://news.google.com/rss/articles/CBMiZ0FVX3lxTE9kYjBqSW5BUXl3TUxDOEJkamtKWm0xN3hTTXFpc3NPd0JjUFMyVlJyMmFrYTJsT0t1UWw2b2VIcXZJNFI0N1hjVnVDTldDd3ROWDl6Y2tscXByaE1WRkpHNm45QmZqUnc?oc=5,google_rss_쿠팡 조사 when:2d,157.5,24.0,"labor_dispute,labor_negotiation",labor_general,쿠팡,,,,,,,general,14.0,published_yesterday,official_action,global_incident:labor_ir:coupang:labor_ir,general,Y,"industry_basis_pass:actor=True,change=False,bridge=True",2,coupang_competitor_enforcement_or_risk,Y,coupang,157.5,labor_negotiation,competitor:general,global_incident:labor_ir:coupang:labor_ir:conflict_escalation,global_incident:labor_ir:coupang:labor_ir,경쟁사_해외이슈,COMPETITOR_PLATFORM_RISK,comp_domestic_direct_risk,global_incident:labor_ir:coupang:labor_ir,카카오가 경쟁사 전략·리스크·AI/플랫폼 대응을 비교 참고할 이슈,4,4,5,,,로컬 보조 라벨 / v26.2: overseas structural industry candidate,local_low_confidence,,,COMP_DOMESTIC_DIRECT_RISK,domestic,,카카오가 경쟁사 전략·리스크·AI/플랫폼 대응을 비교 참고할 이슈,global_incident:labor_ir:coupang:labor_ir,comp_domestic_direct_risk,,,
3250,경쟁사/해외이슈,경쟁사_해외이슈,EU 규제,EU “아동 SNS 이용 제한 추진···곧 법안 공개”,eu 아동 sns 이용 제한 추진 곧 법안 공개,경향신문,경향신문,"Mon, 13 Jul 2026 12:53:00 GMT",EU “아동 SNS 이용 제한 추진···곧 법안 공개” 경향신문,https://news.google.com/rss/articles/CBMiX0FVX3lxTE5iVmlxQnVtbjh2Zkk1aXZHZzJNeFdoWlVoNVNTd2kwcXhYb3h1NlNnMDNMemNHRU1hWVBTUjE2b0JNOUtZbXI2WTJzLUttYkpqNTNhM3ZtNjBFYW1QQjFJ0gFfQVVfeXFMTmJWaXFCdW1uOHZmSTVpdkdnMk14V2haVWg1U1N3aTBxeFhveHU2U2cwM0x6Y0dFTWFZUFNSMTZvQk05S1ltcjZZMnMtS21iSmo1M2Ezdm02MEVhbVBCMUk?oc=5,google_rss_EU 규제 when:2d,155.5,76.0,"platform_obligation,policy_legislation",platform_obligation,,v43_not_true_competitor,Y,,,,competitor:platform_obligation,platform_operator_obligation,14.0,published_yesterday,official_action,global_incident:platform_regulation:platform_sector:platform_content_moderation_obligation,rumor_or_report,,"insufficient_industry_basis:actor=False,change=True,bridge=False",1,global_platform_or_overseas_rule,Y,social_media_platform,155.5,"policy_legislation,platform_obligation",competitor:platform_obligation,global_incident:platform_regulation:platform_sector:platform_content_moderation_obligation:policy_change,global_incident:platform_regulation:platform_sector:platform_content_moderation_obligation,경쟁사_해외이슈,OFF_TOPIC,off_topic,global_incident:platform_regulation:platform_sector:platform_content_moderation_obligation,카카오 대외협력 관점 간접 참고,4,2,2,,Y,카카오 대외협력 브리핑 관련성이 낮음 / v26.2: overseas structural industry candidate,local_low_confidence,,,COMP_GENERAL_LOW_RELEVANCE,other,,카카오 대외협력 관점 간접 참고,global_incident:platform_regulation:platform_sector:platform_content_moderation_obligation,off_topic,,,
2439,경쟁사/해외이슈,경쟁사_해외이슈,쿠팡,"[사설] 표준계약서 무력화한 쿠팡 CLS, 국토부는 전수조사 해야",사설 표준계약서 무력화한 쿠팡 cls 국토부는 전수조사 해야,민중의소리,민중의소리,"Mon, 13 Jul 2026 22:11:16 GMT","[사설] 표준계약서 무력화한 쿠팡 CLS, 국토부는 전수조사 해야 민중의소리",https://news.google.com/rss/articles/CBMiS0FVX3lxTE1OMGtHTkpWX2hzVW9jQzZHLWpjYzBQT005MU56VU1nX19VUXM5TTVKcXF3MTM0bGhVcFA2U0VZM1pPakFUWEN5ZFhEcw?oc=5,google_rss_쿠팡 조사 when:2d,152.0,14.0,platform_obligation,platform_obligation,쿠팡,,,,,,,general,24.0,published_today,official_action,event:쿠팡:platform_obligation,general,Y,"industry_basis_pass:actor=True,change=True,bridge=True",3,coupang_competitor_enforcement_or_risk,Y,coupang,152.0,platform_obligation,competitor:general,,,경쟁사_해외이슈,COMPETITOR_PLATFORM_RISK,comp_domestic_direct_risk,comp_domestic_direct_risk:사설 표준계약서 무력화한 쿠팡 cls 국토부는 전수조사 해야,카카오가 경쟁사 전략·리스크·AI/플랫폼 대응을 비교 참고할 이슈,4,4,5,,,로컬 보조 라벨 / v26.2: overseas structural industry candidate,local_low_confidence,,,COMP_DOMESTIC_DIRECT_RISK,domestic,,카카오가 경쟁사 전략·리스크·AI/플랫폼 대응을 비교 참고할 이슈,comp_domestic_direct_risk:사설 표준계약서 무력화한 쿠팡 cls 국토부는 전수조사 해야,comp_domestic_direct_risk,,,
3452,경쟁사/해외이슈,경쟁사_해외이슈,일본 빅테크,"""빅테크 주식 50% 국유화해 배당하자""…美 국민 69%, 'AI 국부펀드' 법안에 찬성",빅테크 주식 50 국유화해 배당하자 국민 69 ai 국부펀드 법안에 찬성,AI포스트,AI포스트,"Mon, 13 Jul 2026 05:26:09 GMT","""빅테크 주식 50% 국유화해 배당하자""…美 국민 69%, 'AI 국부펀드' 법안에 찬성 AI포스트",https://news.google.com/rss/articles/CBMibkFVX3lxTFBTRVptbUFBcFJnd3E0N09rTk9BRkphdl9oOFlMWUUtRnlkZ1pvVkx4SktOMUN3RXpJd1YyME8tYnI5MjIwM2tGZE41UTM3TEh1REc5Y1lyMWhPT25RRDlKanI4aHQyRWQxbTZURXRB0gFyQVVfeXFMUExFbUplc29fYlpRN3JEeTk2M0FSZjZ0c2QydTBveTliZS1SQTdrM0pFZGQyWlRwTG50eTVnQlNSaVhVYkM4SjlFNGdUV1NJVXprTnhBR1drY1hFMXlDZ1BmdnpRUEJRSnUyVEdDbGlEUVRn?oc=5,google_rss_일본 빅테크 when:2d,149.5,43.0,"ai_infrastructure_security,financial_performance,policy_legislation",ai_infrastructure_security,,v43_not_true_competitor,,,,,,general,14.0,published_yesterday,official_action,,general,Y,"industry_basis_pass:actor=True,change=True,bridge=False",2,global_platform_or_overseas_rule,Y,ai_infra_company,149.5,"policy_legislation,financial_performance,ai_infrastructure_security",competitor:ai_strategy,,,경쟁사_해외이슈,GOV_AI_DIGITAL_POLICY,government_ai_core_policy,government_ai_core_policy:빅테크 주식 50 국유화해 배당하자 국민 69 ai 국부펀드 법안에 찬성,카카오 AI agent/AI 서비스 전략과 연결되는 핵심 정책환경,5,4,5,,,v26: 해외 정부·규제기관 이슈는 경쟁사/해외로 분류 / v26.2: overseas structural industry candidate,local_low_confidence,,GOV_AI_CORE_POLICY,COMP_GENERAL_LOW_RELEVANCE,other,카카오 AI agent/AI 서비스 전략과 연결되는 핵심 정책환경,카카오 AI agent/AI 서비스 전략과 연결되는 핵심 정책환경,government_ai_core_policy:빅테크 주식 50 국유화해 배당하자 국민 69 ai 국부펀드 법안에 찬성,government_ai_core_policy,,,
2935,경쟁사/해외이슈,경쟁사_해외이슈,오픈AI,"ETF 과장광고에 '복붙' 공시…금감원장, 자산운용사에 '특단 조치' 요구",etf 과장광고에 복붙 공시 금감원장 자산운용사에 특단 조치 요구,한국경제,한국경제,"Mon, 13 Jul 2026 07:46:33 GMT","ETF 과장광고에 '복붙' 공시…금감원장, 자산운용사에 '특단 조치' 요구 한국경제",https://news.google.com/rss/articles/CBMiWkFVX3lxTFBudjB5bndVNEZMTE1EOC1XZUJUQk1haVQ0NHVuTzlsWmZMRzlRZWRJM09PdnE4UHo5bWxlVjJkQVFfN3BlNE5HZGtDMTlfOHJYTEpaUm53bVoxdw?oc=5,google_rss_오픈AI site:hankyung.com when:2d,147.5,96.5,"financial_performance,search_ads",financial_performance,금감원,v43_not_true_competitor;brand_not_in_title,Y,,,,government:platform_obligation,platform_operator_obligation,14.0,published_yesterday,market_commentary,global_incident:platform_regulation:financial_authority:platform_algorithm_ad_obligation,general,,"insufficient_industry_basis:actor=False,change=False,bridge=True",1,global_platform_or_overseas_rule,Y,global,147.5,"financial_performance,ai_infrastructure_security,platform_obligation",government:platform_obligation,global_incident:platform_regulation:financial_authority:platform_algorithm_ad_obligation:general,global_incident:platform_regulation:financial_authority:platform_algorithm_ad_obligation,경쟁사_해외이슈,COMPETITOR_PLATFORM_RISK,comp_overseas_regulation_data,global_incident:platform_regulation:financial_authority:platform_algorithm_ad_obligation,카카오가 경쟁사 전략·리스크·AI/플랫폼 대응을 비교 참고할 이슈,4,3,4,,,로컬 보조 라벨 / v26.2: overseas structural industry candidate,local_low_confidence,,,COMP_OVERSEAS_REGULATION_DATA,overseas,,카카오가 경쟁사 전략·리스크·AI/플랫폼 대응을 비교 참고할 이슈,global_incident:platform_regulation:financial_authority:platform_algorithm_ad_obligation,comp_overseas_regulation_data,,,
2779,경쟁사/해외이슈,경쟁사_해외이슈,구글,"EU ""아이들 현실세계서 시간 보내야…곧 SNS 제한 법안 공개""",eu 아이들 현실세계서 시간 보내야 곧 sns 제한 법안 공개,news.sbs.co.kr,news.sbs.co.kr,"Mon, 13 Jul 2026 10:20:00 GMT","EU ""아이들 현실세계서 시간 보내야…곧 SNS 제한 법안 공개"" news.sbs.co.kr",https://news.google.com/rss/articles/CBMiZkFVX3lxTE9FdGdsNHdKMlBiYkdiQmQ0U0lZNDBvdTR0cDlGRHlwVXdyeVVxb085Zkl2b1VBSDUyczJRaFczb3k5YllNanYyRnBCVzdldmp6dnRGRF9xUEFRNVdsNGtsNkJpZTNxZw?oc=5,google_rss_구글 법안 when:2d,147.5,76.0,"platform_obligation,policy_legislation",platform_obligation,,v43_not_true_competitor;brand_not_in_title,Y,,,,competitor:platform_obligation,platform_operator_obligation,14.0,published_yesterday,official_action,global_incident:platform_regulation:platform_sector:platform_operator_obligation,rumor_or_report,,"insufficient_industry_basis:actor=False,change=True,bridge=False",1,global_platform_or_overseas_rule,Y,global,147.5,"policy_legislation,platform_obligation",competitor:platform_obligation,global_incident:platform_regulation:platform_sector:platform_operator_obligation:policy_change,global_incident:platform_regulation:platform_sector:platform_operator_obligation,경쟁사_해외이슈,COMPETITOR_PLATFORM_RISK,competitor_general_low_relevance,global_incident:platform_regulation:platform_sector:platform_operator_obligation,카카오 대외협력 관점 간접 참고,4,2,2,,,로컬 보조 라벨 / v26.2: overseas structural industry candidate,local_low_confidence,,,COMP_GENERAL_LOW_RELEVANCE,overseas,,카카오 대외협력 관점 간접 참고,global_incident:platform_regulation:platform_sector:platform_operator_obligation,competitor_general_low_relevance,,,
2441,경쟁사/해외이슈,경쟁사_해외이슈,쿠팡,윤종오 의원 “쿠팡 대리점 계약서 전수조사해야”,윤종오 의원 쿠팡 대리점 계약서 전수조사해야,서울일보,서울일보,"Mon, 13 Jul 2026 09:30:39 GMT",윤종오 의원 “쿠팡 대리점 계약서 전수조사해야” 서울일보,https://news.google.com/rss/articles/CBMib0FVX3lxTFBoR1BDTTYxd3FSMm1KT201VTJCM0ZCU1I4S205TWdqRWZiQkJJSk9pQUMxcWpuaFRuLU04X3JOWS1GeG1PdnZTUVQxeHlZTkZGVlpnam8zMXIyOGxUWHd2ckQxQU1nZ2NjZFlMNFJiONIBb0FVX3lxTFBoR1BDTTYxd3FSMm1KT201VTJCM0ZCU1I4S205TWdqRWZiQkJJSk9pQUMxcWpuaFRuLU04X3JOWS1GeG1PdnZTUVQxeHlZTkZGVlpnam8zMXIyOGxUWHd2ckQxQU1nZ2NjZFlMNFJiOA?oc=5,google_rss_쿠팡 조사 when:2d,147.5,14.0,platform_obligation,platform_obligation,쿠팡,,,,,,,general,14.0,published_yesterday,official_action,event:쿠팡:platform_obligation,general,Y,"industry_basis_pass:actor=True,change=False,bridge=True",2,coupang_competitor_enforcement_or_risk,Y,coupang,147.5,platform_obligation,competitor:general,,,경쟁사_해외이슈,COMPETITOR_PLATFORM_RISK,comp_domestic_direct_risk,comp_domestic_direct_risk:윤종오 의원 쿠팡 대리점 계약서 전수조사해야,카카오가 경쟁사 전략·리스크·AI/플랫폼 대응을 비교 참고할 이슈,4,4,5,,,로컬 보조 라벨 / v26.2: overseas structural industry candidate,local_low_confidence,,,COMP_DOMESTIC_DIRECT_RISK,domestic,,카카오가 경쟁사 전략·리스크·AI/플랫폼 대응을 비교 참고할 이슈,comp_domestic_direct_risk:윤종오 의원 쿠팡 대리점 계약서 전수조사해야,comp_domestic_direct_risk,,,
3079,경쟁사/해외이슈,경쟁사_해외이슈,메타,"EU ""아이들 현실세계 시간 필요…SNS 제한 법안 공개할 것""",eu 아이들 현실세계 시간 필요 sns 제한 법안 공개할 것,네이트,네이트,"Mon, 13 Jul 2026 11:15:00 GMT","EU ""아이들 현실세계 시간 필요…SNS 제한 법안 공개할 것"" 네이트",https://news.google.com/rss/articles/CBMiU0FVX3lxTFBTS3dYRDdEcXBteUN4YVdfUDRMNkVON2dIaWVrUEpreVJvSDh0b3pONHZZdFhzX0lqeWkxaHIzNnVQUWpzWlRfU1ZWeEQ0aXNxWmpR?oc=5,google_rss_메타 법안 when:2d,145.5,76.0,"platform_obligation,policy_legislation",platform_obligation,,v43_not_true_competitor;brand_not_in_title,Y,,,,competitor:platform_obligation,platform_operator_obligation,14.0,published_yesterday,official_action,global_incident:platform_regulation:platform_sector:platform_operator_obligation,rumor_or_report,,"insufficient_industry_basis:actor=False,change=True,bridge=False",1,global_platform_or_overseas_rule,Y,global,145.5,"policy_legislation,platform_obligation",competitor:platform_obligation,global_incident:platform_regulation:platform_sector:platform_operator_obligation:policy_change,global_incident:platform_regulation:platform_sector:platform_operator_obligation,경쟁사_해외이슈,COMPETITOR_PLATFORM_RISK,competitor_general_low_relevance,global_incident:platform_regulation:platform_sector:platform_operator_obligation,카카오 대외협력 관점 간접 참고,4,2,2,,,로컬 보조 라벨 / v26.2: overseas structural industry candidate,local_low_confidence,,,COMP_GENERAL_LOW_RELEVANCE,overseas,,카카오 대외협력 관점 간접 참고,global_incident:platform_regulation:platform_sector:platform_operator_obligation,competitor_general_low_relevance,,,
2783,경쟁사/해외이슈,경쟁사_해외이슈,구글,"SDT '큐레카', 양자내성암호 적용···금융·개인정보 보안 강화",sdt 큐레카 양자내성암호 적용 금융 개인정보 보안 강화,네이트,네이트,"Mon, 13 Jul 2026 00:23:00 GMT","SDT '큐레카', 양자내성암호 적용···금융·개인정보 보안 강화 네이트",https://news.google.com/rss/articles/CBMiU0FVX3lxTFBVWE5WQmozQllibmhuVmk5NWhJR2lxMmpXOVNabUhxMHpoeDgyLTJvM1ZRS254Mnlsalk1anFCaGhIMHJ6QVNlMmFqLU1PT1p5TzNJ?oc=5,google_rss_구글 개인정보 when:2d,142.5,90.0,"phishing_security,privacy_security_reliability",security_general,,v43_not_true_competitor;brand_not_in_title,Y,,,,competitor:platform_obligation,platform_operator_obligation,14.0,published_yesterday,direct_risk,global_incident:platform_regulation:platform_sector:platform_data_protection_obligation,action_started,,"insufficient_industry_basis:actor=False,change=False,bridge=True",1,global_platform_or_overseas_rule,Y,global,142.5,"privacy_security_reliability,platform_obligation",competitor:platform_obligation,global_incident:platform_regulation:platform_sector:platform_data_protection_obligation:general,global_incident:platform_regulation:platform_sector:platform_data_protection_obligation,경쟁사_해외이슈,COMPETITOR_PLATFORM_RISK,comp_overseas_regulation_data,global_incident:platform_regulation:platform_sector:platform_data_protection_obligation,카카오가 경쟁사 전략·리스크·AI/플랫폼 대응을 비교 참고할 이슈,4,3,4,,,로컬 보조 라벨 / v26.2: overseas structural industry candidate,local_low_confidence,,,COMP_OVERSEAS_REGULATION_DATA,overseas,,카카오가 경쟁사 전략·리스크·AI/플랫폼 대응을 비교 참고할 이슈,global_incident:platform_regulation:platform_sector:platform_data_protection_obligation,comp_overseas_regulation_data,,,
3496,산업동향,산업동향,플랫폼 산업 동향,"부산 콘텐츠기업, 중국서 부산 공동관 운영… 글로벌 IP 판로 확대 나서",부산 콘텐츠기업 중국서 부산 공동관 운영 글로벌 ip 판로 확대 나서,부산일보,부산일보,"Tue, 14 Jul 2026 02:02:26 GMT","부산 콘텐츠기업, 중국서 부산 공동관 운영… 글로벌 IP 판로 확대 나서 부산일보",https://news.google.com/rss/articles/CBMidEFVX3lxTE84WklrQlBNV3BSeE02aUN3Y2Zma1JZdnFnS3VYRW1pOHhmREFIbXlFU2VQY045NzRELXhpRU1YNVNDS0pUYm9TVDBMTU1aTFF3ancySklkS2d1SVZZX0wyMUxHb01vNUVKeGxLMnA5UjR5MFlx?oc=5,google_rss_플랫폼 산업 동향 when:2d,141.0,18.0,,,,v43_not_structural_industry,Y,,,,,platform_operator_obligation,24.0,published_today,general,,general,Y,"industry_basis_pass:actor=False,change=True,bridge=True",2,global_platform_or_overseas_rule,Y,global,141.0,market_power_platform,,,,산업동향,INDUSTRY_STRUCTURAL_CHANGE,industry_structural_change,industry_structural_change:부산 콘텐츠기업 중국서 부산 공동관 운영 글로벌 ip 판로 확대 나서,카카오 사업환경 이해에 필요한 산업 구조 변화,3,3,3,,,로컬 보조 라벨,local_low_confidence,,,,other,,,industry_structural_change:부산 콘텐츠기업 중국서 부산 공동관 운영 글로벌 ip 판로 확대 나서,industry_structural_change,,,
3092,경쟁사/해외이슈,경쟁사_해외이슈,메타,"EU, 아동·청소년 SNS 접근 제한 추진… 연령별 이용 기준 검토",eu 아동 청소년 sns 접근 제한 추진 연령별 이용 기준 검토,Chosunbiz,Chosunbiz,"Tue, 14 Jul 2026 05:32:00 GMT","EU, 아동·청소년 SNS 접근 제한 추진… 연령별 이용 기준 검토 Chosunbiz",https://news.google.com/rss/articles/CBMingFBVV95cUxQRVo0dXpMUEJIbjNYVndKU0Z2OWRGMmRfaXY1a1c0amtBcDZIRjN2QlhURGFvREswaS1WNjVhSXlhSkxfR2VmcS1XXzBrdERKcmlTb2FEdEF5WThnanlGWERrUlpWT0JwZGZvZWVURWpLdEVhb1pORzMtWkhkbVYzeFQ1dk5QUGNHZUpRMXl4LVdoUC0yNXN6b2FqT0pMZw?oc=5,google_rss_메타 site:chosun.com when:2d,136.0,58.0,"deepfake_youth,platform_obligation",deepfake_youth,,v43_not_true_competitor;brand_not_in_title,Y,,,,competitor:platform_obligation,platform_operator_obligation,24.0,published_today,general,global_incident:platform_regulation:platform_sector:platform_content_moderation_obligation,consultation,,"insufficient_industry_basis:actor=False,change=False,bridge=False",0,global_platform_or_overseas_rule,Y,global,136.0,platform_obligation,competitor:platform_obligation,global_incident:platform_regulation:platform_sector:platform_content_moderation_obligation:announcement,global_incident:platform_regulation:platform_sector:platform_content_moderation_obligation,경쟁사_해외이슈,COMPETITOR_PLATFORM_RISK,competitor_general_low_relevance,global_incident:platform_regulation:platform_sector:platform_content_moderation_obligation,카카오 대외협력 관점 간접 참고,2,2,2,,,로컬 보조 라벨,local_low_confidence,,,COMP_GENERAL_LOW_RELEVANCE,overseas,,카카오 대외협력 관점 간접 참고,global_incident:platform_regulation:platform_sector:platform_content_moderation_obligation,competitor_general_low_relevance,,,
2450,경쟁사/해외이슈,경쟁사_해외이슈,쿠팡,"靑 “쿠팡 표적조사 사실 아냐, 美서 발생했어도 심각할 것”",쿠팡 표적조사 사실 아냐 서 발생했어도 심각할 것,MSN,MSN,"Mon, 13 Jul 2026 01:58:59 GMT","靑 “쿠팡 표적조사 사실 아냐, 美서 발생했어도 심각할 것” MSN",https://news.google.com/rss/articles/CBMihwRBVV95cUxNQXpiUnlBOHFHWVl1ZGR0ME50MGFqdTR1SzNNWS1idU1MdS1EZzd5UE9TVUpZTkY0c01GQW1lMDlabmNuTUt4VHdNOERoVDV1U3Z2eVl6UmR2Yk9IS2pvYjMtbFd5Yl8ybVN6Skp6UU0wTVFFWXlZWk5lVEVrWnd5OHg3dVhZaFhoZDNjbFY1MllTSnpNZjRqcjJrT3BEQjZpY1NCSHQ4dXcxV1FxVE9NejdTMTAtVDY2cEpnVktsQWhlRDBKMW9tMmQ0U2U3eFAyVDBZaF9JQ0VEc09LUlJmM0pfbWIzNmNEWW5VaVQ1NXd0dm9ZeWFCYVNKVy1qQ0h3VUo2cFJ3UUJlWjJ1dUR0LWs1YmxxVExiMUxORW4zV0p2UGI3akhyR3JFSjJmOTNXYmFaUXJNaWNhSTZxVTRCazN5VTYybzYtS09qMFc3TkNldllQT09kRVNDZ3ZWR2RKUHQ1R0tzeGk1eWtBamFfVWRmNGVFaXc2MWJua1BXYnFPMl9COG1lOXRpTFhDckpUS3RtZlIxVGtmTWxZVTVRNjNNZHdpNm8zOEhUOTRTdDRBYUNGeVNqdjBLR21RSGJsT3hkbG1MNzhrSTBmdWJoU1c5c3lKa05uMjYxV2w2M2lFSkFBbk96MVU2WEtGck5wazVId1J6RnJMNDBWLU5GZTVjSHZUems?oc=5,google_rss_쿠팡 조사 when:2d,134.5,7.0,,,쿠팡,,,,,,,general,14.0,published_yesterday,official_action,,general,Y,"industry_basis_pass:actor=True,change=False,bridge=True",2,coupang_competitor_enforcement_or_risk,Y,coupang,134.5,,,,,경쟁사_해외이슈,COMPETITOR_PLATFORM_RISK,comp_domestic_direct_risk,comp_domestic_direct_risk:쿠팡 표적조사 사실 아냐 서 발생했어도 심각할 것,카카오가 경쟁사 전략·리스크·AI/플랫폼 대응을 비교 참고할 이슈,4,4,5,,,로컬 보조 라벨 / v26.2: overseas structural industry candidate,local_low_confidence,,,COMP_DOMESTIC_DIRECT_RISK,mixed,,카카오가 경쟁사 전략·리스크·AI/플랫폼 대응을 비교 참고할 이슈,comp_domestic_direct_risk:쿠팡 표적조사 사실 아냐 서 발생했어도 심각할 것,comp_domestic_direct_risk,,,
3187,경쟁사/해외이슈,경쟁사_해외이슈,애플,EU 배터리 규제에도 아이폰 디자인 안 바뀐다…탈착식 배터리 의무화 사실 아냐,eu 배터리 규제에도 아이폰 디자인 안 바뀐다 탈착식 배터리 의무화 사실 아냐,앱스토리,앱스토리,"Mon, 13 Jul 2026 10:02:44 GMT",EU 배터리 규제에도 아이폰 디자인 안 바뀐다…탈착식 배터리 의무화 사실 아냐 앱스토리,https://news.google.com/rss/articles/CBMiT0FVX3lxTFBtOHg0Y3hDaGcyU3k3ZnFLMC1tdlA4Zjljd0FtUlp6elNyRnRrczh6MUxTNFBZTU54eHhwY1FrMmRBNzBsUXRpLVVRaEwtaWM?oc=5,google_rss_애플 규제 when:2d,118.5,11.0,policy_legislation,policy_legislation,애플,v43_not_true_competitor,Y,,,,,platform_operator_obligation,14.0,published_yesterday,general,global_incident:platform_regulation:platform_sector:platform_regulation,general,,"insufficient_industry_basis:actor=False,change=True,bridge=False",1,global_platform_or_overseas_rule,Y,global,118.5,"policy_legislation,platform_obligation",competitor:general,global_incident:platform_regulation:platform_sector:platform_regulation:policy_change,global_incident:platform_regulation:platform_sector:platform_regulation,경쟁사_해외이슈,COMPETITOR_PLATFORM_RISK,comp_overseas_regulation_data,global_incident:platform_regulation:platform_sector:platform_regulation,카카오가 경쟁사 전략·리스크·AI/플랫폼 대응을 비교 참고할 이슈,4,3,4,,,로컬 보조 라벨 / v26.2: overseas structural industry candidate,local_low_confidence,,,COMP_OVERSEAS_REGULATION_DATA,overseas,,카카오가 경쟁사 전략·리스크·AI/플랫폼 대응을 비교 참고할 이슈,global_incident:platform_regulation:platform_sector:platform_regulation,comp_overseas_regulation_data,,,
3247,경쟁사/해외이슈,경쟁사_해외이슈,EU 규제,"""아이들에겐 현실 세계의 시간이 필요하다""... EU도 미성년자 SNS 차단 추진",아이들에겐 현실 세계의 시간이 필요하다 eu도 미성년자 sns 차단 추진,조선일보,조선일보,"Tue, 14 Jul 2026 05:54:00 GMT","""아이들에겐 현실 세계의 시간이 필요하다""... EU도 미성년자 SNS 차단 추진 조선일보",https://news.google.com/rss/articles/CBMigwFBVV95cUxOYmJYUW4ybENWaDNNWFRVQ0NGMGdWZkkyYnYwWDNJc2p1U0hyaHJRSXZDSERTMDM1UC11Nlh0ZVhLR3JZaS0tSDh5T3p4TDRsVVo0SUp1UGhCT3F2c1BiaG9YY0xTMDk0SDhqZlBETk4wNmlEcE9mZEtaVHF0VlY2cWpXMA?oc=5,google_rss_EU 규제 when:2d,115.0,11.0,platform_obligation,platform_obligation,,v43_not_true_competitor,Y,,,,,platform_operator_obligation,24.0,published_today,general,,general,,"insufficient_industry_basis:actor=False,change=False,bridge=False",0,global_platform_or_overseas_rule,Y,social_media_platform,115.0,"policy_legislation,platform_obligation",competitor:general,,,경쟁사_해외이슈,OFF_TOPIC,off_topic,off_topic:아이들에겐 현실 세계의 시간이 필요하다 eu도 미성년자 sns 차단 추진,카카오 대외협력 관점 간접 참고,2,2,2,,Y,카카오 대외협력 브리핑 관련성이 낮음,local_low_confidence,,,COMP_GENERAL_LOW_RELEVANCE,other,,카카오 대외협력 관점 간접 참고,off_topic:아이들에겐 현실 세계의 시간이 필요하다 eu도 미성년자 sns 차단 추진,off_topic,,,
3257,경쟁사/해외이슈,경쟁사_해외이슈,EU 규제,유럽연합(EU)은 아동의 소셜 미디어 사용에 연령별 제한을 두는 방안을 제안했습니다.,유럽연합 eu 은 아동의 소셜 미디어 사용에 연령별 제한을 두는 방안을 제안했습니다,Vietnam.vn,Vietnam.vn,"Mon, 13 Jul 2026 23:56:14 GMT",유럽연합(EU)은 아동의 소셜 미디어 사용에 연령별 제한을 두는 방안을 제안했습니다. Vietnam.vn,https://news.google.com/rss/articles/CBMijwFBVV95cUxQWE53a3VfWTY0UzlQVXdGY3h2S2Z1ckloS05FQzBsUHNaU0pTUDZhUlgzbE1XRllETXhuSklHcmJacmZFd2RKM3N1a2Z5UlhOUm02LWtXeFB1R1ptUlVfcDVESHpTUWFvVEpVcTlBVWRrZm1MSlpWQ0tmdnBBaktLNUtzTEt6SnFQcTJETUp5WQ?oc=5,google_rss_EU 규제 when:2d,113.0,4.0,,,,v43_not_true_competitor,Y,,,,,platform_operator_obligation,24.0,published_today,general,,general,,"insufficient_industry_basis:actor=False,change=False,bridge=False",0,global_platform_or_overseas_rule,Y,global,113.0,policy_legislation,,,,경쟁사_해외이슈,OFF_TOPIC,off_topic,off_topic:유럽연합 eu 은 아동의 소셜 미디어 사용에 연령별 제한을 두는 방안을 제안했습니다,카카오 대외협력 관점 간접 참고,4,2,2,,Y,카카오 대외협력 브리핑 관련성이 낮음 / v26.2: overseas structural industry candidate,local_low_confidence,,,COMP_GENERAL_LOW_RELEVANCE,other,,카카오 대외협력 관점 간접 참고,off_topic:유럽연합 eu 은 아동의 소셜 미디어 사용에 연령별 제한을 두는 방안을 제안했습니다,off_topic,,,
3272,경쟁사/해외이슈,경쟁사_해외이슈,EU 규제,"EU, 빅테크·게임사에 직접 벌금 부과 추진…다크 패턴·아동 보호 겨냥한 입법 본격화",eu 빅테크 게임사에 직접 벌금 부과 추진 다크 패턴 아동 보호 겨냥한 입법 본격화,한국공공정책신문,한국공공정책신문,"Mon, 13 Jul 2026 00:16:47 GMT","EU, 빅테크·게임사에 직접 벌금 부과 추진…다크 패턴·아동 보호 겨냥한 입법 본격화 한국공공정책신문",https://news.google.com/rss/articles/CBMiQ0FVX3lxTFBRclM3WUhrWFRHVVdKZ010SHZmM2pXYlRBOGU0S01mSnBnY0pGY3ViT2JMOTJfSnBtZ0ZnRmp0amMwbjQ?oc=5,google_rss_EU 규제 when:2d,111.5,11.0,policy_legislation,policy_legislation,,v43_not_true_competitor,,,,,,general,14.0,published_yesterday,general,,penalty_or_sanction,,"insufficient_industry_basis:actor=True,change=False,bridge=False",1,global_platform_or_overseas_rule,Y,ai_infra_company,111.5,policy_legislation,competitor:general,,,경쟁사_해외이슈,OFF_TOPIC,off_topic,off_topic:eu 빅테크 게임사에 직접 벌금 부과 추진 다크 패턴 아동 보호 겨냥한 입법 본격화,카카오 대외협력 관점 간접 참고,4,2,2,,Y,카카오 대외협력 브리핑 관련성이 낮음 / v26.2: overseas structural industry candidate,local_low_confidence,,,COMP_GENERAL_LOW_RELEVANCE,other,,카카오 대외협력 관점 간접 참고,off_topic:eu 빅테크 게임사에 직접 벌금 부과 추진 다크 패턴 아동 보호 겨냥한 입법 본격화,off_topic,,,
2670,경쟁사/해외이슈,경쟁사_해외이슈,배달의민족,19일 배달의민족 캐시워크 돈버는퀴즈 정답 공개,19일 배달의민족 캐시워크 돈버는퀴즈 정답 공개,MSN,MSN,"Mon, 13 Jul 2026 08:10:29 GMT",19일 배달의민족 캐시워크 돈버는퀴즈 정답 공개 MSN,https://news.google.com/rss/articles/CBMi4gNBVV95cUxQeHVmWV96Z180aUNMWmhUQ1RZc1NtQ0Jkb0d6X1pxbUJVRl92OUlfMWNwQmg5YlQ0QnZrTjZ2V09UY3cwTnI1RjZLWjlXeW1iWncwVHFDdGpsOUI2aG1LUWx1eGV1Ml9iWkFpTGpBRWprYjhkUy1pRjVJRmlzek5RQXdUeWExci1FTUlFV3hCOU5VSzQtVWZjb2xMekd4MElQb0VSRHYxQk8ydVRzUldaVkNHNU5XRTZTZGdZT0hhVkxiSWNLemNFWEsyb1J0UV9HbWVPOXYyajBkSkZkOVUwbjFkNGluVmZlX245ZmFzNXJ6YnBiRmNlS2k4UEpBRUVKd2wyMzkzUC0tVFY3RDc5TEpMcnB2OG5UeHdVaktfR0RzMjluQWZqU1dXX3NGa2FiaERESTJrSlVESlBMMGNDSXJQSXZwbk1JaFpaZklidkdBalR0bXNEaGszRl9XSHk4c2xMVVhuUjNCSjNBdi1ndzY5LXBBVm5VQ2M5NmlPUGk1c3o3UlVNM0Z3LWRwSm9hRlBLc1lud3MwUkZyVk5Nb3hmS2h3V2Z1SU9hMFAxVHo4RlZsbkF6WGt0eGNDZVdRVUpnbnZ2Vkl2a1lLVmw0NHBhZXpxNnZQWS00OHMxR3pkdw?oc=5,"google_rss_""배달의민족"" when:2d",104.5,4.0,,,배달의민족,v43_weak_filler_or_distant_industry,,,,,,general,14.0,published_yesterday,general,global_incident:platform_regulation:baemin:delivery_app_fee_policy,rumor_or_report,Y,"industry_basis_pass:actor=True,change=True,bridge=True",3,global_platform_or_overseas_rule,Y,baemin,104.5,,,global_incident:platform_regulation:baemin:delivery_app_fee_policy:announcement,global_incident:platform_regulation:baemin:delivery_app_fee_policy,경쟁사_해외이슈,COMPETITOR_PLATFORM_RISK,comp_domestic_finance_commerce,global_incident:platform_regulation:baemin:delivery_app_fee_policy,카카오가 경쟁사 전략·리스크·AI/플랫폼 대응을 비교 참고할 이슈,4,4,5,,,로컬 보조 라벨 / v26.2: overseas structural industry candidate,local_low_confidence,,,COMP_DOMESTIC_FINANCE_COMMERCE,mixed,,카카오가 경쟁사 전략·리스크·AI/플랫폼 대응을 비교 참고할 이슈,global_incident:platform_regulation:baemin:delivery_app_fee_policy,comp_domestic_finance_commerce,,,
511,정부/국회,정부_국회,과학기술정보통신부,"[통신 레이더] SKT·LG U+, AI 인프라 혁신으로 산업 DX 대전환",통신 레이더 skt lg u+ ai 인프라 혁신으로 산업 dx 대전환,더밸류뉴스,더밸류뉴스,"Tue, 14 Jul 2026 06:00:02 GMT","[통신 레이더] SKT·LG U+, AI 인프라 혁신으로 산업 DX 대전환 더밸류뉴스",https://news.google.com/rss/articles/CBMiVEFVX3lxTE1hUFE1VWZaMHI1Mk16VUU3cm93bjFUM0NSSUZnbkdOU2tmQTdBRC1sbkF3NXVuZDd0a09NUHRfWWV1SGQ1S1ViU1FhVFVmWF83T2E2Ng?oc=5,google_rss_과학기술정보통신부 AI when:2d,104.0,-41.0,ai_infrastructure_security,ai_infrastructure_security,"LGU+,SKT",v43_not_government_policy,,,,,,general,24.0,published_today,business_change,event:LGU++SKT:ai_infrastructure_security,general,Y,"industry_basis_pass:actor=True,change=True,bridge=False",2,naver_telco_strategy_or_infra,Y,telco,104.0,ai_infrastructure_security,government:tech_security_policy,,,경쟁사_해외이슈,COMPETITOR_AI_STRATEGY,comp_domestic_ai_platform,국가 AI 인프라/AIDC/GPU 정책,카카오 AI agent/AI 서비스 전략과 연결되는 핵심 정책환경,4,4,5,,,v26.2: no central Korean public actor/action for Government section: no_public_actor_action_domain / v26.2: overseas structural industry candidate,local_low_confidence,,OFF_TOPIC,COMP_DOMESTIC_AI_PLATFORM,domestic,카카오 AI agent/AI 서비스 전략과 연결되는 핵심 정책환경,카카오 AI agent/AI 서비스 전략과 연결되는 핵심 정책환경,국가 AI 인프라/AIDC/GPU 정책,comp_domestic_ai_platform,weak_gov_basis:no_public_actor_action_domain,,
635,정부/국회,정부_국회,공정거래위원회,"법원 쿠팡 김범석 동일인 지정 효력정지, 본안 판결 전까지 공정위 처분 멈춰",법원 쿠팡 김범석 동일인 지정 효력정지 본안 판결 전까지 공정위 처분 멈춰,비즈니스포스트,비즈니스포스트,"Tue, 14 Jul 2026 06:26:28 GMT","법원 쿠팡 김범석 동일인 지정 효력정지, 본안 판결 전까지 공정위 처분 멈춰 비즈니스포스트",https://news.google.com/rss/articles/CBMic0FVX3lxTE12N0tlUWtHSXdJYk1KdEVfTUgyaWY2ekNXZ1dCc1otcHNPQVNieEk1Z3VPbVJpWkw4V3BNa1lwNHRBdmhvOUhaNjF0WFBBbnJFczVqTzNXbjJqUkdkTUdWUXBEUk5FUlB0SjZvUlFma2ZaZ2c?oc=5,google_rss_공정거래위원회 when:2d,99.5,-3.5,"antitrust_platform,legal_regulatory_enforcement,strategy_mna_governance",antitrust_coupang_identity,"공정위,쿠팡",v43_not_government_policy,,,,,,general,24.0,published_today,direct_risk,global_incident:platform_regulation:coupang:coupang_designation_disclosure,penalty_or_sanction,Y,"industry_basis_pass:actor=True,change=False,bridge=True",2,coupang_competitor_enforcement_or_risk,Y,coupang,99.5,"legal_regulatory_enforcement,policy_legislation,strategy_mna_governance",government:regulatory_enforcement,global_incident:platform_regulation:coupang:coupang_designation_disclosure:sanction_penalty,global_incident:platform_regulation:coupang:coupang_designation_disclosure,경쟁사_해외이슈,COMPETITOR_AI_STRATEGY,comp_domestic_strategy,global_incident:platform_regulation:coupang:coupang_designation_disclosure,정부/국회 기사이나 카카오 플랫폼·AI·디지털금융과 연결 경로가 약함,4,2,1,,,v26.2: no central Korean public actor/action for Government section: no_public_actor_action_domain / v26.2: overseas structural industry candidate,local_low_confidence,,OFF_TOPIC,COMP_DOMESTIC_STRATEGY,domestic,정부/국회 기사이나 카카오 플랫폼·AI·디지털금융과 연결 경로가 약함,정부/국회 기사이나 카카오 플랫폼·AI·디지털금융과 연결 경로가 약함,global_incident:platform_regulation:coupang:coupang_designation_disclosure,comp_domestic_strategy,weak_gov_basis:no_public_actor_action_domain,,
2525,경쟁사/해외이슈,경쟁사_해외이슈,토스,"토스뱅크, 해외송금 수수료 면제 2026년 말까지 연장…10개 통화로 확대",토스뱅크 해외송금 수수료 면제 2026년 말까지 연장 10개 통화로 확대,더게이트,더게이트,"Tue, 14 Jul 2026 02:21:34 GMT","토스뱅크, 해외송금 수수료 면제 2026년 말까지 연장…10개 통화로 확대 더게이트",https://news.google.com/rss/articles/CBMibEFVX3lxTE9NeDhyRG9fYS1YYlZXR1ZJQ1pIUXN1S3NDNkI3ZFNUR3R4c2RrRTJvdHB2VVdhVDZSWExSMmNkVWxLaUxlUF9uTURucllESUdaQ05CTWZVaTA3bmd1Q2EwbUs1YWJlaVFEZ2k3RdIBbEFVX3lxTE9NeDhyRG9fYS1YYlZXR1ZJQ1pIUXN1S3NDNkI3ZFNUR3R4c2RrRTJvdHB2VVdhVDZSWExSMmNkVWxLaUxlUF9uTURucllESUdaQ05CTWZVaTA3bmd1Q2EwbUs1YWJlaVFEZ2k3RQ?oc=5,google_rss_토스 when:2d,94.0,51.0,market_power_platform,market_power_platform,토스,,Y,,,,competitor:platform_obligation,platform_operator_obligation,24.0,published_today,general,global_incident:platform_regulation:toss:platform_transaction_user_protection_obligation,general,Y,"industry_basis_pass:actor=True,change=True,bridge=True",3,competitor_actor_action_pass,Y,toss,94.0,market_power_platform,competitor:platform_obligation,global_incident:platform_regulation:toss:platform_transaction_user_protection_obligation:general,global_incident:platform_regulation:toss:platform_transaction_user_protection_obligation,경쟁사_해외이슈,COMPETITOR_PLATFORM_RISK,comp_domestic_finance_commerce,global_incident:platform_regulation:toss:platform_transaction_user_protection_obligation,카카오가 경쟁사 전략·리스크·AI/플랫폼 대응을 비교 참고할 이슈,4,4,5,,,로컬 보조 라벨 / v26.2: overseas structural industry candidate,local_low_confidence,,,COMP_DOMESTIC_FINANCE_COMMERCE,domestic,,카카오가 경쟁사 전략·리스크·AI/플랫폼 대응을 비교 참고할 이슈,global_incident:platform_regulation:toss:platform_transaction_user_protection_obligation,comp_domestic_finance_commerce,,,
3276,경쟁사/해외이슈,경쟁사_해외이슈,EU 규제,"EU, 13세 미만 소셜미디어 이용 제한 추진",eu 13세 미만 소셜미디어 이용 제한 추진,디지털포커스,디지털포커스,"Mon, 13 Jul 2026 12:04:11 GMT","EU, 13세 미만 소셜미디어 이용 제한 추진 디지털포커스",https://news.google.com/rss/articles/CBMicEFVX3lxTE1jbktHNkFJYjhaZUJ2Y1IwX0Vqc0VRdHdpXzRvbFdGWnJkWlFSZnN4dU93QTc4RUhscHk5c1E3N0RjQW5FYjZYZU00YXJ1WkNhRTNjMG8xNEVxNGtxZGMxU3c4WHh3dml0ZUhaVTRZdHA?oc=5,google_rss_EU 규제 when:2d,92.5,4.0,,,,v43_not_true_competitor,Y,,,,,platform_operator_obligation,14.0,published_yesterday,general,,general,,"insufficient_industry_basis:actor=False,change=False,bridge=False",0,global_platform_or_overseas_rule,Y,social_media_platform,92.5,policy_legislation,,,,경쟁사_해외이슈,OFF_TOPIC,off_topic,off_topic:eu 13세 미만 소셜미디어 이용 제한 추진,카카오 대외협력 관점 간접 참고,2,2,2,,Y,카카오 대외협력 브리핑 관련성이 낮음,local_low_confidence,,,COMP_GENERAL_LOW_RELEVANCE,other,,카카오 대외협력 관점 간접 참고,off_topic:eu 13세 미만 소셜미디어 이용 제한 추진,off_topic,,,
2533,경쟁사/해외이슈,경쟁사_해외이슈,토스,"토스뱅크, 해외송금 수수료 면제 연말까지…송금 통화 10종으로 확대",토스뱅크 해외송금 수수료 면제 연말까지 송금 통화 10종으로 확대,파이낸셜투데이,파이낸셜투데이,"Tue, 14 Jul 2026 01:03:54 GMT","토스뱅크, 해외송금 수수료 면제 연말까지…송금 통화 10종으로 확대 파이낸셜투데이",https://news.google.com/rss/articles/CBMiakFVX3lxTFBHMi1PbDdBSFJMRkx6cjJZNTBzMmJZdE1WQXNPVWg4VkNCOS1ZX2JxMTdyY1V0cnNobkVHUGtWMlZRSUotV3JnaGotOUpiOEVyS3YtQXhUVjF6alNsRnlzN2twVnRPaDFYTGfSAW5BVV95cUxPb2dwX1BQbHd5X3FTekxabV9pd1I1ZzhjS0MxUElIRnh4VEFZN3hadDZTN1NyVm40WkxVZGw4alU4dUh1ZXFWYzd4Rkk1dnB4NXVwcVRRQnEwSjNrUjAxcUMxcmRQbDNmMEtkX09Kdw?oc=5,google_rss_토스 when:2d,92.0,51.0,market_power_platform,market_power_platform,토스,,Y,,,,competitor:platform_obligation,platform_operator_obligation,24.0,published_today,general,global_incident:platform_regulation:toss:platform_transaction_user_protection_obligation,general,Y,"industry_basis_pass:actor=True,change=True,bridge=True",3,competitor_actor_action_pass,Y,toss,92.0,market_power_platform,competitor:platform_obligation,global_incident:platform_regulation:toss:platform_transaction_user_protection_obligation:general,global_incident:platform_regulation:toss:platform_transaction_user_protection_obligation,경쟁사_해외이슈,COMPETITOR_PLATFORM_RISK,comp_domestic_finance_commerce,global_incident:platform_regulation:toss:platform_transaction_user_protection_obligation,카카오가 경쟁사 전략·리스크·AI/플랫폼 대응을 비교 참고할 이슈,4,4,5,,,로컬 보조 라벨 / v26.2: overseas structural industry candidate,local_low_confidence,,,COMP_DOMESTIC_FINANCE_COMMERCE,domestic,,카카오가 경쟁사 전략·리스크·AI/플랫폼 대응을 비교 참고할 이슈,global_incident:platform_regulation:toss:platform_transaction_user_protection_obligation,comp_domestic_finance_commerce,,,
2591,경쟁사/해외이슈,경쟁사_해외이슈,토스,"일본·베트남 송금도 수수료 0원…토스뱅크, 해외송금 10개 통화로 확대",일본 베트남 송금도 수수료 0원 토스뱅크 해외송금 10개 통화로 확대,dt.co.kr,디지털타임스,"Tue, 14 Jul 2026 00:23:23 GMT","일본·베트남 송금도 수수료 0원…토스뱅크, 해외송금 10개 통화로 확대 dt.co.kr",https://news.google.com/rss/articles/CBMiTkFVX3lxTE5WbVFOUFhySV8yc21GMW93N0hQTVY0Q29YajdZZEhzaVdWMTBWUlpPM081N1VzSTYyWmFvTDRLY0N1d09lcGRWSWVyX2ZYUQ?oc=5,google_rss_토스 site:dt.co.kr when:2d,90.0,51.0,market_power_platform,market_power_platform,토스,,Y,,,,competitor:platform_obligation,platform_operator_obligation,24.0,published_today,general,global_incident:platform_regulation:toss:platform_transaction_user_protection_obligation,general,Y,"industry_basis_pass:actor=True,change=True,bridge=True",3,competitor_actor_action_pass,Y,toss,90.0,market_power_platform,competitor:platform_obligation,global_incident:platform_regulation:toss:platform_transaction_user_protection_obligation:general,global_incident:platform_regulation:toss:platform_transaction_user_protection_obligation,경쟁사_해외이슈,COMPETITOR_PLATFORM_RISK,comp_domestic_finance_commerce,global_incident:platform_regulation:toss:platform_transaction_user_protection_obligation,카카오가 경쟁사 전략·리스크·AI/플랫폼 대응을 비교 참고할 이슈,4,4,5,,,로컬 보조 라벨 / v26.2: overseas structural industry candidate,local_low_confidence,,,COMP_DOMESTIC_FINANCE_COMMERCE,domestic,,카카오가 경쟁사 전략·리스크·AI/플랫폼 대응을 비교 참고할 이슈,global_incident:platform_regulation:toss:platform_transaction_user_protection_obligation,comp_domestic_finance_commerce,,,
252,자사 및 계열사 이슈,자사_및_계열사_이슈,카카오,"5주년 업데이트 효과...카카오게임즈 '오딘', 구글 플레이 매출 1위",5주년 업데이트 효과 카카오게임즈 오딘 구글 플레이 매출 1위,글로벌경제신문,글로벌경제신문,"Mon, 13 Jul 2026 07:30:12 GMT","5주년 업데이트 효과...카카오게임즈 '오딘', 구글 플레이 매출 1위 글로벌경제신문",https://news.google.com/rss/articles/CBMibEFVX3lxTFBLVHdxVjBHb0RHR29MaVdsejJkNlQ5M2UwcnM0ZzF0VlAwd1N3NGNodjBUY1d4dVdPUktEQ2pUeWZIeFFZWnFDeE1xamZ6dmprRllmT3I4MEVHVk9nR3NrOG43bUctOEZIM1ZxZtIBcEFVX3lxTE5PYUJzT0VoZVRmMFFvVkE2b3dKOGkwSFE4N3lJSzZvZDg2LXBDR1BEaU0wNkMtSFhhQlBYaDVLNUtsYTZrNlotWl9xSVVDWkl3bEQzMVJ3dDRDR2I2VzN3c3NYcFFwSEl3YjF0aFVXcnY?oc=5,google_rss_카카오 카카오게임즈 when:2d,81.8,52.5,"earnings,financial_performance",financial_performance,"구글,카카오,카카오게임즈",,,,,,,general,14.0,published_yesterday,general,event:구글+카카오:financial_performance,general,Y,"industry_basis_pass:actor=True,change=False,bridge=True",2,competitor_actor_action_pass,Y,global,81.8,financial_performance,self:financial_performance,,,자사_및_계열사_이슈,SELF_AFFILIATE_BUSINESS,self_strategic_reference,self_strategic_reference:5주년 업데이트 효과 카카오게임즈 오딘 구글 플레이 매출 1위,"카카오·계열사의 사업 확장, 제휴, MOU, 신규 서비스 참고 이슈",4,3,4,,,v40: 직접 리스크는 아니지만 자사 사업 확장·제휴성 이슈로 2순위 반영,local_low_confidence,STRATEGIC_REFERENCE,,COMP_GENERAL_LOW_RELEVANCE,overseas,,카카오 현직자가 사업 방향과 외부 질의 가능성을 참고할 실질 변화,self_strategic_reference:5주년 업데이트 효과 카카오게임즈 오딘 구글 플레이 매출 1위,self_strategic_reference,,,
1687,정부/국회,정부_국회,플랫폼 규제,"""글로벌 자본시장 상장 플랫폼 기업, 국내 동일인 제도로 획일적 평가는 한계"" - 머니투데이",글로벌 자본시장 상장 플랫폼 기업 국내 동일인 제도로 획일적 평가는 한계,머니투데이,머니투데이,"Mon, 13 Jul 2026 06:01:00 GMT","""글로벌 자본시장 상장 플랫폼 기업, 국내 동일인 제도로 획일적 평가는 한계"" - 머니투데이 머니투데이",https://news.google.com/rss/articles/CBMibEFVX3lxTFBoZTlWbzB4ZzZtSUdQMmZJMGl1a09oLTVhX01jYVJ4SUF4cFphaG5qYkRWaHViZmpkOHZqb0FFMzBQTUQ2QkpvWUZOSDM3YU5DZlRIRkNBY05rdTh3WmEtbFZCd0RyRXp5QmdJTNIBckFVX3lxTFBDNi1DUldLeUpWWDRZc3Q2Ykl2bXEtakdIUTBUbTVJMTV2cjZ4blVOZlZGY2lDSHZNUE0zb2VZRGJCZ3k5OVpXNDd2dDN4ZnZRTnBUYVlWLV9oYU1FVzRUYVN4U2NYYklnUElLRl82bkppdw?oc=5,"google_rss_""플랫폼 규제"" when:2d",79.0,-31.0,"market_power_platform,strategy_mna_governance",market_power_platform,,v43_not_government_policy,,,,,,general,14.0,published_yesterday,direct_risk,global_incident:platform_regulation:platform_sector:coupang_designation_disclosure,general,,"generic_platform_without_digital_business_context:actor=False,change=False,bridge=False",0,global_platform_or_overseas_rule,Y,global,79.0,"policy_legislation,market_power_platform,strategy_mna_governance",government:regulatory_enforcement,global_incident:platform_regulation:platform_sector:coupang_designation_disclosure:general,global_incident:platform_regulation:platform_sector:coupang_designation_disclosure,정부_국회,GOV_PLATFORM_REGULATION,government_general_policy,global_incident:platform_regulation:platform_sector:coupang_designation_disclosure,카카오 대외협력 관점 간접 참고,2,2,2,,,로컬 보조 라벨 / v26: 한국 정부·국회 직접 행위자 근거 약함,local_low_confidence,,OFF_TOPIC,,other,카카오 대외협력 관점 간접 참고,,global_incident:platform_regulation:platform_sector:coupang_designation_disclosure,government_general_policy,,,
3462,산업동향,산업동향,인공지능 산업 동향,"딥엑스, 글로벌 AI 모델·개발자 플랫폼 연계 확대… 오픈 피지컬AI 생태계 구축 본격화",딥엑스 글로벌 ai 모델 개발자 플랫폼 연계 확대 오픈 피지컬ai 생태계 구축 본격화,FA저널,FA저널,"Tue, 14 Jul 2026 07:07:02 GMT","딥엑스, 글로벌 AI 모델·개발자 플랫폼 연계 확대… 오픈 피지컬AI 생태계 구축 본격화 FA저널",https://news.google.com/rss/articles/CBMia0FVX3lxTE53Rkc5VzBUWVZZSllNaEN5cHk1eTZDTmxNOVVYSGhRY0I2cldsd2hjSV9aRU1jSG9SZ3BtWGpXTnNuLTVlVFZ1bzJDalBEeDRPQThubkdWMl8wdmRaa2N4TDNacUo3MnVmdl9z?oc=5,google_rss_인공지능 산업 동향 when:2d,74.0,16.0,"ai_infrastructure_security,market_power_platform",ai_infrastructure_security,,v43_not_structural_industry,,,,,,general,24.0,published_today,business_change,global_incident:platform_regulation:platform_sector:platform_regulation,general,,"generic_platform_without_digital_business_context:actor=False,change=True,bridge=False",1,global_platform_or_overseas_rule,Y,global,74.0,"market_power_platform,ai_infrastructure_security",industry:ai_infrastructure,global_incident:platform_regulation:platform_sector:platform_regulation:general,global_incident:platform_regulation:platform_sector:platform_regulation,경쟁사_해외이슈,GOV_AI_DIGITAL_POLICY,government_ai_core_policy,global_incident:platform_regulation:platform_sector:platform_regulation,카카오 AI agent/AI 서비스 전략과 연결되는 핵심 정책환경,4,4,5,,,v26.2: no central Korean public actor/action for Government section: no_public_actor_action_domain / v26.2: overseas structural industry candidate,local_low_confidence,,OFF_TOPIC,,other,카카오 AI agent/AI 서비스 전략과 연결되는 핵심 정책환경,,global_incident:platform_regulation:platform_sector:platform_regulation,government_ai_core_policy,,,
741,정부/국회,정부_국회,공정거래위원회,"법원, '김범석 쿠팡 총수 지정' 제동…본안 판결까지 정지",법원 김범석 쿠팡 총수 지정 제동 본안 판결까지 정지,네이트,네이트,"Tue, 14 Jul 2026 07:07:00 GMT","법원, '김범석 쿠팡 총수 지정' 제동…본안 판결까지 정지 네이트",https://news.google.com/rss/articles/CBMiU0FVX3lxTFBVTGZrREpZaVhGbW0xckYzaTZEeEVkR0xVclFGV25GcFJqZmxTMzlJSGdEWUE3OHBNdHBfQm9SakNkby14X0Q1Skplek9Ic3RlMDJJ?oc=5,"google_rss_""공정거래위원회"" when:2d",74.0,-23.0,legal_regulatory_enforcement,legal_regulatory_enforcement,쿠팡,v43_not_government_policy,,,,,,general,24.0,published_today,direct_risk,event:쿠팡:legal_regulatory_enforcement,general,Y,"industry_basis_pass:actor=True,change=False,bridge=True",2,coupang_competitor_enforcement_or_risk,Y,coupang,74.0,"legal_regulatory_enforcement,policy_legislation",government:regulatory_enforcement,,,경쟁사_해외이슈,COMPETITOR_AI_STRATEGY,comp_domestic_strategy,comp_domestic_strategy:법원 김범석 쿠팡 총수 지정 제동 본안 판결까지 정지,정부/국회 기사이나 카카오 플랫폼·AI·디지털금융과 연결 경로가 약함,4,2,1,,,v26.2: no central Korean public actor/action for Government section: no_public_actor_action_domain / v26.2: overseas structural industry candidate,local_low_confidence,,OFF_TOPIC,COMP_DOMESTIC_STRATEGY,domestic,정부/국회 기사이나 카카오 플랫폼·AI·디지털금융과 연결 경로가 약함,정부/국회 기사이나 카카오 플랫폼·AI·디지털금융과 연결 경로가 약함,comp_domestic_strategy:법원 김범석 쿠팡 총수 지정 제동 본안 판결까지 정지,comp_domestic_strategy,weak_gov_basis:no_public_actor_action_domain,,
708,정부/국회,정부_국회,공정거래위원회,법원 ‘김범석=쿠팡 총수’ 지정 제동…본안 판결까지 효력 정지,법원 김범석 쿠팡 총수 지정 제동 본안 판결까지 효력 정지,동아일보,동아일보,"Tue, 14 Jul 2026 05:34:00 GMT",법원 ‘김범석=쿠팡 총수’ 지정 제동…본안 판결까지 효력 정지 동아일보,https://news.google.com/rss/articles/CBMidkFVX3lxTE50X3NxcDJ2R3Vmd2ZqQUg1RWRFdUxZaEhwUGVKTkpvc3RfRjFqLU9SWl9SZVdKeDRvQkJ5anZSdUJMaWJaYTVtTzR5V2pBdHl4YUsxSDJOMzhXM1p4RmFiWFNYS3pKb2pTOFQ2Slc4ZEZoRnNyN3fSAWZBVV95cUxPQ0NuM29JWDVWb1hDLWpzLUR3LUtOQjYtTWc0WG5IdHByWW1oS05ZODVLa0g4REdGdzdzd3RkU1BvVkNKcFlUeDRfYlpmU1p4MDgwWXRXeU1GNkptN2JWd1FZUGREdUE?oc=5,google_rss_공정거래위원회 when:2d,74.0,-23.0,legal_regulatory_enforcement,legal_regulatory_enforcement,쿠팡,v43_not_government_policy,,,,,,general,24.0,published_today,direct_risk,event:쿠팡:legal_regulatory_enforcement,general,Y,"industry_basis_pass:actor=True,change=False,bridge=True",2,coupang_competitor_enforcement_or_risk,Y,coupang,74.0,"legal_regulatory_enforcement,policy_legislation",government:regulatory_enforcement,,,경쟁사_해외이슈,COMPETITOR_AI_STRATEGY,comp_domestic_strategy,comp_domestic_strategy:법원 김범석 쿠팡 총수 지정 제동 본안 판결까지 효력 정지,정부/국회 기사이나 카카오 플랫폼·AI·디지털금융과 연결 경로가 약함,4,2,1,,,v26.2: no central Korean public actor/action for Government section: no_public_actor_action_domain / v26.2: overseas structural industry candidate,local_low_confidence,,OFF_TOPIC,COMP_DOMESTIC_STRATEGY,domestic,정부/국회 기사이나 카카오 플랫폼·AI·디지털금융과 연결 경로가 약함,정부/국회 기사이나 카카오 플랫폼·AI·디지털금융과 연결 경로가 약함,comp_domestic_strategy:법원 김범석 쿠팡 총수 지정 제동 본안 판결까지 효력 정지,comp_domestic_strategy,weak_gov_basis:no_public_actor_action_domain,,
669,정부/국회,정부_국회,공정거래위원회,"[속보] 법원 “쿠팡 김범석 ‘동일인’ 지정, 본안 판결 전까지 효력정지”",법원 쿠팡 김범석 동일인 지정 본안 판결 전까지 효력정지,경향신문,경향신문,"Tue, 14 Jul 2026 04:56:00 GMT","[속보] 법원 “쿠팡 김범석 ‘동일인’ 지정, 본안 판결 전까지 효력정지” 경향신문",https://news.google.com/rss/articles/CBMiWkFVX3lxTE01R1prT3A1dmIwa0hlRHBOaUI3TnpxWUhJbE42aGlLelNfNlhrZ0VnUDBxYjZzSkRzeERMZ3ZsVjVkUDFnbzFxVm8yTUNEQzRCUmhZVUJHNVU0d9IBX0FVX3lxTE1KZ2luR3BTQktsVFdYeUFaN3g0N05vTjNJdTFaQ2Q0X0dVSWJOV0U4ZTM3LXE2Z2ZWeTNoc0NWbVJWaEdNYzkybF9IOEtabGpPQThwZEZnOUM5NW5vdEVj?oc=5,google_rss_공정거래위원회 when:2d,74.0,-23.0,legal_regulatory_enforcement,legal_regulatory_enforcement,쿠팡,v43_not_government_policy,,,,,,general,29.0,published_today+exclusive_breaking,direct_risk,event:쿠팡:legal_regulatory_enforcement,general,Y,"industry_basis_pass:actor=True,change=False,bridge=True",2,coupang_competitor_enforcement_or_risk,Y,coupang,74.0,"legal_regulatory_enforcement,policy_legislation",government:regulatory_enforcement,,,경쟁사_해외이슈,COMPETITOR_AI_STRATEGY,comp_domestic_strategy,comp_domestic_strategy:법원 쿠팡 김범석 동일인 지정 본안 판결 전까지 효력정지,정부/국회 기사이나 카카오 플랫폼·AI·디지털금융과 연결 경로가 약함,4,2,1,,,v26.2: no central Korean public actor/action for Government section: no_public_actor_action_domain / v26.2: overseas structural industry candidate,local_low_confidence,,OFF_TOPIC,COMP_DOMESTIC_STRATEGY,domestic,정부/국회 기사이나 카카오 플랫폼·AI·디지털금융과 연결 경로가 약함,정부/국회 기사이나 카카오 플랫폼·AI·디지털금융과 연결 경로가 약함,comp_domestic_strategy:법원 쿠팡 김범석 동일인 지정 본안 판결 전까지 효력정지,comp_domestic_strategy,weak_gov_basis:no_public_actor_action_domain,,
2556,경쟁사/해외이슈,경쟁사_해외이슈,토스,"[해외 크리에이티브] ""장난감 같은 SUV는 가라"" 기아, 신형 셀토스로 경쟁차 겨냥한 캠페인 공개",해외 크리에이티브 장난감 같은 suv는 가라 기아 신형 셀토스로 경쟁차 겨냥한 캠페인 공개,매드타임스,매드타임스,"Mon, 13 Jul 2026 15:00:00 GMT","[해외 크리에이티브] ""장난감 같은 SUV는 가라"" 기아, 신형 셀토스로 경쟁차 겨냥한 캠페인 공개 매드타임스",https://news.google.com/rss/articles/CBMibEFVX3lxTE9McWhMUndsUjNtRmd1eU5wbVd1Q1lTRE5xZVhKYU9xdEI2WGE5ak5oOHhqeGhzLVU3T083eFhaQmZ5dzdnbjRwTndBSFViSUR4RWlSaTVROUJKNmJidjRFYlJQWGZiWTNnNlJFLQ?oc=5,google_rss_토스 when:2d,70.0,-11.0,,,토스,v43_not_true_competitor;low_value:캠페인,,,,,,general,24.0,published_today,general,,rumor_or_report,Y,"industry_basis_pass:actor=True,change=True,bridge=True",3,global_platform_or_overseas_rule,Y,toss,70.0,,,,,경쟁사_해외이슈,COMPETITOR_PLATFORM_RISK,competitor_general_low_relevance,competitor_general_low_relevance:해외 크리에이티브 장난감 같은 suv는 가라 기아 신형 셀토스로 경쟁차 겨냥한 캠페인 공개,카카오 대외협력 관점 간접 참고,4,2,2,,,로컬 보조 라벨 / v26.2: overseas structural industry candidate,local_low_confidence,,,COMP_GENERAL_LOW_RELEVANCE,domestic,,카카오 대외협력 관점 간접 참고,competitor_general_low_relevance:해외 크리에이티브 장난감 같은 suv는 가라 기아 신형 셀토스로 경쟁차 겨냥한 캠페인 공개,competitor_general_low_relevance,,,
2437,경쟁사/해외이슈,경쟁사_해외이슈,쿠팡,"법원, 쿠팡 ‘김범석 총수 지정’ 제동…공정위 결정 일단 멈췄다",법원 쿠팡 김범석 총수 지정 제동 공정위 결정 일단 멈췄다,ikoreadaily.co.kr,ikoreadaily.co.kr,"Tue, 14 Jul 2026 07:06:26 GMT","법원, 쿠팡 ‘김범석 총수 지정’ 제동…공정위 결정 일단 멈췄다 ikoreadaily.co.kr",https://news.google.com/rss/articles/CBMicEFVX3lxTE9tM3E0MDJCb3hsTGhrSTVfX1EyaEtrMUVTbVpVM2tnS2hjSW9Ec3VDYjIzeGJqQjd3S2ZLaDhfOFRndXQwNHFGQTkyc1R4NzhFaGFhQzNHWlJQdzM2eDk4aUVSVTZsa2JKM3FEQlRUS1g?oc=5,google_rss_쿠팡 규제 when:2d,69.5,23.5,"ai_infrastructure_security,antitrust_platform",antitrust_coupang_identity,"공정위,쿠팡",,,,,,,general,24.0,published_today,general,global_incident:platform_regulation:coupang:coupang_designation_disclosure,decision,Y,"industry_basis_pass:actor=True,change=False,bridge=True",2,overseas_platform_ai_rule_pass,Y,coupang,69.5,ai_infrastructure_security,government:tech_security_policy,global_incident:platform_regulation:coupang:coupang_designation_disclosure:general,global_incident:platform_regulation:coupang:coupang_designation_disclosure,경쟁사_해외이슈,COMPETITOR_AI_STRATEGY,comp_domestic_ai_platform,global_incident:platform_regulation:coupang:coupang_designation_disclosure,카카오가 경쟁사 전략·리스크·AI/플랫폼 대응을 비교 참고할 이슈,4,4,5,,,로컬 보조 라벨 / v26.2: overseas structural industry candidate,local_low_confidence,,,COMP_DOMESTIC_AI_PLATFORM,domestic,,카카오가 경쟁사 전략·리스크·AI/플랫폼 대응을 비교 참고할 이슈,global_incident:platform_regulation:coupang:coupang_designation_disclosure,comp_domestic_ai_platform,,,
2585,경쟁사/해외이슈,경쟁사_해외이슈,토스,"토스뱅크, 연말까지 해외송금 수수료 3천900원 면제",토스뱅크 연말까지 해외송금 수수료 3천900원 면제,연합뉴스,연합뉴스,"Tue, 14 Jul 2026 02:14:22 GMT","토스뱅크, 연말까지 해외송금 수수료 3천900원 면제 연합뉴스",https://news.google.com/rss/articles/CBMiW0FVX3lxTFBVLXQ3ZHNEV2VyZ0s0YkNJRjhqekJTYlBZdDk3T2RpcmxNc0M2VHAwZEc4eUxESGRlUXRZenFndGY3emtjekVqUDNIZnFlWXkzaTBZU0stSEpZT2PSAWBBVV95cUxPVXpaLWtXdlNQdzV1RFpvTWhUNV9LNVh5eFkzTWdUYnNIOGdKclo1TkwwWlZBTzN1Tll3bjJNbWJ2dTRrWEtQMEhTODQ5QmxDQUpDY0ViVi1rWjlWaUF5Ujg?oc=5,google_rss_토스 site:yna.co.kr when:2d,63.0,11.0,market_power_platform,market_power_platform,토스,,,,,,,general,24.0,published_today,general,global_incident:platform_regulation:toss:delivery_app_fee_policy,general,Y,"industry_basis_pass:actor=True,change=False,bridge=True",2,competitor_actor_action_pass,Y,toss,63.0,market_power_platform,competitor:regulatory_enforcement,global_incident:platform_regulation:toss:delivery_app_fee_policy:general,global_incident:platform_regulation:toss:delivery_app_fee_policy,경쟁사_해외이슈,COMPETITOR_PLATFORM_RISK,comp_domestic_finance_commerce,global_incident:platform_regulation:toss:delivery_app_fee_policy,카카오가 경쟁사 전략·리스크·AI/플랫폼 대응을 비교 참고할 이슈,4,4,5,,,로컬 보조 라벨 / v26.2: overseas structural industry candidate,local_low_confidence,,,COMP_DOMESTIC_FINANCE_COMMERCE,domestic,,카카오가 경쟁사 전략·리스크·AI/플랫폼 대응을 비교 참고할 이슈,global_incident:platform_regulation:toss:delivery_app_fee_policy,comp_domestic_finance_commerce,,,
2615,경쟁사/해외이슈,경쟁사_해외이슈,배달의민족,"배민-배스킨라빈스·매일유업, 한정판 굿즈 출시·대학생 AI 영상 공모전 개최",배민 배스킨라빈스 매일유업 한정판 굿즈 출시 대학생 ai 영상 공모전 개최,여성소비자신문,여성소비자신문,"Tue, 14 Jul 2026 06:57:51 GMT","배민-배스킨라빈스·매일유업, 한정판 굿즈 출시·대학생 AI 영상 공모전 개최 여성소비자신문",https://news.google.com/rss/articles/CBMiZkFVX3lxTE1vMVNxbzQ4SDR0VzlJajVLaVl2TkQwMXJHRnotVzc5NGxpcVdXc1VFaktsZ2xlWHpTcHFOVm41VVlYSWExVm5QVHB5SzVBc3JieGkzcjJVby12NUt1eGExa0tnUjhfdw?oc=5,google_rss_배달의민족 when:2d,62.0,14.0,"ai_infrastructure_security,self_pr_promo",ai_infrastructure_security,배달의민족,,,,,,,general,24.0,published_today,business_change,global_incident:platform_regulation:baemin:delivery_app_fee_policy,general,Y,"industry_basis_pass:actor=True,change=True,bridge=True",3,competitor_actor_action_pass,Y,baemin,62.0,ai_infrastructure_security,competitor:ai_strategy,global_incident:platform_regulation:baemin:delivery_app_fee_policy:general,global_incident:platform_regulation:baemin:delivery_app_fee_policy,경쟁사_해외이슈,COMPETITOR_AI_STRATEGY,comp_domestic_ai_platform,global_incident:platform_regulation:baemin:delivery_app_fee_policy,카카오가 경쟁사 전략·리스크·AI/플랫폼 대응을 비교 참고할 이슈,4,4,5,,,로컬 보조 라벨 / v26.2: overseas structural industry candidate,local_low_confidence,,,COMP_DOMESTIC_AI_PLATFORM,domestic,,카카오가 경쟁사 전략·리스크·AI/플랫폼 대응을 비교 참고할 이슈,global_incident:platform_regulation:baemin:delivery_app_fee_policy,comp_domestic_ai_platform,,,
2513,경쟁사/해외이슈,경쟁사_해외이슈,토스,"토스뱅크, 해외송금 수수료 면제 연말까지…10개 통화 지원",토스뱅크 해외송금 수수료 면제 연말까지 10개 통화 지원,전자신문,전자신문,"Tue, 14 Jul 2026 02:40:18 GMT","토스뱅크, 해외송금 수수료 면제 연말까지…10개 통화 지원 전자신문",https://news.google.com/rss/articles/CBMiTkFVX3lxTE1WZXN6TEs5QzR6LS1VNlNZcGViT183UkkzRGpacmVqd3A4UXNEVEdxYmNNVjVjcHF1dGJVVEdBVi1hSTZienZDUXFGdUVOdw?oc=5,google_rss_토스 when:2d,62.0,11.0,market_power_platform,market_power_platform,토스,,,,,,,general,24.0,published_today,general,global_incident:platform_regulation:toss:delivery_app_fee_policy,general,Y,"industry_basis_pass:actor=True,change=False,bridge=True",2,competitor_actor_action_pass,Y,toss,62.0,market_power_platform,competitor:regulatory_enforcement,global_incident:platform_regulation:toss:delivery_app_fee_policy:general,global_incident:platform_regulation:toss:delivery_app_fee_policy,경쟁사_해외이슈,COMPETITOR_PLATFORM_RISK,comp_domestic_finance_commerce,global_incident:platform_regulation:toss:delivery_app_fee_policy,카카오가 경쟁사 전략·리스크·AI/플랫폼 대응을 비교 참고할 이슈,4,4,5,,,로컬 보조 라벨 / v26.2: overseas structural industry candidate,local_low_confidence,,,COMP_DOMESTIC_FINANCE_COMMERCE,domestic,,카카오가 경쟁사 전략·리스크·AI/플랫폼 대응을 비교 참고할 이슈,global_incident:platform_regulation:toss:delivery_app_fee_policy,comp_domestic_finance_commerce,,,
812,정부/국회,정부_국회,공정거래위원회,"뷰성형외과﻿·에이비성형외과의원·디에이성형외과, 이용 후기 뒷광고 제재 조치",뷰성형외과 에이비성형외과의원 디에이성형외과 이용 후기 뒷광고 제재 조치,글로벌경제신문,글로벌경제신문,"Mon, 13 Jul 2026 04:49:23 GMT","뷰성형외과﻿·에이비성형외과의원·디에이성형외과, 이용 후기 뒷광고 제재 조치 글로벌경제신문",https://news.google.com/rss/articles/CBMicEFVX3lxTE10S0VZQlliNl82ck1GcDBBdzdhanAyY3poeTBRdWU5ZHJMTUd3aF9Md1BYZ3JaTXlUTDBpYmVsMkxOTUZEX3FfNjEwSHdqNno1VUx4a1ZyZjJULW1Ob1M5ZUNoM3p1Y0lOeUVjX05LOTfSAXBBVV95cUxNdEtFWUJZYjZfNnJNRnAwQXc3YWpwMmN6aHkwUXVlOWRyTE1Hd2hfTHdQWGdyWk15VEwwaWJlbDJMTk1GRF9xXzYxMEh3ajZ6NVVMeGtWcmYyVC1tTm9TOWVDaDN6dWNJTnlFY19OSzk3?oc=5,google_rss_공정거래위원회 조사 when:2d,60.6,113.0,"legal_regulatory_enforcement,search_ads",legal_regulatory_enforcement,,v43_not_government_policy,Y,,,,government:platform_obligation,platform_operator_obligation,14.0,published_yesterday,official_action,global_incident:platform_regulation:platform_sector:platform_algorithm_ad_obligation,penalty_or_sanction,,"insufficient_industry_basis:actor=False,change=False,bridge=True",1,global_platform_or_overseas_rule,Y,global,60.6,"legal_regulatory_enforcement,policy_legislation",government:platform_obligation,global_incident:platform_regulation:platform_sector:platform_algorithm_ad_obligation:sanction_penalty,global_incident:platform_regulation:platform_sector:platform_algorithm_ad_obligation,경쟁사_해외이슈,GOV_PLATFORM_REGULATION,government_regulatory_enforcement,global_incident:platform_regulation:platform_sector:platform_algorithm_ad_obligation,카카오 플랫폼·AI·대관 대응 경로에 영향을 줄 수 있는 정책/감독 이슈,4,5,4,,,v26.2: no central Korean public actor/action for Government section: foreign_public_policy / v26.2: overseas structural industry candidate,local_low_confidence,,OFF_TOPIC,,other,카카오 플랫폼·AI·대관 대응 경로에 영향을 줄 수 있는 정책/감독 이슈,,global_incident:platform_regulation:platform_sector:platform_algorithm_ad_obligation,government_regulatory_enforcement,weak_gov_basis:foreign_public_policy,,
2535,경쟁사/해외이슈,경쟁사_해외이슈,토스,"토스뱅크, 해외송금 수수료 면제 연말까지 연장… 일본·베트남·태국 통화 추가",토스뱅크 해외송금 수수료 면제 연말까지 연장 일본 베트남 태국 통화 추가,디지틀조선일보,디지틀조선일보,"Tue, 14 Jul 2026 01:35:00 GMT","토스뱅크, 해외송금 수수료 면제 연말까지 연장… 일본·베트남·태국 통화 추가 디지틀조선일보",https://news.google.com/rss/articles/CBMihwFBVV95cUxQWGNiN3JaMDJnbDVSV3RXUllaUWRqTm1tZUhuc1MzR3FYWklTSzFDck4tZV9VZy1nR0JoRDlkYlhfa1BvR2I2em1nNW5aRzdfYUNzamN5R25uVVp5ZlI5RHd3QW5PczdzR1VkbmdWUDVWT0VxS01jWDVQZmJGQ08yODN4YkZxTm_SAXtBVV95cUxPSFpadUFWSXFIYmFVUUp5TC1JQUZ0UXNxMDhVekQwY1haTGVqaldITURLdzAyVDVRTnRVblFpQW5pTndGVldZb0JKYktoR1lmeTJFSHhLX2lSTGFpaU1BSXNsdUlfN3h6UE8tOGpkdTlkNjVBbElsUmtXX00?oc=5,google_rss_토스 when:2d,60.0,11.0,market_power_platform,market_power_platform,토스,,,,,,,general,24.0,published_today,general,global_incident:platform_regulation:toss:delivery_app_fee_policy,general,Y,"industry_basis_pass:actor=True,change=False,bridge=True",2,competitor_actor_action_pass,Y,toss,60.0,market_power_platform,competitor:regulatory_enforcement,global_incident:platform_regulation:toss:delivery_app_fee_policy:general,global_incident:platform_regulation:toss:delivery_app_fee_policy,경쟁사_해외이슈,COMPETITOR_PLATFORM_RISK,comp_domestic_finance_commerce,global_incident:platform_regulation:toss:delivery_app_fee_policy,카카오가 경쟁사 전략·리스크·AI/플랫폼 대응을 비교 참고할 이슈,4,4,5,,,로컬 보조 라벨 / v26.2: overseas structural industry candidate,local_low_confidence,,,COMP_DOMESTIC_FINANCE_COMMERCE,domestic,,카카오가 경쟁사 전략·리스크·AI/플랫폼 대응을 비교 참고할 이슈,global_incident:platform_regulation:toss:delivery_app_fee_policy,comp_domestic_finance_commerce,,,
576,정부/국회,정부_국회,과학기술정보통신부,"'해킹 은폐' KT, '역대급' 과징금 위기…2000억원 넘기나",해킹 은폐 kt 역대급 과징금 위기 2000억원 넘기나,더팩트,더팩트,"Tue, 14 Jul 2026 04:23:23 GMT","'해킹 은폐' KT, '역대급' 과징금 위기…2000억원 넘기나 더팩트",https://news.google.com/rss/articles/CBMiWkFVX3lxTE9iV0lvazZ1UkVWemNsQkpReWdKVXBiOTMtMU5lUTExR1RUMmx5TlVzOGh2TWxRanBpVVkzSFFQaEw0eWtNZnlfQWZCQ2J3Q0Q1emtqNlZMZlh0QdIBVEFVX3lxTE13N3p0YTM5VDQwcmVWMERTejE4OG9oQjVuUFQ5NDBoUDIxdlkyOHA2UlcwZlFEaWRLRTJGUlA4MmUtZU0taDgtRS1aa0FBT3Vpd1ZzYQ?oc=5,google_rss_과학기술정보통신부 과징금 when:2d,57.6,1.0,"antitrust_platform,legal_regulatory_enforcement,phishing_security,privacy_security_reliability",antitrust_general,KT,v43_not_government_policy,,,,,,general,24.0,published_today,official_action,privacy_security:kt:data_leak,penalty_or_sanction,Y,"industry_basis_pass:actor=True,change=True,bridge=False",2,naver_telco_strategy_or_infra,Y,telco,57.6,"legal_regulatory_enforcement,privacy_security_reliability",government:regulatory_enforcement,global_incident:platform_regulation:kt:platform_regulation:sanction_penalty,global_incident:platform_regulation:kt:platform_regulation,경쟁사_해외이슈,COMPETITOR_PLATFORM_RISK,comp_domestic_direct_risk,global_incident:platform_regulation:kt:platform_regulation,정부/국회 기사이나 카카오 플랫폼·AI·디지털금융과 연결 경로가 약함,4,2,1,,,v26.2: no central Korean public actor/action for Government section: no_public_actor_action_domain / v26.2: overseas structural industry candidate,local_low_confidence,,OFF_TOPIC,COMP_DOMESTIC_DIRECT_RISK,domestic,정부/국회 기사이나 카카오 플랫폼·AI·디지털금융과 연결 경로가 약함,정부/국회 기사이나 카카오 플랫폼·AI·디지털금융과 연결 경로가 약함,global_incident:platform_regulation:kt:platform_regulation,comp_domestic_direct_risk,weak_gov_basis:no_public_actor_action_domain,,
2613,경쟁사/해외이슈,경쟁사_해외이슈,배달의민족,"`먹을 복` 가득 담았다…배민, 배스킨라빈스 협업 한정 굿즈 출시",먹을 복 가득 담았다 배민 배스킨라빈스 협업 한정 굿즈 출시,디지털데일리,디지털데일리,"Tue, 14 Jul 2026 01:05:56 GMT","`먹을 복` 가득 담았다…배민, 배스킨라빈스 협업 한정 굿즈 출시 디지털데일리",https://news.google.com/rss/articles/CBMiZEFVX3lxTE54aUZGczdsdnhqSldFTm1xbGs2UVFvUzY2VEszRDBvTnFnZ0J4VGJqbE94d25EOFBPaVh4RVh5RFd1MTRBa1NGMGNHbDhKRnhBb3ktQ1hfR1hpN1pTcXBpY1F4b0Q?oc=5,google_rss_배달의민족 when:2d,54.0,7.0,self_pr_promo,,배달의민족,,,,,,,general,24.0,published_today,general,global_incident:platform_regulation:baemin:delivery_app_fee_policy,general,Y,"industry_basis_pass:actor=True,change=True,bridge=True",3,competitor_actor_action_pass,Y,baemin,54.0,,,global_incident:platform_regulation:baemin:delivery_app_fee_policy:general,global_incident:platform_regulation:baemin:delivery_app_fee_policy,경쟁사_해외이슈,COMPETITOR_PLATFORM_RISK,comp_domestic_finance_commerce,global_incident:platform_regulation:baemin:delivery_app_fee_policy,카카오가 경쟁사 전략·리스크·AI/플랫폼 대응을 비교 참고할 이슈,4,4,5,,,로컬 보조 라벨 / v26.2: overseas structural industry candidate,local_low_confidence,,,COMP_DOMESTIC_FINANCE_COMMERCE,domestic,,카카오가 경쟁사 전략·리스크·AI/플랫폼 대응을 비교 참고할 이슈,global_incident:platform_regulation:baemin:delivery_app_fee_policy,comp_domestic_finance_commerce,,,
2604,경쟁사/해외이슈,경쟁사_해외이슈,배달의민족,"""아이스크림 먹고, 도시락통으로"" 배민·배라, 다회용 한정판 굿즈 출시",아이스크림 먹고 도시락통으로 배민 배라 다회용 한정판 굿즈 출시,뉴시스,뉴시스,"Tue, 14 Jul 2026 00:46:48 GMT","""아이스크림 먹고, 도시락통으로"" 배민·배라, 다회용 한정판 굿즈 출시 뉴시스",https://news.google.com/rss/articles/CBMieEFVX3lxTFA0djFaUmJBUjc0TGhaM3lnNXA4bDRMVEppN0NmTzBscEtHU0tNQWNJeFE5UVllVmYydjdTMEE3cE1ORVJYZGdvVGo1VG9tMTllY1JDZmZUbW4xckp4ZGhSdEo4aEt6RzJSYnNXb2E1cVhCbkE5VWFFRNIBeEFVX3lxTFA0djFaUmJBUjc0TGhaM3lnNXA4bDRMVEppN0NmTzBscEtHU0tNQWNJeFE5UVllVmYydjdTMEE3cE1ORVJYZGdvVGo1VG9tMTllY1JDZmZUbW4xckp4ZGhSdEo4aEt6RzJSYnNXb2E1cVhCbkE5VWFFRA?oc=5,google_rss_배달의민족 when:2d,54.0,7.0,self_pr_promo,,배달의민족,,,,,,,general,24.0,published_today,general,global_incident:platform_regulation:baemin:delivery_app_fee_policy,general,Y,"industry_basis_pass:actor=True,change=True,bridge=True",3,competitor_actor_action_pass,Y,baemin,54.0,,,global_incident:platform_regulation:baemin:delivery_app_fee_policy:general,global_incident:platform_regulation:baemin:delivery_app_fee_policy,경쟁사_해외이슈,COMPETITOR_PLATFORM_RISK,comp_domestic_finance_commerce,global_incident:platform_regulation:baemin:delivery_app_fee_policy,카카오가 경쟁사 전략·리스크·AI/플랫폼 대응을 비교 참고할 이슈,4,4,5,,,로컬 보조 라벨 / v26.2: overseas structural industry candidate,local_low_confidence,,,COMP_DOMESTIC_FINANCE_COMMERCE,domestic,,카카오가 경쟁사 전략·리스크·AI/플랫폼 대응을 비교 참고할 이슈,global_incident:platform_regulation:baemin:delivery_app_fee_policy,comp_domestic_finance_commerce,,,
2608,경쟁사/해외이슈,경쟁사_해외이슈,배달의민족,"배민·배스킨라빈스, 한정판 아이스크림 통 굿즈 출시",배민 배스킨라빈스 한정판 아이스크림 통 굿즈 출시,지디넷코리아,지디넷코리아,"Tue, 14 Jul 2026 00:41:41 GMT","배민·배스킨라빈스, 한정판 아이스크림 통 굿즈 출시 지디넷코리아",https://news.google.com/rss/articles/CBMiVkFVX3lxTE51MWRBYlpKZFJwaDBrWmpDdm83M0dIdk9ZVEVnSHN5cjVWeV9YUUF0YkFUY1lsSk5zMXdSLWFXblFGVHF6Q3lLSGJjd2hLWDdOYW0yaDhB?oc=5,google_rss_배달의민족 when:2d,54.0,7.0,self_pr_promo,,배달의민족,,,,,,,general,24.0,published_today,general,global_incident:platform_regulation:baemin:delivery_app_fee_policy,general,Y,"industry_basis_pass:actor=True,change=True,bridge=True",3,competitor_actor_action_pass,Y,baemin,54.0,,,global_incident:platform_regulation:baemin:delivery_app_fee_policy:general,global_incident:platform_regulation:baemin:delivery_app_fee_policy,경쟁사_해외이슈,COMPETITOR_PLATFORM_RISK,comp_domestic_finance_commerce,global_incident:platform_regulation:baemin:delivery_app_fee_policy,카카오가 경쟁사 전략·리스크·AI/플랫폼 대응을 비교 참고할 이슈,4,4,5,,,로컬 보조 라벨 / v26.2: overseas structural industry candidate,local_low_confidence,,,COMP_DOMESTIC_FINANCE_COMMERCE,domestic,,카카오가 경쟁사 전략·리스크·AI/플랫폼 대응을 비교 참고할 이슈,global_incident:platform_regulation:baemin:delivery_app_fee_policy,comp_domestic_finance_commerce,,,
2674,경쟁사/해외이슈,경쟁사_해외이슈,배달의민족,"배민, 배스킨라빈스와 한정판 굿즈 '먹을 복 담을 통' 출시",배민 배스킨라빈스와 한정판 굿즈 먹을 복 담을 통 출시,뉴스1,뉴스1,"Tue, 14 Jul 2026 00:25:03 GMT","배민, 배스킨라빈스와 한정판 굿즈 '먹을 복 담을 통' 출시 뉴스1",https://news.google.com/rss/articles/CBMiX0FVX3lxTE15OU9zOUE5VldYcU5HNi12MFRpLTVTMC1LMzFZUllqRzN4R09VMlQzRU5aNVE0WGoteUp0Z3BmLUpxZTBKYnNwWTBreXB5X3JIR2lJbWxucDZYVk43blc4?oc=5,google_rss_배달의민족 site:news1.kr when:2d,54.0,7.0,self_pr_promo,,배달의민족,,,,,,,general,24.0,published_today,general,global_incident:platform_regulation:baemin:delivery_app_fee_policy,general,Y,"industry_basis_pass:actor=True,change=True,bridge=True",3,competitor_actor_action_pass,Y,baemin,54.0,,,global_incident:platform_regulation:baemin:delivery_app_fee_policy:general,global_incident:platform_regulation:baemin:delivery_app_fee_policy,경쟁사_해외이슈,COMPETITOR_PLATFORM_RISK,comp_domestic_finance_commerce,global_incident:platform_regulation:baemin:delivery_app_fee_policy,카카오가 경쟁사 전략·리스크·AI/플랫폼 대응을 비교 참고할 이슈,4,4,5,,,로컬 보조 라벨 / v26.2: overseas structural industry candidate,local_low_confidence,,,COMP_DOMESTIC_FINANCE_COMMERCE,domestic,,카카오가 경쟁사 전략·리스크·AI/플랫폼 대응을 비교 참고할 이슈,global_incident:platform_regulation:baemin:delivery_app_fee_policy,comp_domestic_finance_commerce,,,
2601,경쟁사/해외이슈,경쟁사_해외이슈,배달의민족,"배민, 배스킨라빈스 협업 굿즈 출시…앱 전용 세트 판매",배민 배스킨라빈스 협업 굿즈 출시 앱 전용 세트 판매,열린뉴스통신,열린뉴스통신,"Tue, 14 Jul 2026 05:23:03 GMT","배민, 배스킨라빈스 협업 굿즈 출시…앱 전용 세트 판매 열린뉴스통신",https://news.google.com/rss/articles/CBMiZkFVX3lxTFBTbkk1OUt2Q0dpVDdmdEdXaU40MURRbHA1ZGRRVXBhYnAybUYxU0FLc2JOODFTRDl6Q2Iwa1FTdE15OWc5X2lScjdJT1JJSWsxS0wtVWlaZTlTeDB4ODZxTDcxM21JUQ?oc=5,google_rss_배달의민족 when:2d,52.0,7.0,self_pr_promo,,배달의민족,,,,,,,general,24.0,published_today,general,global_incident:platform_regulation:baemin:delivery_app_fee_policy,general,Y,"industry_basis_pass:actor=True,change=True,bridge=True",3,competitor_actor_action_pass,Y,baemin,52.0,,,global_incident:platform_regulation:baemin:delivery_app_fee_policy:general,global_incident:platform_regulation:baemin:delivery_app_fee_policy,경쟁사_해외이슈,COMPETITOR_PLATFORM_RISK,comp_domestic_finance_commerce,global_incident:platform_regulation:baemin:delivery_app_fee_policy,카카오가 경쟁사 전략·리스크·AI/플랫폼 대응을 비교 참고할 이슈,4,4,5,,,로컬 보조 라벨 / v26.2: overseas structural industry candidate,local_low_confidence,,,COMP_DOMESTIC_FINANCE_COMMERCE,domestic,,카카오가 경쟁사 전략·리스크·AI/플랫폼 대응을 비교 참고할 이슈,global_incident:platform_regulation:baemin:delivery_app_fee_policy,comp_domestic_finance_commerce,,,
3507,산업동향,산업동향,플랫폼 산업 동향,글로벌 CFD 거래 제휴 프로그램 시장 규모 및 성장 상위 20개 기업,글로벌 cfd 거래 제휴 프로그램 시장 규모 및 성장 상위 20개 기업,Spherical Insights,Spherical Insights,"Mon, 13 Jul 2026 14:15:31 GMT",글로벌 CFD 거래 제휴 프로그램 시장 규모 및 성장 상위 20개 기업 Spherical Insights,https://news.google.com/rss/articles/CBMi5gFBVV95cUxORXBMWkEtTTV1Nl9WNXdNN2lWWDhpNzk2S0NWbDhITDhWZHVqOTZBODdaR2xQN2dYUnp2TklTZDMzRHVIOHhtVjZIYjJha2pNdUF4ay1BWGd1RXo0eFkwZk9aQ1ZRc3lOTTI3Z0FITmZERFJDX1BQRmJDRUZPeFYxNFhvN3ZNWjBuQl9jY05SR3cyaUpmQVpldk9hd1FNZEg5aHRZaXhaQ3dvc1VQRjFhb1dmVjRLcko5TzM1S1kxbzNCZTltTk14SWlhRVdMek55Uy1IUm16NkliWTVtUlZ6Vk5GNkhMdw?oc=5,google_rss_플랫폼 산업 동향 when:2d,47.5,2.0,,,,v43_not_structural_industry,,,,,,general,14.0,published_yesterday,general,,general,,"insufficient_industry_basis:actor=False,change=True,bridge=False",1,global_platform_or_overseas_rule,Y,global,47.5,market_power_platform,,,,산업동향,INDUSTRY_STRUCTURAL_CHANGE,industry_structural_change,industry_structural_change:글로벌 cfd 거래 제휴 프로그램 시장 규모 및 성장 상위 20개 기업,카카오 사업환경 이해에 필요한 산업 구조 변화,3,3,3,,,로컬 보조 라벨,local_low_confidence,,,,other,,,industry_structural_change:글로벌 cfd 거래 제휴 프로그램 시장 규모 및 성장 상위 20개 기업,industry_structural_change,,,
1669,정부/국회,정부_국회,플랫폼 규제,"EU “아이들, 현실세계서 시간 보내야”…13세 미만 SNS 제한 법안 곧 공개",eu 아이들 현실세계서 시간 보내야 13세 미만 sns 제한 법안 곧 공개,edaily.co.kr,이데일리,"Mon, 13 Jul 2026 11:54:00 GMT","EU “아이들, 현실세계서 시간 보내야”…13세 미만 SNS 제한 법안 곧 공개 edaily.co.kr",https://news.google.com/rss/articles/CBMigAFBVV95cUxPU1NXY1I4S1RMXzR3dTVWWURFT21CajkxZXF2eU42M0FBcG1EY1dfSC1lcDlFaWk0N2laM1pTN01XbkpTY2F5NGk3TE9hY2ZnUFZxQ2pXMnBjMWZETHFrNE1jOFJnOXotV09VTlYySmhZam5GZFc0ZXBjOUhMZUw0YQ?oc=5,google_rss_플랫폼 규제 when:2d,24.0,43.0,"ai_infrastructure_security,platform_obligation,policy_legislation",ai_infrastructure_security,,v43_not_government_policy,Y,,,,government:platform_obligation,platform_operator_obligation,14.0,published_yesterday,official_action,global_incident:platform_regulation:platform_sector:platform_operator_obligation,rumor_or_report,,"insufficient_industry_basis:actor=False,change=True,bridge=False",1,global_platform_or_overseas_rule,Y,social_media_platform,24.0,"policy_legislation,market_power_platform,ai_infrastructure_security,platform_obligation",government:platform_obligation,global_incident:platform_regulation:platform_sector:platform_operator_obligation:policy_change,global_incident:platform_regulation:platform_sector:platform_operator_obligation,경쟁사_해외이슈,GOV_AI_DIGITAL_POLICY,government_ai_core_policy,global_incident:platform_regulation:platform_sector:platform_operator_obligation,카카오 AI agent/AI 서비스 전략과 연결되는 핵심 정책환경,4,4,5,,,v26.2: no central Korean public actor/action for Government section: foreign_public_policy / v26.2: overseas structural industry candidate,local_low_confidence,,OFF_TOPIC,,other,카카오 AI agent/AI 서비스 전략과 연결되는 핵심 정책환경,,global_incident:platform_regulation:platform_sector:platform_operator_obligation,government_ai_core_policy,weak_gov_basis:foreign_public_policy,foreign_policy_should_be_competitor,
1654,정부/국회,정부_국회,플랫폼 규제,"EU ""아이들 현실세계서 시간 보내야…곧 SNS 제한 법안 공개""",eu 아이들 현실세계서 시간 보내야 곧 sns 제한 법안 공개,연합뉴스,연합뉴스,"Mon, 13 Jul 2026 10:07:51 GMT","EU ""아이들 현실세계서 시간 보내야…곧 SNS 제한 법안 공개"" 연합뉴스",https://news.google.com/rss/articles/CBMiYEFVX3lxTE9VbW9HR3VfbUdsTVE2aGdMX1RWYUx5MnlnWk9mQ1VQUW1RSjM4N3ZiLTJnRmh2U1ZvN1Q2Y3BfdWd3aERjb2txSUVJRThhMzFCRmNLTHBhNUZkNGFrU0xUUdIBYEFVX3lxTE9VbW9HR3VfbUdsTVE2aGdMX1RWYUx5MnlnWk9mQ1VQUW1RSjM4N3ZiLTJnRmh2U1ZvN1Q2Y3BfdWd3aERjb2txSUVJRThhMzFCRmNLTHBhNUZkNGFrU0xUUQ?oc=5,google_rss_플랫폼 규제 when:2d,23.0,36.0,"platform_obligation,policy_legislation",platform_obligation,,v43_not_government_policy,Y,,,,government:platform_obligation,platform_operator_obligation,14.0,published_yesterday,official_action,global_incident:platform_regulation:platform_sector:platform_operator_obligation,rumor_or_report,,"insufficient_industry_basis:actor=False,change=True,bridge=False",1,global_platform_or_overseas_rule,Y,social_media_platform,23.0,"policy_legislation,market_power_platform,platform_obligation",government:platform_obligation,global_incident:platform_regulation:platform_sector:platform_operator_obligation:policy_change,global_incident:platform_regulation:platform_sector:platform_operator_obligation,경쟁사_해외이슈,GOV_PLATFORM_REGULATION,government_general_policy,global_incident:platform_regulation:platform_sector:platform_operator_obligation,카카오 대외협력 관점 간접 참고,4,2,2,,,v26.2: no central Korean public actor/action for Government section: foreign_public_policy / v26.2: overseas structural industry candidate,local_low_confidence,,OFF_TOPIC,,other,카카오 대외협력 관점 간접 참고,,global_incident:platform_regulation:platform_sector:platform_operator_obligation,government_general_policy,weak_gov_basis:foreign_public_policy,foreign_policy_should_be_competitor,
3449,경쟁사/해외이슈,경쟁사_해외이슈,일본 빅테크,"빅테크 밖으로 넓어진 AI 투자…한화운용, 소형주·신흥국 주목",빅테크 밖으로 넓어진 ai 투자 한화운용 소형주 신흥국 주목,네이트,네이트,"Tue, 14 Jul 2026 02:26:00 GMT","빅테크 밖으로 넓어진 AI 투자…한화운용, 소형주·신흥국 주목 네이트",https://news.google.com/rss/articles/CBMiU0FVX3lxTFBjd21LdEt6Y1BudUlWWVhxWTFaNG1yV3lUWV9nN3dRdWh4aXdzUFFIR21GQXBRS0Qta2lXUW55NmYtRkpPLV9aMkNHY0JMOFItSXMw?oc=5,google_rss_일본 빅테크 when:2d,6.0,11.0,ai_infrastructure_security,ai_infrastructure_security,,v43_not_true_competitor,,,,,,general,24.0,published_today,business_change,,general,Y,"industry_basis_pass:actor=True,change=True,bridge=False",2,overseas_platform_ai_rule_pass,Y,ai_infra_company,6.0,ai_infrastructure_security,competitor:ai_strategy,,,경쟁사_해외이슈,GOV_AI_DIGITAL_POLICY,government_ai_core_policy,government_ai_core_policy:빅테크 밖으로 넓어진 ai 투자 한화운용 소형주 신흥국 주목,카카오 AI agent/AI 서비스 전략과 연결되는 핵심 정책환경,4,4,5,,,v26.2: no central Korean public actor/action for Government section: no_public_actor_action_domain / v26.2: overseas structural industry candidate,local_low_confidence,,OFF_TOPIC,COMP_GENERAL_LOW_RELEVANCE,other,카카오 AI agent/AI 서비스 전략과 연결되는 핵심 정책환경,카카오 AI agent/AI 서비스 전략과 연결되는 핵심 정책환경,government_ai_core_policy:빅테크 밖으로 넓어진 ai 투자 한화운용 소형주 신흥국 주목,government_ai_core_policy,,,
1777,정부/국회,정부_국회,스테이블코인,"파키스탄 규제당국 ""이슬람 율법 상 디지털자산 지위 논의해야""",파키스탄 규제당국 이슬람 율법 상 디지털자산 지위 논의해야,뉴스1,뉴스1,"Mon, 13 Jul 2026 05:06:26 GMT","파키스탄 규제당국 ""이슬람 율법 상 디지털자산 지위 논의해야"" 뉴스1",https://news.google.com/rss/articles/CBMia0FVX3lxTE1BZXlZMnZYU2lvUW5SbE5lc3JvSVBsdktJOEdwMGFoaFQ3eS1OTTNGZHBrRUthT0NNM2N5Ynp2TGhVVDRpSFRWczlRdEYtQlFrZ0N2ZFUwU3VGdEdqVDZNR0liQS1pXzhaSVlj?oc=5,google_rss_스테이블코인 조사 when:2d,-1.0,-3.0,"digital_asset_stablecoin,policy_legislation",digital_asset_stablecoin,,v43_not_government_policy,,,,,,general,14.0,published_yesterday,general,global_incident:digital_asset_policy:digital_asset_sector:digital_asset_policy,general,Y,"industry_basis_pass:actor=False,change=True,bridge=True",2,global_platform_or_overseas_rule,Y,unknown,-1.0,"policy_legislation,digital_asset_stablecoin",government:digital_asset,global_incident:digital_asset_policy:digital_asset_sector:digital_asset_policy:general,global_incident:digital_asset_policy:digital_asset_sector:digital_asset_policy,경쟁사_해외이슈,GOV_FINANCIAL_DIGITAL_POLICY,government_digital_finance_policy,global_incident:digital_asset_policy:digital_asset_sector:digital_asset_policy,카카오페이·카카오뱅크 등 금융 계열사에 참고 가능한 디지털금융 정책,4,4,3,,,v26.2: no central Korean public actor/action for Government section: no_public_actor_action_domain / v26.2: overseas structural industry candidate,local_low_confidence,,OFF_TOPIC,,other,카카오페이·카카오뱅크 등 금융 계열사에 참고 가능한 디지털금융 정책,,global_incident:digital_asset_policy:digital_asset_sector:digital_asset_policy,government_digital_finance_policy,weak_gov_basis:no_public_actor_action_domain,,
3403,경쟁사/해외이슈,경쟁사_해외이슈,중국 AI,"중국, 美와의 AI 인프라 주도권 경쟁에 '맞불'",중국 와의 ai 인프라 주도권 경쟁에 맞불,초이스경제,초이스경제,"Mon, 13 Jul 2026 04:15:59 GMT","중국, 美와의 AI 인프라 주도권 경쟁에 '맞불' 초이스경제",https://news.google.com/rss/articles/CBMic0FVX3lxTE9lLVk0TGZDbTl0MW1mWEZLNDd2TmdXc21Ja0VNaWlhbm12cjh6RWloU1lLMm9pLXpjX2RJMm1FUnlUdTVTb2tPYk9wRUxpcHdjQUJoNXdCakVsSVI4V041UmlTTWcyTkdzem5WbFRlOGU2MDjSAXNBVV95cUxPZS1ZNExmQ205dDFtZlhGSzQ3dk5nV3NtSWtFTWlpYW5tdnI4ekVpaFNZSzJvaS16Y19kSTJtRVJ5VHU1U29rT2JPcEVMaXB3Y0FCaDV3QmpFbElSOFdONVJpU01nMk5Hc3puVmxUZThlNjA4?oc=5,google_rss_중국 AI when:2d,-3.5,11.0,ai_infrastructure_security,ai_infrastructure_security,,v43_not_true_competitor,,,,,,general,14.0,published_yesterday,business_change,,general,,"insufficient_industry_basis:actor=False,change=True,bridge=False",1,overseas_platform_ai_rule_pass,Y,ai_infra_company,-3.5,ai_infrastructure_security,competitor:ai_strategy,,,경쟁사_해외이슈,GOV_AI_DIGITAL_POLICY,government_ai_core_policy,국가 AI 인프라/AIDC/GPU 정책,카카오 AI agent/AI 서비스 전략과 연결되는 핵심 정책환경,4,4,5,,,v26.2: no central Korean public actor/action for Government section: no_public_actor_action_domain / v26.2: overseas structural industry candidate,local_low_confidence,,OFF_TOPIC,COMP_GENERAL_LOW_RELEVANCE,other,카카오 AI agent/AI 서비스 전략과 연결되는 핵심 정책환경,카카오 AI agent/AI 서비스 전략과 연결되는 핵심 정책환경,국가 AI 인프라/AIDC/GPU 정책,government_ai_core_policy,,,
3418,경쟁사/해외이슈,경쟁사_해외이슈,중국 AI,"AI 돈줄은 빅테크, 버는 건 반도체…BofA ""세대적 현금흐름 대이동""",ai 돈줄은 빅테크 버는 건 반도체 bofa 세대적 현금흐름 대이동,뉴스1,뉴스1,"Mon, 13 Jul 2026 01:16:16 GMT","AI 돈줄은 빅테크, 버는 건 반도체…BofA ""세대적 현금흐름 대이동"" 뉴스1",https://news.google.com/rss/articles/CBMiXkFVX3lxTE9pUnNRVDJEUmwxcTJZTGVTa09RNjdDd2RwVHpab1otSnlmVFhmbVQ1ODRwY1lxbHRPWjA5SmF2emdoeUJ1WkxZdlVXSGxCVzNqSVQxTkxOT01WQkhzU2c?oc=5,google_rss_중국 AI when:2d,-15.5,11.0,ai_infrastructure_security,ai_infrastructure_security,,v43_not_true_competitor,,,,,,general,14.0,published_yesterday,business_change,,general,,"insufficient_industry_basis:actor=True,change=False,bridge=False",1,overseas_platform_ai_rule_pass,Y,ai_infra_company,-15.5,ai_infrastructure_security,competitor:ai_strategy,,,경쟁사_해외이슈,GOV_AI_DIGITAL_POLICY,government_ai_core_policy,government_ai_core_policy:ai 돈줄은 빅테크 버는 건 반도체 bofa 세대적 현금흐름 대이동,카카오 AI agent/AI 서비스 전략과 연결되는 핵심 정책환경,2,4,5,,,v26.2: no central Korean public actor/action for Government section: no_public_actor_action_domain,local_low_confidence,,OFF_TOPIC,COMP_GENERAL_LOW_RELEVANCE,other,카카오 AI agent/AI 서비스 전략과 연결되는 핵심 정책환경,카카오 AI agent/AI 서비스 전략과 연결되는 핵심 정책환경,government_ai_core_policy:ai 돈줄은 빅테크 버는 건 반도체 bofa 세대적 현금흐름 대이동,government_ai_core_policy,,,
3458,경쟁사/해외이슈,경쟁사_해외이슈,일본 빅테크,AI발 칩플레이션에 소비 위축 우려,ai발 칩플레이션에 소비 위축 우려,edaily.co.kr,이데일리,"Mon, 13 Jul 2026 00:26:30 GMT",AI발 칩플레이션에 소비 위축 우려 edaily.co.kr,https://news.google.com/rss/articles/CBMigAFBVV95cUxPN3N6UDZXS3dvYlJPXzYtNHBkOXpqR2sxNjF6Z0U2NFBuMmY5d1NvbFlsZTJ3cWl5UXRGeTd1bTY4Q0I0b3R0eEdpZ0M1V05VcWVOTDdzY2ZvNm0xRFFQOXNYUVpHU2RkV2hPZUJlVnBVN2FzdkJZV3hpRnRmRDJFZA?oc=5,google_rss_일본 빅테크 when:2d,-21.5,11.0,ai_infrastructure_security,ai_infrastructure_security,,v43_not_true_competitor,,,,,,general,14.0,published_yesterday,business_change,,general,,"insufficient_industry_basis:actor=False,change=False,bridge=False",0,overseas_platform_ai_rule_pass,Y,ai_infra_company,-21.5,ai_infrastructure_security,competitor:ai_strategy,,,경쟁사_해외이슈,GOV_AI_DIGITAL_POLICY,government_ai_core_policy,government_ai_core_policy:ai발 칩플레이션에 소비 위축 우려,카카오 AI agent/AI 서비스 전략과 연결되는 핵심 정책환경,2,4,5,,,v26.2: no central Korean public actor/action for Government section: no_public_actor_action_domain,local_low_confidence,,OFF_TOPIC,COMP_GENERAL_LOW_RELEVANCE,other,카카오 AI agent/AI 서비스 전략과 연결되는 핵심 정책환경,카카오 AI agent/AI 서비스 전략과 연결되는 핵심 정책환경,government_ai_core_policy:ai발 칩플레이션에 소비 위축 우려,government_ai_core_policy,,,
721,정부/국회,정부_국회,공정거래위원회,공정위·국회·법원까지… 배달앱 규제 전방위 확산에 경영 불확실성 커진다,공정위 국회 법원까지 배달앱 규제 전방위 확산에 경영 불확실성 커진다,Chosunbiz,Chosunbiz,"Mon, 13 Jul 2026 21:00:00 GMT",공정위·국회·법원까지… 배달앱 규제 전방위 확산에 경영 불확실성 커진다 Chosunbiz,https://news.google.com/rss/articles/CBMihgFBVV95cUxOVWthUHpIY00zVUl0YmhJOUJXNVNRT1JvSXZzSlZQb3RyY01SQTVGNF9TbzNySmdNVWlDV05vUVc3WDZoMXZfclZSVnpHa29jenVmZUttMFlfSFJ5UWU1VEhyV04tVThjZFdaNklWbzk1MmZHQmdBT1g5bUJBTUJHUUcyMm9SZw?oc=5,google_rss_공정거래위원회 when:2d,-22.5,-25.5,"antitrust_platform,policy_legislation",antitrust_delivery_mfn,공정위,v43_not_government_policy,,,,,,general,24.0,published_today,general,global_incident:platform_regulation:fair_trade_authority:delivery_app_fee_policy,general,,"insufficient_industry_basis:actor=False,change=True,bridge=False",1,global_platform_or_overseas_rule,Y,unknown,-22.5,policy_legislation,government:policy_legislation,global_incident:platform_regulation:fair_trade_authority:delivery_app_fee_policy:general,global_incident:platform_regulation:fair_trade_authority:delivery_app_fee_policy,경쟁사_해외이슈,GOV_PLATFORM_REGULATION,government_general_low_relevance,global_incident:platform_regulation:fair_trade_authority:delivery_app_fee_policy,정부/국회 기사이나 카카오 플랫폼·AI·디지털금융과 연결 경로가 약함,4,2,1,,,v26.2: no central Korean public actor/action for Government section: no_public_actor_action_domain / v26.2: overseas structural industry candidate,local_low_confidence,,OFF_TOPIC,,other,정부/국회 기사이나 카카오 플랫폼·AI·디지털금융과 연결 경로가 약함,,global_incident:platform_regulation:fair_trade_authority:delivery_app_fee_policy,government_general_low_relevance,weak_gov_basis:no_public_actor_action_domain,,
577,정부/국회,정부_국회,과학기술정보통신부,"쿠팡엔 청문회·6200억 과징, 티빙엔 '조용'…1953만명 개인정보 유출에 커지는 '이중잣대' 논란",쿠팡엔 청문회 6200억 과징 티빙엔 조용 1953만명 개인정보 유출에 커지는 이중잣대 논란,펜앤마이크,펜앤마이크,"Tue, 14 Jul 2026 03:39:33 GMT","쿠팡엔 청문회·6200억 과징, 티빙엔 '조용'…1953만명 개인정보 유출에 커지는 '이중잣대' 논란 펜앤마이크",https://news.google.com/rss/articles/CBMia0FVX3lxTE1XazlkSFN4ZnFaemRMLXZMRE01blZ3VTk4eGV5dnc3Y3p1LVEzVVZLTnUtNDlqc09nTkQ4ZnpHS2R2Q2xsWE1OdnlkWUx1R056STVYRkdFNmRObEVsb1NfbHdBSXJXUWE2Rkhr0gFvQVVfeXFMTXRfZU04SVFrWlFuNU5KNTF1ZEYyZ2V6ZGlrWmpBNW9FZGwzbTFLQVBabFg4UlRRM1FqOENiRlRZdlJlOUl6ZG9FTDBtUU1CREpTME9LdE80c2w2WnlIdGo0czRnUmdBNWRhYlVsTElv?oc=5,google_rss_과학기술정보통신부 과징금 when:2d,-28.0,-13.0,"phishing_security,privacy_security_reliability",security_privacy_leak,쿠팡,v43_not_government_policy,,,,,,general,24.0,published_today,direct_risk,privacy_security:tving:data_leak,general,Y,"industry_basis_pass:actor=True,change=False,bridge=True",2,coupang_competitor_enforcement_or_risk,Y,coupang,-28.0,privacy_security_reliability,government:tech_security_policy,global_incident:platform_regulation:coupang:coupang_designation_disclosure:general,global_incident:platform_regulation:coupang:coupang_designation_disclosure,경쟁사_해외이슈,COMPETITOR_PLATFORM_RISK,comp_domestic_direct_risk,global_incident:platform_regulation:coupang:coupang_designation_disclosure,정부/국회 기사이나 카카오 플랫폼·AI·디지털금융과 연결 경로가 약함,4,2,1,,,v26.2: no central Korean public actor/action for Government section: no_public_actor_action_domain / v26.2: overseas structural industry candidate,local_low_confidence,,OFF_TOPIC,COMP_DOMESTIC_DIRECT_RISK,domestic,정부/국회 기사이나 카카오 플랫폼·AI·디지털금융과 연결 경로가 약함,정부/국회 기사이나 카카오 플랫폼·AI·디지털금융과 연결 경로가 약함,global_incident:platform_regulation:coupang:coupang_designation_disclosure,comp_domestic_direct_risk,weak_gov_basis:no_public_actor_action_domain,,
1676,정부/국회,정부_국회,플랫폼 규제,블록체인 주식 소유권 분쟁이 워싱턴 규제 당국으로 향하고 있다,블록체인 주식 소유권 분쟁이 워싱턴 규제 당국으로 향하고 있다,CoinDesk,CoinDesk,"Sun, 12 Jul 2026 21:45:00 GMT",블록체인 주식 소유권 분쟁이 워싱턴 규제 당국으로 향하고 있다 CoinDesk,https://news.google.com/rss/articles/CBMi3wFBVV95cUxNckh0d3lsd2NsQ3g1VC1COG90dzRkX2FWWUV6akdEVWhaaFZlSFZrTFVNR2FhdVhDMGlfQ2xsZm1IM2otMTdYaXh4M0hmSEx5UGg5blljVlNHSnJybDYtX1BCem4tOHk5ZF9xZ3c0V0otTWF4MVNic29uMUVZNXdrc1FhdjhCakxoaWJRM3YtX2RkWHlfT1g4S01kNjVHYnRRVVYzOURIRXVDcHI4bERPY1poUjRSQmFhUVVLUnpQaG4wUVFfVnEyR2ZsNXQ3WEpCOXZrLTBzM2taaTdOcW9v?oc=5,google_rss_플랫폼 규제 when:2d,-36.0,-34.0,"digital_asset_stablecoin,policy_legislation",digital_asset_stablecoin,,v43_not_government_policy,,,,,,general,14.0,published_yesterday,general,,general,,"insufficient_industry_basis:actor=False,change=True,bridge=False",1,global_platform_or_overseas_rule,Y,unknown,-36.0,"policy_legislation,market_power_platform,digital_asset_stablecoin",government:digital_asset,,,경쟁사_해외이슈,GOV_PLATFORM_REGULATION,government_general_policy,government_general_policy:블록체인 주식 소유권 분쟁이 워싱턴 규제 당국으로 향하고 있다,카카오 대외협력 관점 간접 참고,4,2,2,,,v26.2: no central Korean public actor/action for Government section: no_public_actor_action_domain / v26.2: overseas structural industry candidate,local_low_confidence,,OFF_TOPIC,,other,카카오 대외협력 관점 간접 참고,,government_general_policy:블록체인 주식 소유권 분쟁이 워싱턴 규제 당국으로 향하고 있다,government_general_policy,weak_gov_basis:no_public_actor_action_domain,,
1122,정부/국회,정부_국회,금융감독원,[기자수첩] ‘소 잃고 외양간도 못 고치는’ 금융당국의 무책임,기자수첩 소 잃고 외양간도 못 고치는 금융당국의 무책임,라이센스뉴스,라이센스뉴스,"Tue, 14 Jul 2026 00:05:06 GMT",[기자수첩] ‘소 잃고 외양간도 못 고치는’ 금융당국의 무책임 라이센스뉴스,https://news.google.com/rss/articles/CBMia0FVX3lxTE94SG5JWkl5SlNDZUlNa3FiWDF3Qk9kN2FZNUMtR01vNG9FdC1DWndiSmxCOVZBOHpGTHpFTE54eDRNWVFEbkdlRFdZbUFIeVRKOHBGODZLRmlEZm1uc0JMVEtXcEVLMklXT2JV?oc=5,google_rss_금융감독원 when:2d,-51.0,-48.0,,,,v43_not_government_policy,,,,,,general,24.0,published_today,general,,general,,"insufficient_industry_basis:actor=False,change=False,bridge=False",0,global_platform_or_overseas_rule,Y,unknown,-51.0,,,,,경쟁사_해외이슈,GOV_PLATFORM_REGULATION,government_general_low_relevance,government_general_low_relevance:기자수첩 소 잃고 외양간도 못 고치는 금융당국의 무책임,정부/국회 기사이나 카카오 플랫폼·AI·디지털금융과 연결 경로가 약함,2,2,1,,,v26.2: no central Korean public actor/action for Government section: no_public_actor_action_domain,local_low_confidence,,OFF_TOPIC,,other,정부/국회 기사이나 카카오 플랫폼·AI·디지털금융과 연결 경로가 약함,,government_general_low_relevance:기자수첩 소 잃고 외양간도 못 고치는 금융당국의 무책임,government_general_low_relevance,weak_gov_basis:no_public_actor_action_domain,,
1672,정부/국회,정부_국회,플랫폼 규제,"EU, 빅테크 다크 패턴·아동 착취 설계에 직접 벌금 부과 추진… 연말 법안 제안 예정",eu 빅테크 다크 패턴 아동 착취 설계에 직접 벌금 부과 추진 연말 법안 제안 예정,한국공공정책신문,한국공공정책신문,"Mon, 13 Jul 2026 00:13:53 GMT","EU, 빅테크 다크 패턴·아동 착취 설계에 직접 벌금 부과 추진… 연말 법안 제안 예정 한국공공정책신문",https://news.google.com/rss/articles/CBMiQ0FVX3lxTE4xUnhRT0Z3MGhqdmN0LXM2dXBoeS1VOUhzVnZkQk5qalUxNDhrQWRxMnk4c2JWOEx0ai1xQVNYRWhhS1k?oc=5,google_rss_플랫폼 규제 when:2d,-53.0,-23.0,policy_legislation,policy_legislation,,v43_not_government_policy,,,,,,general,14.0,published_yesterday,official_action,,penalty_or_sanction,Y,"industry_basis_pass:actor=True,change=True,bridge=False",2,global_platform_or_overseas_rule,Y,ai_infra_company,-53.0,"policy_legislation,market_power_platform",government:policy_legislation,,,경쟁사_해외이슈,GOV_PLATFORM_REGULATION,government_general_policy,government_general_policy:eu 빅테크 다크 패턴 아동 착취 설계에 직접 벌금 부과 추진 연말 법안 제안 예정,카카오 대외협력 관점 간접 참고,4,2,2,,,v26.2: no central Korean public actor/action for Government section: foreign_public_policy / v26.2: overseas structural industry candidate,local_low_confidence,,OFF_TOPIC,,other,카카오 대외협력 관점 간접 참고,,government_general_policy:eu 빅테크 다크 패턴 아동 착취 설계에 직접 벌금 부과 추진 연말 법안 제안 예정,government_general_policy,weak_gov_basis:foreign_public_policy,foreign_policy_should_be_competitor,
10,자사 및 계열사 이슈,자사_및_계열사_이슈,카카오,"교보증권 ""카카오 목표주가 하향, AI 서비스의 수익화 가능성 증명해야""",교보증권 카카오 목표주가 하향 ai 서비스의 수익화 가능성 증명해야,비즈니스포스트,비즈니스포스트,"Tue, 14 Jul 2026 01:04:29 GMT","교보증권 ""카카오 목표주가 하향, AI 서비스의 수익화 가능성 증명해야"" 비즈니스포스트",https://news.google.com/rss/articles/CBMic0FVX3lxTE5wSXNobWZhR1VUN1lMOEVlVVdaem1acnFDckQwRWZMWkNVSVRWWTBmSlotYnptQlJnTEVyVWRtZWYyNDJUVkVNbzY5VUZXMWZPSFFYVGZ1dFlMR0QybUkyNUVqRVF3QUt0RGo1TXhCYWUzZTA?oc=5,google_rss_카카오 when:2d,-60.7,2.5,"ai_infrastructure_security,financial_performance,platform_obligation",ai_infrastructure_security,카카오,v43_self_not_actual_actor:OFF_TOPIC,,,,,,general,24.0,published_today,market_commentary,event:카카오:ai_infrastructure_security+financial_performance,general,Y,"industry_basis_pass:actor=True,change=False,bridge=True",2,competitor_actor_action_pass,Y,unknown,-60.7,"financial_performance,ai_infrastructure_security,platform_obligation",self:financial_performance,,,자사_및_계열사_이슈,SELF_AFFILIATE_BUSINESS,self_market_commentary,self_filler_reference:교보증권 카카오 목표주가 하향 ai 서비스의 수익화 가능성 증명해야,"분석/기획성 자사 참고 기사로, 오늘 직접 사건이 부족할 때만 보충 가치",2,2,2,,,v26: 자사 분석/기획/시황성 기사 후순위,local_low_confidence,FILLER_REFERENCE,,,other,,,self_filler_reference:교보증권 카카오 목표주가 하향 ai 서비스의 수익화 가능성 증명해야,self_market_commentary,,self_market_commentary_deprioritized,
3580,정부/국회,정부_국회,가상자산 해외이전,"공식 앱마켓도 안심 못한다…진화하는 가짜 거래앱, 빗썸 경고",공식 앱마켓도 안심 못한다 진화하는 가짜 거래앱 빗썸 경고,이코노미사이언스,이코노미사이언스,"Mon, 13 Jul 2026 02:41:58 GMT","공식 앱마켓도 안심 못한다…진화하는 가짜 거래앱, 빗썸 경고 이코노미사이언스",https://news.google.com/rss/articles/CBMib0FVX3lxTE5yMDhNM1JrY1JYZ25Cb3Vqc29UOGFBOTNlQVlvcHktRWgyVXk2REdaWVU4U1RFT3hVdFphREJVMDI1SkZYaU5zZnVqTGZzYW1oZDc3YVZubzdoc2xQdEYyS1hmMXF6VXBsdTJ2a0lHRQ?oc=5,google_rss_가상자산 해외이전 when:2d,-76.0,-71.0,digital_asset_stablecoin,digital_asset_stablecoin,,v43_not_government_policy,,,,,,general,14.0,published_yesterday,general,,general,Y,"industry_basis_pass:actor=True,change=False,bridge=True",2,global_platform_or_overseas_rule,Y,app_market,-76.0,digital_asset_stablecoin,government:digital_asset,,,경쟁사_해외이슈,GOV_PLATFORM_REGULATION,government_platform_market_rule,government_platform_market_rule:공식 앱마켓도 안심 못한다 진화하는 가짜 거래앱 빗썸 경고,카카오 플랫폼·AI·대관 대응 경로에 영향을 줄 수 있는 정책/감독 이슈,4,5,4,,,v26.2: no central Korean public actor/action for Government section: no_public_actor_action_domain / v26.2: overseas structural industry candidate,local_low_confidence,,OFF_TOPIC,,other,카카오 플랫폼·AI·대관 대응 경로에 영향을 줄 수 있는 정책/감독 이슈,,government_platform_market_rule:공식 앱마켓도 안심 못한다 진화하는 가짜 거래앱 빗썸 경고,government_platform_market_rule,weak_gov_basis:no_public_actor_action_domain,,
479,정부/국회,정부_국회,과학기술정보통신부,‘모두의 AI’ 시동…국민 AI 서비스 구축 경쟁 본격화,모두의 ai 시동 국민 ai 서비스 구축 경쟁 본격화,테크월드,테크월드,"Tue, 14 Jul 2026 07:00:00 GMT",‘모두의 AI’ 시동…국민 AI 서비스 구축 경쟁 본격화 테크월드,https://news.google.com/rss/articles/CBMiaEFVX3lxTFBESldvZ1Y4Wl9nWGtHZVlPdC1paTVYNjhFSDRxOTE0cXc5ZldrOGptd2ljUFl5a1gzRkQyR1VWUUxmQWwyY084bm9waUFYLU9aV2tJaGg1MlJrTTdieFg1VGVpcnJJSWI5?oc=5,google_rss_과학기술정보통신부 AI when:2d,-136.4,-41.0,ai_infrastructure_security,ai_infrastructure_security,,v43_not_government_policy,,,,,,general,24.0,published_today,business_change,,general,,"insufficient_industry_basis:actor=False,change=True,bridge=False",1,competitor_actor_action_pass,Y,unknown,-136.4,ai_infrastructure_security,government:tech_security_policy,,,경쟁사_해외이슈,GOV_AI_DIGITAL_POLICY,government_ai_core_policy,government_ai_core_policy:모두의 ai 시동 국민 ai 서비스 구축 경쟁 본격화,카카오 AI agent/AI 서비스 전략과 연결되는 핵심 정책환경,4,4,5,,,v26.2: no central Korean public actor/action for Government section: no_public_actor_action_domain / v26.2: overseas structural industry candidate,local_low_confidence,,OFF_TOPIC,,other,카카오 AI agent/AI 서비스 전략과 연결되는 핵심 정책환경,,government_ai_core_policy:모두의 ai 시동 국민 ai 서비스 구축 경쟁 본격화,government_ai_core_policy,weak_gov_basis:no_public_actor_action_domain,,
476,정부/국회,정부_국회,과학기술정보통신부,"과기정통부 무료 국산 AI 서비스 '모두의 AI' 추진, 연내 범용 챗봇 출시",과기정통부 무료 국산 ai 서비스 모두의 ai 추진 연내 범용 챗봇 출시,비즈니스포스트,비즈니스포스트,"Mon, 13 Jul 2026 08:09:49 GMT","과기정통부 무료 국산 AI 서비스 '모두의 AI' 추진, 연내 범용 챗봇 출시 비즈니스포스트",https://news.google.com/rss/articles/CBMic0FVX3lxTFBNck5NYjdPOTB5X05VWmZRRHJNck10aGs1Si1iUE1laEJjVUxRNUdUWlZJSWRTSGpoYkpLVFUxdjhmOVZkMkxKNjI3SHY3WDBIWk5rOWdvRV9CdlpHcGoxWmxPN2xrN2wyZVhRUlZOSW5BTjQ?oc=5,"google_rss_""과학기술정보통신부"" when:2d",-152.5,-35.5,ai_infrastructure_security,ai_infrastructure_security,과기정통부,v26_2_government_without_central_public_actor_action:no_public_actor_action_domain,,,,,,general,14.0,published_yesterday,business_change,event:과기정통부:ai_infrastructure_security,general,,"weak_form_without_full_basis:actor=False,change=True,bridge=False",1,competitor_actor_action_pass,Y,unknown,-152.5,ai_infrastructure_security,government:tech_security_policy,,,경쟁사_해외이슈,GOV_AI_DIGITAL_POLICY,government_ai_core_policy,government_ai_core_policy:과기정통부 무료 국산 ai 서비스 모두의 ai 추진 연내 범용 챗봇 출시,카카오 AI agent/AI 서비스 전략과 연결되는 핵심 정책환경,2,4,5,,,v26.2: no central Korean public actor/action for Government section: no_public_actor_action_domain,local_low_confidence,,OFF_TOPIC,,other,카카오 AI agent/AI 서비스 전략과 연결되는 핵심 정책환경,,government_ai_core_policy:과기정통부 무료 국산 ai 서비스 모두의 ai 추진 연내 범용 챗봇 출시,government_ai_core_policy,weak_gov_basis:no_public_actor_action_domain,,
3576,정부/국회,정부_국회,가상자산 개인지갑,"""공식 앱마켓도 안심 못한다""…빗썸, '가짜 거래 앱 사기 예방 가이드' 공개",공식 앱마켓도 안심 못한다 빗썸 가짜 거래 앱 사기 예방 가이드 공개,네이트,네이트,"Mon, 13 Jul 2026 00:06:00 GMT","""공식 앱마켓도 안심 못한다""…빗썸, '가짜 거래 앱 사기 예방 가이드' 공개 네이트",https://news.google.com/rss/articles/CBMiU0FVX3lxTE1WRFR4T3Nia3ZSMEFubHlCSEJjT1g3c1FCSTlGYU56WjBFeGVmcFNBWlhrZWx3ZDB6ME1hLVVYeWJwN3pUVEJBbF9tR1VKd0xSbnFv?oc=5,google_rss_가상자산 개인지갑 when:2d,-326.0,-106.0,digital_asset_stablecoin,digital_asset_stablecoin,,individual_crime_case_not_policy;v43_not_government_policy,,,,,,general,14.0,published_yesterday,general,,rumor_or_report,Y,"industry_basis_pass:actor=True,change=True,bridge=True",3,competitor_actor_action_pass,Y,app_market,-326.0,digital_asset_stablecoin,government:digital_asset,,,경쟁사_해외이슈,GOV_PLATFORM_REGULATION,government_platform_market_rule,government_platform_market_rule:공식 앱마켓도 안심 못한다 빗썸 가짜 거래 앱 사기 예방 가이드 공개,카카오 플랫폼·AI·대관 대응 경로에 영향을 줄 수 있는 정책/감독 이슈,4,5,4,,,v26.2: no central Korean public actor/action for Government section: no_public_actor_action_domain / v26.2: overseas structural industry candidate,local_low_confidence,,OFF_TOPIC,,other,카카오 플랫폼·AI·대관 대응 경로에 영향을 줄 수 있는 정책/감독 이슈,,government_platform_market_rule:공식 앱마켓도 안심 못한다 빗썸 가짜 거래 앱 사기 예방 가이드 공개,government_platform_market_rule,weak_gov_basis:no_public_actor_action_domain,,
325,자사 및 계열사 이슈,자사_및_계열사_이슈,카카오페이,[금융] iM뱅크 노조 여성아동 지원 / iM뱅크 하반기 전략 / 카카오페이손보 전사 AI / 농협은행 상품·제도 혁신,금융 im뱅크 노조 여성아동 지원 im뱅크 하반기 전략 카카오페이손보 전사 ai 농협은행 상품 제도 혁신,웹이코노미,웹이코노미,"Tue, 14 Jul 2026 02:51:00 GMT",[금융] iM뱅크 노조 여성아동 지원 / iM뱅크 하반기 전략 / 카카오페이손보 전사 AI / 농협은행 상품·제도 혁신 웹이코노미,https://news.google.com/rss/articles/CBMickFVX3lxTE5odXI0bFZ0MGRpRkVIcGVxMU1FNjUwNWh2YkI0X3lnMXV4WW9aSVVMdmxIVDFBcXo2alNaSzNoZndTd1dadDJRTGJPZHA5NTJPdzRFMzlLdlQyX2JWWTZGeDJFNGo1ZjRmYnFtTzg3M1UzUQ?oc=5,google_rss_카카오페이 when:2d,131.8,100.0,"ai_infrastructure_security,labor_dispute,labor_negotiation,policy_legislation",labor_general,"카카오,카카오페이",,,Y,must_review:self_strict:labor_strike:labor_negotiation,,,direct_self_risk,24.0,published_today,direct_risk,global_incident:labor_ir:kakao:labor_ir,general,Y,"industry_basis_pass:actor=True,change=False,bridge=True",2,,,,131.8,"labor_negotiation,policy_legislation,ai_infrastructure_security",self:labor_strike,global_incident:labor_ir:kakao:labor_ir:conflict_escalation,global_incident:labor_ir:kakao:labor_ir,자사_및_계열사_이슈,SELF_DIRECT_RISK,self_labor,카카오 노조 임단협/파업 및 내부 갈등,카카오 또는 계열사에 직접 발생한 외부 대응 필요 이슈,5,5,5,,,로컬 보조 라벨 / v26: 오늘 새 직접 사건·진전,local_low_confidence,DIRECT_RISK,,,other,,,카카오 노조 임단협/파업 및 내부 갈등,self_labor,,,
11,자사 및 계열사 이슈,자사_및_계열사_이슈,카카오,AI 전쟁 한복판인데…네이버·카카오 덮친 '노조 리스크',ai 전쟁 한복판인데 네이버 카카오 덮친 노조 리스크,메트로신문,메트로신문,"Tue, 14 Jul 2026 04:53:28 GMT",AI 전쟁 한복판인데…네이버·카카오 덮친 '노조 리스크' 메트로신문,https://news.google.com/rss/articles/CBMiYEFVX3lxTE9EdEIzOWh5Zk1mbGhtQmlyUWgxYi1WY25pcTlHZy1oMmw1THF2WnFNdmJpQnl6RVZkVnpGWUhUTFJ4OVFGQ1ZhRmRKSnFTTVNCampBU2VSb0ZpNlBpdzlSWQ?oc=5,google_rss_카카오 when:2d,128.8,93.0,"ai_infrastructure_security,labor_dispute,labor_negotiation",labor_general,"네이버,카카오",,,Y,must_review:self_strict:labor_strike:labor_negotiation,,,direct_self_risk,24.0,published_today,direct_risk,global_incident:labor_ir:kakao:labor_ir,general,Y,"industry_basis_pass:actor=True,change=False,bridge=True",2,,,,128.8,"labor_negotiation,ai_infrastructure_security",self:labor_strike,global_incident:labor_ir:kakao:labor_ir:conflict_escalation,global_incident:labor_ir:kakao:labor_ir,자사_및_계열사_이슈,SELF_DIRECT_RISK,self_labor,카카오 노조 임단협/파업 및 내부 갈등,카카오 또는 계열사에 직접 발생한 외부 대응 필요 이슈,5,5,5,,,로컬 보조 라벨 / v26: 오늘 새 직접 사건·진전,local_low_confidence,DIRECT_RISK,,COMP_DOMESTIC_AI_PLATFORM,domestic,,카카오 또는 계열사에 직접 발생한 외부 대응 필요 이슈,카카오 노조 임단협/파업 및 내부 갈등,self_labor,,,
77,자사 및 계열사 이슈,자사_및_계열사_이슈,카카오,'멜론 중도해지 미공지' 카카오 과징금 취소 판결 확정,멜론 중도해지 미공지 카카오 과징금 취소 판결 확정,네이트,네이트,"Tue, 14 Jul 2026 02:32:11 GMT",'멜론 중도해지 미공지' 카카오 과징금 취소 판결 확정 네이트,https://news.google.com/rss/articles/CBMiU0FVX3lxTFBtako2cDFIcFpVVXp3RXBRemFyZVVhU0ZSODJoWlJvYURXalRpelVqTWFjdUJfb0FqU2l6ZE1ZZUhaSDVyQVJFUTI4djFWaEJ4RzJB?oc=5,google_rss_카카오 when:2d,125.8,93.5,"antitrust_platform,legal_regulatory_enforcement",antitrust_general,카카오,,,Y,must_review:self_strict:legal_regulatory:legal_regulatory_enforcement,,,direct_self_risk,24.0,published_today,official_action,v27:platform_enforcement:kakao:consumer_dark_pattern,penalty_or_sanction,Y,"industry_basis_pass:actor=True,change=False,bridge=True",2,,,,125.8,legal_regulatory_enforcement,self:legal_regulatory,global_incident:platform_enforcement:kakao:consumer_dark_pattern:sanction_penalty,global_incident:platform_enforcement:kakao:consumer_dark_pattern,자사_및_계열사_이슈,SELF_DIRECT_RISK,self_legal_regulatory,global_incident:platform_enforcement:kakao:consumer_dark_pattern,카카오 또는 계열사에 직접 발생한 외부 대응 필요 이슈,5,5,5,,,로컬 보조 라벨 / v26: 오늘 새 직접 사건·진전,local_low_confidence,DIRECT_RISK,,,other,,,global_incident:platform_enforcement:kakao:consumer_dark_pattern,self_legal_regulatory,,,platform_enforcement:kakao:consumer_dark_pattern
24,자사 및 계열사 이슈,자사_및_계열사_이슈,카카오,'멜론 중도해지 미공지' 카카오 과징금 취소 판결 확정,멜론 중도해지 미공지 카카오 과징금 취소 판결 확정,블로터,블로터,"Tue, 14 Jul 2026 02:31:20 GMT",'멜론 중도해지 미공지' 카카오 과징금 취소 판결 확정 블로터,https://news.google.com/rss/articles/CBMiaEFVX3lxTE11SXMxa2lreVlwcFBTdzBsNzF1N1Bvcnc2WlhzazZmZm9HZkw1cktDZXpDejh1QWh5VGFGT1BoYW9Hci1fNzI0OWxVVmNOa1p4UVVZOWVPTkItVWNqRkw2bkc3R2FZeWJo0gFsQVVfeXFMTkJUeW1YRC1hc08xZGR4YU96djNoSUJtUkkzZi1vdXdGZ3hOZHZwSDhrN0dEOXdOQWMySnFDOVBGZmN3Q1VzN08wal9iMnBmQTVYeVQ4RHZkYkF2UU1ENldBRDlFMG9mbnNOdlZQ?oc=5,google_rss_카카오 when:2d,125.8,93.5,"antitrust_platform,legal_regulatory_enforcement",antitrust_general,카카오,,,Y,must_review:self_strict:legal_regulatory:legal_regulatory_enforcement,,,direct_self_risk,24.0,published_today,official_action,v27:platform_enforcement:kakao:consumer_dark_pattern,penalty_or_sanction,Y,"industry_basis_pass:actor=True,change=False,bridge=True",2,,,,125.8,legal_regulatory_enforcement,self:legal_regulatory,global_incident:platform_enforcement:kakao:consumer_dark_pattern:sanction_penalty,global_incident:platform_enforcement:kakao:consumer_dark_pattern,자사_및_계열사_이슈,SELF_DIRECT_RISK,self_legal_regulatory,global_incident:platform_enforcement:kakao:consumer_dark_pattern,카카오 또는 계열사에 직접 발생한 외부 대응 필요 이슈,5,5,5,,,로컬 보조 라벨 / v26: 오늘 새 직접 사건·진전,local_low_confidence,DIRECT_RISK,,,other,,,global_incident:platform_enforcement:kakao:consumer_dark_pattern,self_legal_regulatory,,,platform_enforcement:kakao:consumer_dark_pattern
117,자사 및 계열사 이슈,자사_및_계열사_이슈,카카오,"카카오게임즈, 노조 가입 과반 돌파...""매각설 고용 불안 여파""",카카오게임즈 노조 가입 과반 돌파 매각설 고용 불안 여파,인벤,인벤,"Mon, 13 Jul 2026 15:02:41 GMT","카카오게임즈, 노조 가입 과반 돌파...""매각설 고용 불안 여파"" 인벤",https://news.google.com/rss/articles/CBMidkFVX3lxTE9Hb3I1b1ItckFiUjFQZjVGTkdqQld6MzV4dHBrTktQVS15WTA3QWt6NGNlMTdNTTlLbUtHaGhpMk1lMVY3V2xIOVZVSnVycU5iSlVRdEZocnhqVVoydXpLQmd3WHJxTlg3VUtka0hoYk9YMUl0SVE?oc=5,google_rss_카카오 조정 when:2d,124.8,123.0,"labor_dispute,labor_negotiation,strategy_mna_governance",labor_general,"카카오,카카오게임즈",,,Y,must_review:self_strict:labor_strike:labor_negotiation+strategy_mna_governance,,,direct_self_risk,24.0,published_today,direct_risk,global_incident:labor_ir:kakao:labor_ir,general,Y,"industry_basis_pass:actor=True,change=False,bridge=True",2,,,,124.8,"labor_negotiation,strategy_mna_governance",self:labor_strike,global_incident:labor_ir:kakao:labor_ir:conflict_escalation,global_incident:labor_ir:kakao:labor_ir,자사_및_계열사_이슈,SELF_DIRECT_RISK,self_labor,카카오 노조 임단협/파업 및 내부 갈등,카카오 또는 계열사에 직접 발생한 외부 대응 필요 이슈,5,5,5,,,로컬 보조 라벨 / v26: 오늘 새 직접 사건·진전,local_low_confidence,DIRECT_RISK,,,other,,,카카오 노조 임단협/파업 및 내부 갈등,self_labor,,,
110,자사 및 계열사 이슈,자사_및_계열사_이슈,카카오,“압도적 보상 경영진이 독점”…카카오 노조 ‘전면 파업’까진 안한 이유는,압도적 보상 경영진이 독점 카카오 노조 전면 파업까진 안한 이유는,MSN,MSN,"Mon, 13 Jul 2026 18:18:39 GMT",“압도적 보상 경영진이 독점”…카카오 노조 ‘전면 파업’까진 안한 이유는 MSN,https://news.google.com/rss/articles/CBMixgRBVV95cUxNQ0o5bkRCV2wxbWJ3YzdXMTkxYU43NDNaN21HT3gzRVkxN05URm1jVFpTZFNsQkFaUUZ2TWJOaGhER09VTDliTFJJaFRxelBmaUxSc1FoeUNUWUIxOXl5WTJQbFVHQW0xdi1acXdQeUg1YVBUZ1dVQ1Y0V1lGY3g5RFU2ZmpFVGtEVWp5V0kxbFVHdjEtQVJ2aUd2emE5S19LMjNNUzEzTk1pdGc0ZV9JRmZUREV4MDJyUUxuWUtpdGd3VTFPTkpZN20xd18zYXVQS21teHlvWTNRQ0Q2bV9BSFVaOXJKNndjS2FqYy1uY3dzUWFIcm9kZDFqc19neTlkMlB3OURzX3BDN2tQMEItMVRON2puLVh6Szc5YUh2UkstbG9oM2dweUdHRWR5NEd3NHg2Q3hzWDV1SE5NSlNvQzZLSXVkNUdjMERPSlRONUZZVFRYbmhteXVHNHVQUkZGbC0wRHBITFUxNVVYWEFIZ25iTFh4UEgyaUhWZUw0eFNFcnltck9PcmZDQ0hHQVYxMW5UWmhrd3oxWGN0ajlyUXZ5Mm93ZTVhUFBCdkR1UEZDRlFWek83YkRVREg5Mk5KanpJbHpoaXB0Sy10aDNTQ3N4UUlvMC1Dbk1Qa1VRNGRMSjdRaFFncFlHVW5kemxydDJRNU1YX0pvV1huZFlKb1JTTk1BeWViUGdzWTA2TFNESDRwSk1pRkZqWW5VWW5Sdk95c0tPbjh6Rm8wa2RSYkRaNEVnR09xbUNvczFodHROa2lPM2c?oc=5,google_rss_카카오 노조 when:2d,124.8,96.5,"labor_dispute,labor_negotiation,market_power_platform",labor_general,카카오,,,Y,must_review:self_strict:labor_compensation:labor_negotiation,,,direct_self_risk,24.0,published_today,direct_risk,global_incident:labor_ir:kakao:strike_negotiation,general,Y,"industry_basis_pass:actor=True,change=False,bridge=True",2,,,,124.8,"labor_negotiation,market_power_platform",self:labor_compensation,global_incident:labor_ir:kakao:strike_negotiation:conflict_escalation,global_incident:labor_ir:kakao:strike_negotiation,자사_및_계열사_이슈,SELF_DIRECT_RISK,self_labor,카카오 노조 임단협/파업 및 내부 갈등,카카오 또는 계열사에 직접 발생한 외부 대응 필요 이슈,5,5,5,,,로컬 보조 라벨 / v26: 오늘 새 직접 사건·진전,local_low_confidence,DIRECT_RISK,,COMP_GENERAL_LOW_RELEVANCE,overseas,,카카오 또는 계열사에 직접 발생한 외부 대응 필요 이슈,카카오 노조 임단협/파업 및 내부 갈등,self_labor,,,
113,자사 및 계열사 이슈,자사_및_계열사_이슈,카카오,정신아 카카오 대표 “파업 우려 해소하지 못해 송구”,정신아 카카오 대표 파업 우려 해소하지 못해 송구,MSN,MSN,"Mon, 13 Jul 2026 20:03:22 GMT",정신아 카카오 대표 “파업 우려 해소하지 못해 송구” MSN,https://news.google.com/rss/articles/CBMitwRBVV95cUxQX2Z2VU15ZlIwZGx6MkkzOGNZX2pjSjRIb29GUW5hMDFaMWJlZzFyYnBvZ0lZSzhQRXhvalA2ZVZlMGFRajExZWZHMm8tY0FjVGdXMDgzTkNTRS1hWGRjNkdOeDQ5WFNraEJoV3RzQ0M2akk4VEtvVGQ3Ym9HRU02VE0xbDZweVJJWUlxcFQwTFlNNGhSSWl1LU5hQUxMaGNhaXZHZmVqWmJadWtHTE9oWHNyS2hMRklxTTVIMWVaWVN5ZzkxSVZxUncySjk4S0lFODYyV0w4VllxeVhCMDhCdUZUMndUVFpLYWFxQ2ZSWmNKdllJNF9CU1l6N01jWEd5YjI4aWN3YzZKVzNMUDhaenJzY1ZnRFpqd0NQTFFoVFpfak9LaTFtNXNNVy1KSXUwclhxVUFOUE5pZmRCemhtaHl4Mm1DYnFQSGIweW02dXprVTRSaHdWWi1ZQ3pjWnFkSHFnR1Q1a0FwUjNPSnRfN2FBb1FvUkVfQ0kzSTN3enBiT0hBYkJYTjFzdkhLaWhNSGxVVnJQVlNHc2E0UUxpMDA4WGZvdHMycFk2Z192QXRSN016VUNPT1VJaEtuX3ZzdXBPVVFFV0pHQTQySjd6ZnlwX0E1ci1TdEdMSTFvV01DOTRyMjdvTThiczM5WnVlZ2E5U0NqYXNVTUpUZDlnMUhqVkU5ek4zMndkZDVKeGc1c053WjRkY3BjR0dCU2NfT194QUJlTnh4OHNDZHVBUU5BMjZzcVk?oc=5,google_rss_카카오 파업 when:2d,123.8,86.5,"labor_dispute,labor_negotiation",labor_general,카카오,,,Y,must_review:self_strict:labor_strike:labor_negotiation,,,direct_self_risk,24.0,published_today,direct_risk,global_incident:labor_ir:kakao:strike_negotiation,general,Y,"industry_basis_pass:actor=True,change=False,bridge=True",2,,,,123.8,labor_negotiation,self:labor_strike,global_incident:labor_ir:kakao:strike_negotiation:general,global_incident:labor_ir:kakao:strike_negotiation,자사_및_계열사_이슈,SELF_DIRECT_RISK,self_labor,카카오 노조 임단협/파업 및 내부 갈등,카카오 또는 계열사에 직접 발생한 외부 대응 필요 이슈,5,5,5,,,로컬 보조 라벨 / v26: 오늘 새 직접 사건·진전,local_low_confidence,DIRECT_RISK,,COMP_GENERAL_LOW_RELEVANCE,overseas,,카카오 또는 계열사에 직접 발생한 외부 대응 필요 이슈,카카오 노조 임단협/파업 및 내부 갈등,self_labor,,,
38,자사 및 계열사 이슈,자사_및_계열사_이슈,카카오,"""왜 임원은 더 줘"" 분노…카카오 첫 파업 위기, 영향은?",왜 임원은 더 줘 분노 카카오 첫 파업 위기 영향은,JTBC,JTBC,"Mon, 13 Jul 2026 18:23:37 GMT","""왜 임원은 더 줘"" 분노…카카오 첫 파업 위기, 영향은? JTBC",https://news.google.com/rss/articles/CBMiUkFVX3lxTE1yd1dEODVubkRLSWpKZHFRVUlUX2VELUpZdWZsMEJkODN1WVJBZEpjZ2c2c19IbUVxLWN0a3B5cnRDQmE3dUJKcGU3NHlUOFIyNGc?oc=5,google_rss_카카오 when:2d,123.8,86.5,"labor_dispute,labor_negotiation",labor_general,카카오,,,Y,must_review:self_strict:labor_strike:labor_negotiation,,,direct_self_risk,24.0,published_today,direct_risk,global_incident:labor_ir:kakao:strike_negotiation,general,Y,"industry_basis_pass:actor=True,change=False,bridge=True",2,,,,123.8,labor_negotiation,self:labor_strike,global_incident:labor_ir:kakao:strike_negotiation:general,global_incident:labor_ir:kakao:strike_negotiation,자사_및_계열사_이슈,SELF_DIRECT_RISK,self_labor,카카오 노조 임단협/파업 및 내부 갈등,카카오 또는 계열사에 직접 발생한 외부 대응 필요 이슈,5,5,5,,,로컬 보조 라벨 / v26: 오늘 새 직접 사건·진전,local_low_confidence,DIRECT_RISK,,,other,,,카카오 노조 임단협/파업 및 내부 갈등,self_labor,,,
99,자사 및 계열사 이슈,자사_및_계열사_이슈,카카오,“네이버 월급받고 카카오 위해서 일한다고?”…화섬노조의 황당한 교섭방식 [기자 24시],네이버 월급받고 카카오 위해서 일한다고 화섬노조의 황당한 교섭방식 기자 24시,v.daum.net,v.daum.net,"Tue, 14 Jul 2026 01:45:06 GMT",“네이버 월급받고 카카오 위해서 일한다고?”…화섬노조의 황당한 교섭방식 [기자 24시] v.daum.net,https://news.google.com/rss/articles/CBMiRkFVX3lxTE15MDhHbWZpMmtRTnRDOEZ2TkowMm1LdUJFQTBhZXlqZ0x1OEpPSVg3NzBFYUVDMm9jeUF1MmQ2YUtvbUlUQmc?oc=5,google_rss_카카오 노조 when:2d,123.8,74.0,"labor_dispute,labor_negotiation",labor_general,"네이버,카카오",,,Y,must_review:self_strict:labor_strike:labor_negotiation,,,direct_self_risk,24.0,published_today,direct_risk,global_incident:labor_ir:kakao:labor_ir,vote_or_mediation,Y,"industry_basis_pass:actor=True,change=False,bridge=True",2,,,,123.8,labor_negotiation,self:labor_strike,global_incident:labor_ir:kakao:labor_ir:conflict_escalation,global_incident:labor_ir:kakao:labor_ir,자사_및_계열사_이슈,SELF_DIRECT_RISK,self_labor,카카오 노조 임단협/파업 및 내부 갈등,카카오 또는 계열사에 직접 발생한 외부 대응 필요 이슈,5,5,5,,,로컬 보조 라벨 / v26: 오늘 새 직접 사건·진전,local_low_confidence,DIRECT_RISK,,COMP_DOMESTIC_STRATEGY,domestic,,카카오 또는 계열사에 직접 발생한 외부 대응 필요 이슈,카카오 노조 임단협/파업 및 내부 갈등,self_labor,,,
86,자사 및 계열사 이슈,자사_및_계열사_이슈,카카오,"""네이버 월급받고 카카오 위해서 일한다고?""…화섬노조의 황당한 교섭방식 [기자 24시]",네이버 월급받고 카카오 위해서 일한다고 화섬노조의 황당한 교섭방식 기자 24시,네이트,네이트,"Tue, 14 Jul 2026 01:43:00 GMT","""네이버 월급받고 카카오 위해서 일한다고?""…화섬노조의 황당한 교섭방식 [기자 24시] 네이트",https://news.google.com/rss/articles/CBMiU0FVX3lxTE9CaGRyTkh6ejZ4WHhsaG1fX2p4UnBoVFMxUkM1UTg1OGdiYzNSaGFFeW0tUWRMZkJlaVZMenNkaXlSWWlHV1N4Z0hyQ21DbVMwQk9Z?oc=5,google_rss_카카오 when:2d,123.8,74.0,"labor_dispute,labor_negotiation",labor_general,"네이버,카카오",,,Y,must_review:self_strict:labor_strike:labor_negotiation,,,direct_self_risk,24.0,published_today,direct_risk,global_incident:labor_ir:kakao:labor_ir,vote_or_mediation,Y,"industry_basis_pass:actor=True,change=False,bridge=True",2,,,,123.8,labor_negotiation,self:labor_strike,global_incident:labor_ir:kakao:labor_ir:conflict_escalation,global_incident:labor_ir:kakao:labor_ir,자사_및_계열사_이슈,SELF_DIRECT_RISK,self_labor,카카오 노조 임단협/파업 및 내부 갈등,카카오 또는 계열사에 직접 발생한 외부 대응 필요 이슈,5,5,5,,,로컬 보조 라벨 / v26: 오늘 새 직접 사건·진전,local_low_confidence,DIRECT_RISK,,COMP_DOMESTIC_STRATEGY,domestic,,카카오 또는 계열사에 직접 발생한 외부 대응 필요 이슈,카카오 노조 임단협/파업 및 내부 갈등,self_labor,,,
50,자사 및 계열사 이슈,자사_및_계열사_이슈,카카오,"카카오 노조, 21일 피케팅 시위 예고…카카오뱅크도 노사 협상 결렬",카카오 노조 21일 피케팅 시위 예고 카카오뱅크도 노사 협상 결렬,디잇플러스,디잇플러스,"Tue, 14 Jul 2026 01:32:26 GMT","카카오 노조, 21일 피케팅 시위 예고…카카오뱅크도 노사 협상 결렬 디잇플러스",https://news.google.com/rss/articles/CBMiaEFVX3lxTE1UYmFEWEJBaWFLYm5qTHdVY2hUSmpfeWg2UGp3Z0RHRGRDdHptMXRxTmJ4WnZZaTNUZ1Ewc0JDSE1jSy1EMnNhLVdNNTlOY0hYSFdZdGY3Z1hBOU9fQ2lDT2xCUjVvSkRm?oc=5,google_rss_카카오 when:2d,123.8,74.0,"labor_dispute,labor_negotiation",labor_general,"카카오,카카오뱅크",,,Y,must_review:self_strict:labor_strike:labor_negotiation,,,direct_self_risk,24.0,published_today,direct_risk,global_incident:labor_ir:kakao:labor_ir,review_scheduled,Y,"industry_basis_pass:actor=True,change=False,bridge=True",2,,,,123.8,labor_negotiation,self:labor_strike,global_incident:labor_ir:kakao:labor_ir:conflict_escalation,global_incident:labor_ir:kakao:labor_ir,자사_및_계열사_이슈,SELF_DIRECT_RISK,self_labor,카카오 노조 임단협/파업 및 내부 갈등,카카오 또는 계열사에 직접 발생한 외부 대응 필요 이슈,5,5,5,,,로컬 보조 라벨 / v26: 오늘 새 직접 사건·진전,local_low_confidence,DIRECT_RISK,,,other,,,카카오 노조 임단협/파업 및 내부 갈등,self_labor,,,
44,자사 및 계열사 이슈,자사_및_계열사_이슈,카카오,"카카오 노사, 임금교섭 갈등 장기화…노조, 21일 피켓팅 시위 진행",카카오 노사 임금교섭 갈등 장기화 노조 21일 피켓팅 시위 진행,청년일보,청년일보,"Tue, 14 Jul 2026 00:24:59 GMT","카카오 노사, 임금교섭 갈등 장기화…노조, 21일 피켓팅 시위 진행 청년일보",https://news.google.com/rss/articles/CBMiakFVX3lxTE9IN1U1bktuTU5reGV4YVd0bFMtZEhOYXBSVnhTOHExd2xpaDJINDNzckRGcUllcmdqUzRDWmNKR0dQbU5wSFVISXBhbWZEbGl2ZmV5SXRrNzJneU8xU2ltS2ZCdFl2T19SakE?oc=5,google_rss_카카오 when:2d,123.8,71.5,"labor_dispute,labor_negotiation",labor_pay_dispute,카카오,,,Y,must_review:self_strict:labor_compensation:labor_negotiation,,,direct_self_risk,24.0,published_today,direct_risk,global_incident:labor_ir:kakao:labor_ir,vote_or_mediation,Y,"industry_basis_pass:actor=True,change=False,bridge=True",2,,,,123.8,labor_negotiation,self:labor_compensation,global_incident:labor_ir:kakao:labor_ir:conflict_escalation,global_incident:labor_ir:kakao:labor_ir,자사_및_계열사_이슈,SELF_DIRECT_RISK,self_labor,카카오 노조 임단협/파업 및 내부 갈등,카카오 또는 계열사에 직접 발생한 외부 대응 필요 이슈,5,5,5,,,로컬 보조 라벨 / v26: 오늘 새 직접 사건·진전,local_low_confidence,DIRECT_RISK,,,other,,,카카오 노조 임단협/파업 및 내부 갈등,self_labor,,,
291,자사 및 계열사 이슈,자사_및_계열사_이슈,카카오,"카카오게임즈, 김태환·이시우 신임 공동 대표 선임... 글로벌 외연 확장",카카오게임즈 김태환 이시우 신임 공동 대표 선임 글로벌 외연 확장,인벤,인벤,"Mon, 13 Jul 2026 15:15:45 GMT","카카오게임즈, 김태환·이시우 신임 공동 대표 선임... 글로벌 외연 확장 인벤",https://news.google.com/rss/articles/CBMicEFVX3lxTE11ZmFGRjA1Qmd3NFYyRUNGaHZwdWZSSzB3RzVTZExCOEFXRHpLbmlDc3gzMlh0N0ItR3dpWVVHTjhoclRpV1llSjI2cHQ5ekR6V1pxbnN2QkZhRHU3dS1SUW9rZGVaTGpPM3JDTEt6LTc?oc=5,google_rss_카카오 카카오게임즈 when:2d,121.8,90.0,"kakao_games_management,leadership_change",kakao_games_ceo_appointment,"카카오,카카오게임즈",,,Y,must_review:self_strict:leadership_service:leadership_change,,,direct_self_risk,24.0,published_today,direct_risk,global_incident:leadership_service:kakao:executive_change,general,Y,"industry_basis_pass:actor=True,change=False,bridge=True",2,,,,121.8,leadership_change,self:leadership_service,global_incident:leadership_service:kakao:executive_change:executive_or_org_change,global_incident:leadership_service:kakao:executive_change,자사_및_계열사_이슈,SELF_DIRECT_RISK,self_leadership_service,카카오게임즈 최대주주 변경 및 공동대표 체제,카카오 또는 계열사에 직접 발생한 외부 대응 필요 이슈,5,5,5,,,로컬 보조 라벨 / v26: 오늘 새 직접 사건·진전,local_low_confidence,DIRECT_RISK,,,other,,,카카오게임즈 최대주주 변경 및 공동대표 체제,self_leadership_service,,,
39,자사 및 계열사 이슈,자사_및_계열사_이슈,카카오,"카카오뱅크, 마스턴캐피탈 인수…비은행 영토 확장",카카오뱅크 마스턴캐피탈 인수 비은행 영토 확장,데이터뉴스,데이터뉴스,"Mon, 13 Jul 2026 23:47:57 GMT","카카오뱅크, 마스턴캐피탈 인수…비은행 영토 확장 데이터뉴스",https://news.google.com/rss/articles/CBMiX0FVX3lxTFBXaDdJTWhMazhKZUIxdS1QcGFkdGozSkhRMWEzMUJLQ0s4dzRVNHhzZTZOR3dGSmNaak0wY1RZNjh4YnQzZC04WFBhN1hZNmo3ODRDbzhteUxMdFRfYU9r?oc=5,google_rss_카카오 when:2d,120.8,80.0,strategy_mna_governance,strategy_mna_governance,"카카오,카카오뱅크",,,Y,must_review:self_strict:strategy_mna:strategy_mna_governance,,,direct_self_risk,24.0,published_today,direct_risk,global_incident:mna_capital:kakao:mna_capital,general,Y,"industry_basis_pass:actor=True,change=True,bridge=True",3,,,,120.8,strategy_mna_governance,self:strategy_mna,global_incident:mna_capital:kakao:mna_capital:general,global_incident:mna_capital:kakao:mna_capital,자사_및_계열사_이슈,SELF_DIRECT_RISK,self_governance_mna,global_incident:mna_capital:kakao:mna_capital,카카오 또는 계열사에 직접 발생한 외부 대응 필요 이슈,5,5,5,,,로컬 보조 라벨 / v26: 오늘 새 직접 사건·진전,local_low_confidence,DIRECT_RISK,,,other,,,global_incident:mna_capital:kakao:mna_capital,self_governance_mna,,,
103,자사 및 계열사 이슈,자사_및_계열사_이슈,카카오,"카카오, 노사 갈등 장기화 국면…노조 ""21일 사내 피켓팅 진행""",카카오 노사 갈등 장기화 국면 노조 21일 사내 피켓팅 진행,디지털데일리,디지털데일리,"Mon, 13 Jul 2026 08:13:34 GMT","카카오, 노사 갈등 장기화 국면…노조 ""21일 사내 피켓팅 진행"" 디지털데일리",https://news.google.com/rss/articles/CBMiZEFVX3lxTFA0Q19PYzVTck5TSEZBblFBUUlqellNaUc5NUswZXZpQzVhcXplX1p2MHdhS0gwOTYxX1FrbFpLWlpTNHhpVGVRN2hncFJTcmU4TVR2UVNXSURzaXc0VXpiSlBMZ2c?oc=5,google_rss_카카오 노조 when:2d,118.8,71.5,"labor_dispute,labor_negotiation",labor_general,카카오,,,Y,must_review:self_strict:labor_strike:labor_negotiation,,,direct_self_risk,14.0,published_yesterday,direct_risk,global_incident:labor_ir:kakao:labor_ir,general,Y,"industry_basis_pass:actor=True,change=False,bridge=True",2,,,,118.8,labor_negotiation,self:labor_strike,global_incident:labor_ir:kakao:labor_ir:conflict_escalation,global_incident:labor_ir:kakao:labor_ir,자사_및_계열사_이슈,SELF_DIRECT_RISK,self_labor,카카오 노조 임단협/파업 및 내부 갈등,카카오 또는 계열사에 직접 발생한 외부 대응 필요 이슈,5,5,5,,,로컬 보조 라벨 / v26: 오늘 새 직접 사건·진전,local_low_confidence,DIRECT_RISK,,,other,,,카카오 노조 임단협/파업 및 내부 갈등,self_labor,,,
1716,정부/국회,정부_국회,스테이블코인,"정부, 디지털자산기본법 하반기 입법…비트코인 ETF 제도화 속도",정부 디지털자산기본법 하반기 입법 비트코인 etf 제도화 속도,서울경제,서울경제,"Tue, 14 Jul 2026 05:15:56 GMT","정부, 디지털자산기본법 하반기 입법…비트코인 ETF 제도화 속도 서울경제",https://news.google.com/rss/articles/CBMiU0FVX3lxTFA1akF0YW5sOVk0dzBseEhxelN4dXY5QWhzZ1Rxajd1b0t5VGg3SEtBQktHdmNGcDl4cExxVWZVZzdHeGhUUk9GZnBGdHRuVWdRZFkw0gFTQVVfeXFMUDVqQXRhbmw5WTR3MGx4SHF6U3h1djlBaHNnVHFqN3VvS3lUaDdIS0FCS0d2Y0ZwOXhwTHFVZlVnN0d4aFRST0ZmcEZ0dG5VZ1FkWTA?oc=5,google_rss_스테이블코인 when:2d,118.6,85.0,"digital_asset_stablecoin,policy_legislation,stablecoin",stablecoin_legislation,,,,,,,,general,24.0,published_today,market_commentary,global_incident:digital_asset_policy:digital_asset_sector:digital_asset_policy,general,,"insufficient_industry_basis:actor=False,change=False,bridge=True",1,,,,118.6,"policy_legislation,digital_asset_stablecoin",government:digital_asset,global_incident:digital_asset_policy:digital_asset_sector:digital_asset_policy:general,global_incident:digital_asset_policy:digital_asset_sector:digital_asset_policy,정부_국회,GOV_FINANCIAL_DIGITAL_POLICY,government_digital_finance_policy,global_incident:digital_asset_policy:digital_asset_sector:digital_asset_policy,카카오페이·카카오뱅크 등 금융 계열사에 참고 가능한 디지털금융 정책,3,4,3,,,로컬 보조 라벨,local_low_confidence,,GOV_DIGITAL_FINANCE_POLICY,,other,카카오페이·카카오뱅크 등 금융 계열사에 참고 가능한 디지털금융 정책,,global_incident:digital_asset_policy:digital_asset_sector:digital_asset_policy,government_digital_finance_policy,,,
481,정부/국회,정부_국회,과학기술정보통신부,"정부, AI 제품 공공시장 진입 낮춰…납품실적 요건도 폐지",정부 ai 제품 공공시장 진입 낮춰 납품실적 요건도 폐지,지디넷코리아,지디넷코리아,"Tue, 14 Jul 2026 06:39:08 GMT","정부, AI 제품 공공시장 진입 낮춰…납품실적 요건도 폐지 지디넷코리아",https://news.google.com/rss/articles/CBMiVkFVX3lxTE5FV25BYWpHRFVtd2NYOXpZY2VPUkZJYUxjazJHYjNfWEdEQ0xnd0RiT1JFaWc1aVkyNlJfa3ZCeVRWaTNUbmNiN0N6RlNzMXNlaEt6b01R?oc=5,google_rss_과학기술정보통신부 AI when:2d,117.6,68.0,"ai_infrastructure_security,earnings,financial_performance",ai_infrastructure_security,,,,,,,,general,24.0,published_today,direct_risk,,general,,"insufficient_industry_basis:actor=False,change=False,bridge=False",0,,,,117.6,"financial_performance,ai_infrastructure_security",government:tech_security_policy,,,정부_국회,GOV_AI_DIGITAL_POLICY,government_ai_core_policy,government_ai_core_policy:정부 ai 제품 공공시장 진입 낮춰 납품실적 요건도 폐지,카카오 AI agent/AI 서비스 전략과 연결되는 핵심 정책환경,5,4,5,,,로컬 보조 라벨,local_low_confidence,,GOV_AI_CORE_POLICY,,other,카카오 AI agent/AI 서비스 전략과 연결되는 핵심 정책환경,,government_ai_core_policy:정부 ai 제품 공공시장 진입 낮춰 납품실적 요건도 폐지,government_ai_core_policy,,,
317,자사 및 계열사 이슈,자사_및_계열사_이슈,카카오톡,“네이버 월급받고 카카오 위해서 일한다고?”…화섬노조의 황당한 교섭방식 [기자 24시],네이버 월급받고 카카오 위해서 일한다고 화섬노조의 황당한 교섭방식 기자 24시,매일경제,매일경제,"Tue, 14 Jul 2026 01:42:32 GMT",“네이버 월급받고 카카오 위해서 일한다고?”…화섬노조의 황당한 교섭방식 [기자 24시] 매일경제,https://news.google.com/rss/articles/CBMiVkFVX3lxTE9TeFhYbmZ5QVNpLWF3VFdpaTZFQV80ZTZJaDhPT0JfT1RJd3FucE1DeEItd0JteGVZXzgyX2h0eFc5cXpJSjZoaV9ndlVoZXhhTk1lVUx3?oc=5,google_rss_카카오톡 노조 when:2d,116.8,74.0,"labor_dispute,labor_negotiation",labor_general,"네이버,카카오",brand_not_in_title,,Y,must_review:self_strict:labor_strike:labor_negotiation,,,direct_self_risk,24.0,published_today,direct_risk,global_incident:labor_ir:kakao:labor_ir,vote_or_mediation,Y,"industry_basis_pass:actor=True,change=False,bridge=True",2,,,,116.8,labor_negotiation,self:labor_strike,global_incident:labor_ir:kakao:labor_ir:conflict_escalation,global_incident:labor_ir:kakao:labor_ir,자사_및_계열사_이슈,SELF_DIRECT_RISK,self_labor,카카오 노조 임단협/파업 및 내부 갈등,카카오 또는 계열사에 직접 발생한 외부 대응 필요 이슈,5,5,5,,,로컬 보조 라벨 / v26: 오늘 새 직접 사건·진전,local_low_confidence,DIRECT_RISK,,COMP_DOMESTIC_STRATEGY,domestic,,카카오 또는 계열사에 직접 발생한 외부 대응 필요 이슈,카카오 노조 임단협/파업 및 내부 갈등,self_labor,,,
90,자사 및 계열사 이슈,자사_및_계열사_이슈,카카오,"카카오 노조, 21일 사내 피켓 시위…노사 교섭 장기화",카카오 노조 21일 사내 피켓 시위 노사 교섭 장기화,서울경제TV,서울경제TV,"Mon, 13 Jul 2026 07:31:13 GMT","카카오 노조, 21일 사내 피켓 시위…노사 교섭 장기화 서울경제TV",https://news.google.com/rss/articles/CBMiZEFVX3lxTFBSU25RcHNzNXVBeVhhTVpnSVhMbWhyNURaWTRKZ0dUVndwbVpLTXM2QU9DTXZqMWZCbjRLSlpmZEs3ZXlZbko0X3BpdzdTbWdtejBSQXRWOHdJOWx5TkxYTlZjbFM?oc=5,google_rss_카카오 when:2d,116.8,71.5,"labor_dispute,labor_negotiation",labor_general,카카오,,,Y,must_review:self_strict:labor_strike:labor_negotiation,,,direct_self_risk,14.0,published_yesterday,direct_risk,global_incident:labor_ir:kakao:labor_ir,vote_or_mediation,Y,"industry_basis_pass:actor=True,change=False,bridge=True",2,,,,116.8,labor_negotiation,self:labor_strike,global_incident:labor_ir:kakao:labor_ir:conflict_escalation,global_incident:labor_ir:kakao:labor_ir,자사_및_계열사_이슈,SELF_DIRECT_RISK,self_labor,카카오 노조 임단협/파업 및 내부 갈등,카카오 또는 계열사에 직접 발생한 외부 대응 필요 이슈,5,5,5,,,로컬 보조 라벨 / v26: 오늘 새 직접 사건·진전,local_low_confidence,DIRECT_RISK,,,other,,,카카오 노조 임단협/파업 및 내부 갈등,self_labor,,,
1807,정부/국회,정부_국회,스테이블코인,"“국채도 토큰으로 거래”…정부, 스테이블코인법 연내 입법 추진",국채도 토큰으로 거래 정부 스테이블코인법 연내 입법 추진,매일경제,매일경제,"Tue, 14 Jul 2026 04:48:20 GMT","“국채도 토큰으로 거래”…정부, 스테이블코인법 연내 입법 추진 매일경제",https://news.google.com/rss/articles/CBMiUkFVX3lxTFBRZHBQNVJlZFp4MDg0TWNQcVBOcm1hZ29GRnk0LVltYk9VREVrdFBLMHhoVzMxalp1SmpqTlByazVUTnVUTWpZMWkxbUVBZEhMdnc?oc=5,google_rss_스테이블코인 site:mk.co.kr when:2d,116.6,85.0,"digital_asset_stablecoin,policy_legislation,stablecoin",stablecoin_legislation,,,,,,,,general,24.0,published_today,general,global_incident:digital_asset_policy:digital_asset_sector:stablecoin_policy,general,,"insufficient_industry_basis:actor=False,change=False,bridge=False",0,,,,116.6,"policy_legislation,digital_asset_stablecoin",government:digital_asset,global_incident:digital_asset_policy:digital_asset_sector:stablecoin_policy:announcement,global_incident:digital_asset_policy:digital_asset_sector:stablecoin_policy,정부_국회,GOV_FINANCIAL_DIGITAL_POLICY,government_digital_finance_policy,global_incident:digital_asset_policy:digital_asset_sector:stablecoin_policy,카카오페이·카카오뱅크 등 금융 계열사에 참고 가능한 디지털금융 정책,3,4,3,,,로컬 보조 라벨,local_low_confidence,,GOV_DIGITAL_FINANCE_POLICY,,other,카카오페이·카카오뱅크 등 금융 계열사에 참고 가능한 디지털금융 정책,,global_incident:digital_asset_policy:digital_asset_sector:stablecoin_policy,government_digital_finance_policy,,,
109,자사 및 계열사 이슈,자사_및_계열사_이슈,카카오,"카카오 노조, 21일 사내 피켓시위 단체행동…노사 교섭 장기화",카카오 노조 21일 사내 피켓시위 단체행동 노사 교섭 장기화,edaily.co.kr,이데일리,"Mon, 13 Jul 2026 08:21:25 GMT","카카오 노조, 21일 사내 피켓시위 단체행동…노사 교섭 장기화 edaily.co.kr",https://news.google.com/rss/articles/CBMigAFBVV95cUxNOUI0V3JhUXk4NWZqRHc2aVFHaXVKOWVfcFJrcnlCQmZER01xREVPY1pqY2NtTVlUNlNZUjZ3WHdHQWE2T3VUN0JaNnVtdnZITC0wUTkyMDdWdFNyLWtPbTRyelZaTjNEOVIwUmFQc3Y4Zl9hNUxkalFUZ1JsMG9qcA?oc=5,google_rss_카카오 노조 when:2d,115.8,90.5,"ai_infrastructure_security,labor_dispute,labor_negotiation",labor_general,카카오,,,Y,must_review:self_strict:labor_strike:labor_negotiation,,,direct_self_risk,14.0,published_yesterday,direct_risk,global_incident:labor_ir:kakao:labor_ir,vote_or_mediation,Y,"industry_basis_pass:actor=True,change=False,bridge=True",2,,,,115.8,"labor_negotiation,ai_infrastructure_security",self:labor_strike,global_incident:labor_ir:kakao:labor_ir:conflict_escalation,global_incident:labor_ir:kakao:labor_ir,자사_및_계열사_이슈,SELF_DIRECT_RISK,self_labor,카카오 노조 임단협/파업 및 내부 갈등,카카오 또는 계열사에 직접 발생한 외부 대응 필요 이슈,5,5,5,,,로컬 보조 라벨 / v26: 오늘 새 직접 사건·진전,local_low_confidence,DIRECT_RISK,,,other,,,카카오 노조 임단협/파업 및 내부 갈등,self_labor,,,
107,자사 및 계열사 이슈,자사_및_계열사_이슈,카카오,"카카오 노조, 21일 사내 피켓 시위…노사 교섭 '장기전'",카카오 노조 21일 사내 피켓 시위 노사 교섭 장기전,뉴시스,뉴시스,"Mon, 13 Jul 2026 02:23:18 GMT","카카오 노조, 21일 사내 피켓 시위…노사 교섭 '장기전' 뉴시스",https://news.google.com/rss/articles/CBMieEFVX3lxTE5PQ2hUUkVKVjBrMzFQOFpVWnRxRkN5SWZDMmlqS3pGM3ZyUGdJUXJHTXZGRTNZOXBVSjRTcUJHX1JLeWg0SWpjSjMwUTdlb3RLLXJPbW5ac0xRdThHZmlpdEhLYVhKV0dkcWpXUlJXVlhHT2xDNDRRV9IBeEFVX3lxTE5PQ2hUUkVKVjBrMzFQOFpVWnRxRkN5SWZDMmlqS3pGM3ZyUGdJUXJHTXZGRTNZOXBVSjRTcUJHX1JLeWg0SWpjSjMwUTdlb3RLLXJPbW5ac0xRdThHZmlpdEhLYVhKV0dkcWpXUlJXVlhHT2xDNDRRVw?oc=5,google_rss_카카오 노조 when:2d,115.8,71.5,"labor_dispute,labor_negotiation",labor_general,카카오,,,Y,must_review:self_strict:labor_strike:labor_negotiation,,,direct_self_risk,14.0,published_yesterday,direct_risk,global_incident:labor_ir:kakao:labor_ir,vote_or_mediation,Y,"industry_basis_pass:actor=True,change=False,bridge=True",2,,,,115.8,labor_negotiation,self:labor_strike,global_incident:labor_ir:kakao:labor_ir:conflict_escalation,global_incident:labor_ir:kakao:labor_ir,자사_및_계열사_이슈,SELF_DIRECT_RISK,self_labor,카카오 노조 임단협/파업 및 내부 갈등,카카오 또는 계열사에 직접 발생한 외부 대응 필요 이슈,5,5,5,,,로컬 보조 라벨 / v26: 오늘 새 직접 사건·진전,local_low_confidence,DIRECT_RISK,,,other,,,카카오 노조 임단협/파업 및 내부 갈등,self_labor,,,
111,자사 및 계열사 이슈,자사_및_계열사_이슈,카카오,"카카오 노사, 첫 파업 한 달 지나도 평행선 … AI 시대 '성과급 체계' 달라질까 | 프린트 | BIZ 뉴데일리",카카오 노사 첫 파업 한 달 지나도 평행선 ai 시대 성과급 체계 달라질까 프린트 biz 뉴데일리,뉴데일리,뉴데일리,"Mon, 13 Jul 2026 02:10:43 GMT","카카오 노사, 첫 파업 한 달 지나도 평행선 … AI 시대 '성과급 체계' 달라질까 | 프린트 | BIZ 뉴데일리 뉴데일리",https://news.google.com/rss/articles/CBMidEFVX3lxTE9EdmU5SFNmdlNkMFV0RklqOWRjOGxNc0VaMWt4dGxDbFhtQXViZDJ4X1Q0bTdjZnNrSU1fZWFad2JQdDZ3bkhCUlYxVDh4cDNhVTJma1F1T2E2Mlc0LTBkT2JFU1VrclZhLVoxeTBpSnNQazJx?oc=5,google_rss_카카오 노조 when:2d,114.8,108.5,"ai_infrastructure_security,labor_dispute,labor_negotiation",labor_pay_dispute,카카오,,,Y,must_review:self_strict:labor_compensation:labor_negotiation,,,direct_self_risk,14.0,published_yesterday,direct_risk,global_incident:labor_ir:kakao:strike_negotiation,general,Y,"industry_basis_pass:actor=True,change=False,bridge=True",2,,,,114.8,"labor_negotiation,ai_infrastructure_security",self:labor_compensation,global_incident:labor_ir:kakao:strike_negotiation:general,global_incident:labor_ir:kakao:strike_negotiation,자사_및_계열사_이슈,SELF_DIRECT_RISK,self_labor,카카오 노조 임단협/파업 및 내부 갈등,카카오 또는 계열사에 직접 발생한 외부 대응 필요 이슈,5,5,5,,,로컬 보조 라벨 / v26: 오늘 새 직접 사건·진전,local_low_confidence,DIRECT_RISK,,,other,,,카카오 노조 임단협/파업 및 내부 갈등,self_labor,,,
114,자사 및 계열사 이슈,자사_및_계열사_이슈,카카오,"카카오 노조, 21일 피켓팅 예고? 노사 갈등에 AI 부진까지 '사면초가'",카카오 노조 21일 피켓팅 예고 노사 갈등에 ai 부진까지 사면초가,네이트,네이트,"Mon, 13 Jul 2026 07:17:00 GMT","카카오 노조, 21일 피켓팅 예고? 노사 갈등에 AI 부진까지 '사면초가' 네이트",https://news.google.com/rss/articles/CBMiU0FVX3lxTE5VUGNZVFNpUnRUR0ZmUl91MGU1bm1aaHJzZEU4LUtBdVdfUWJRUVRESktIVDZNcUc0MjhqMWwwMFIzaVVGMHMtNGJFRDUtMEdsbDh3?oc=5,google_rss_카카오 파업 when:2d,114.8,90.5,"ai_infrastructure_security,labor_dispute,labor_negotiation",labor_general,카카오,,,Y,must_review:self_strict:labor_strike:labor_negotiation,,,direct_self_risk,14.0,published_yesterday,direct_risk,global_incident:labor_ir:kakao:labor_ir,review_scheduled,Y,"industry_basis_pass:actor=True,change=False,bridge=True",2,,,,114.8,"labor_negotiation,ai_infrastructure_security",self:labor_strike,global_incident:labor_ir:kakao:labor_ir:conflict_escalation,global_incident:labor_ir:kakao:labor_ir,자사_및_계열사_이슈,SELF_DIRECT_RISK,self_labor,카카오 노조 임단협/파업 및 내부 갈등,카카오 또는 계열사에 직접 발생한 외부 대응 필요 이슈,5,5,5,,,로컬 보조 라벨 / v26: 오늘 새 직접 사건·진전,local_low_confidence,DIRECT_RISK,,,other,,,카카오 노조 임단협/파업 및 내부 갈등,self_labor,,,
104,자사 및 계열사 이슈,자사_및_계열사_이슈,카카오,"카카오 노조, 21일 피켓팅 예고⋯ 노사 갈등에 AI 부진까지 ‘사면초가’",카카오 노조 21일 피켓팅 예고 노사 갈등에 ai 부진까지 사면초가,브릿지경제,브릿지경제,"Mon, 13 Jul 2026 07:16:00 GMT","카카오 노조, 21일 피켓팅 예고⋯ 노사 갈등에 AI 부진까지 ‘사면초가’ 브릿지경제",https://news.google.com/rss/articles/CBMiWkFVX3lxTE02WXo2N0t1UlAtZjJXOWZub3BZUXZ4NklVNHFidmpqVGpuRG9hN25wc2hueFY5ZnplMjc2Zl9ia3FZaUE0aWlEdm5iRkt2dUFQdTg5eERDNjA5UQ?oc=5,google_rss_카카오 노조 when:2d,114.8,90.5,"ai_infrastructure_security,labor_dispute,labor_negotiation",labor_general,카카오,,,Y,must_review:self_strict:labor_strike:labor_negotiation,,,direct_self_risk,14.0,published_yesterday,direct_risk,global_incident:labor_ir:kakao:labor_ir,review_scheduled,Y,"industry_basis_pass:actor=True,change=False,bridge=True",2,,,,114.8,"labor_negotiation,ai_infrastructure_security",self:labor_strike,global_incident:labor_ir:kakao:labor_ir:conflict_escalation,global_incident:labor_ir:kakao:labor_ir,자사_및_계열사_이슈,SELF_DIRECT_RISK,self_labor,카카오 노조 임단협/파업 및 내부 갈등,카카오 또는 계열사에 직접 발생한 외부 대응 필요 이슈,5,5,5,,,로컬 보조 라벨 / v26: 오늘 새 직접 사건·진전,local_low_confidence,DIRECT_RISK,,,other,,,카카오 노조 임단협/파업 및 내부 갈등,self_labor,,,
100,자사 및 계열사 이슈,자사_및_계열사_이슈,카카오,"카카오 노조, 21일 사내 피켓팅 예고…임금 교섭 장기화",카카오 노조 21일 사내 피켓팅 예고 임금 교섭 장기화,CEO스코어데일리,CEO스코어데일리,"Mon, 13 Jul 2026 09:02:56 GMT","카카오 노조, 21일 사내 피켓팅 예고…임금 교섭 장기화 CEO스코어데일리",https://news.google.com/rss/articles/CBMia0FVX3lxTFBqMkxNN0locnJlbk8zeExYYlZIN1ZpMWt5YURIS3lXcDJYRXNBRzNkdE1meWxLSVFFa1oxSi0ydUZqckdIUFJtOE5BZ29mVWswN012MV9sMWtmUEkyR015VzdfR0RHd0tpeHk4?oc=5,google_rss_카카오 노조 when:2d,114.8,71.5,"labor_dispute,labor_negotiation",labor_pay_dispute,카카오,,,Y,must_review:self_strict:labor_compensation:labor_negotiation,,,direct_self_risk,14.0,published_yesterday,direct_risk,global_incident:labor_ir:kakao:labor_ir,vote_or_mediation,Y,"industry_basis_pass:actor=True,change=False,bridge=True",2,,,,114.8,labor_negotiation,self:labor_compensation,global_incident:labor_ir:kakao:labor_ir:conflict_escalation,global_incident:labor_ir:kakao:labor_ir,자사_및_계열사_이슈,SELF_DIRECT_RISK,self_labor,카카오 노조 임단협/파업 및 내부 갈등,카카오 또는 계열사에 직접 발생한 외부 대응 필요 이슈,5,5,5,,,로컬 보조 라벨 / v26: 오늘 새 직접 사건·진전,local_low_confidence,DIRECT_RISK,,,other,,,카카오 노조 임단협/파업 및 내부 갈등,self_labor,,,
169,자사 및 계열사 이슈,자사_및_계열사_이슈,카카오,카카오페이證에 투자매매 허용... IPO 주관·IB로 사업영역 확대,카카오페이 에 투자매매 허용 ipo 주관 ib로 사업영역 확대,파이낸셜뉴스,파이낸셜뉴스,"Mon, 13 Jul 2026 09:05:08 GMT",카카오페이證에 투자매매 허용... IPO 주관·IB로 사업영역 확대 파이낸셜뉴스,https://news.google.com/rss/articles/CBMiWkFVX3lxTFBXSndEem5mWWZKc2dNZEtjNWFaakU3TnF2VTlBd1VsVzdJNG5GOGxQZVhQbnJjTDQwMTZ5ekwyRTJhNkJPWU9GTHUyRDRBeU54NjVmM2k5VXNGdw?oc=5,google_rss_카카오 카카오페이 when:2d,114.8,65.0,strategy_mna_governance,strategy_mna_governance,"카카오,카카오페이",,,Y,must_review:self_strict:strategy_mna:strategy_mna_governance,,,direct_self_risk,14.0,published_yesterday,direct_risk,global_incident:mna_capital:kakao:mna_capital,general,Y,"industry_basis_pass:actor=True,change=True,bridge=True",3,,,,114.8,strategy_mna_governance,self:strategy_mna,global_incident:mna_capital:kakao:mna_capital:general,global_incident:mna_capital:kakao:mna_capital,자사_및_계열사_이슈,SELF_AFFILIATE_BUSINESS,self_strategic_reference,global_incident:mna_capital:kakao:mna_capital,"카카오·계열사의 사업 확장, 제휴, MOU, 신규 서비스 참고 이슈",5,4,5,,,v40: 직접 리스크는 아니지만 자사 사업 확장·제휴성 이슈로 2순위 반영,local_low_confidence,STRATEGIC_REFERENCE,,,other,,,global_incident:mna_capital:kakao:mna_capital,self_strategic_reference,,,
1591,정부/국회,정부_국회,정무위원회,정부 “스테이블코인법 연내 입법”…비트코인 ETF 도입,정부 스테이블코인법 연내 입법 비트코인 etf 도입,edaily.co.kr,이데일리,"Tue, 14 Jul 2026 03:38:56 GMT",정부 “스테이블코인법 연내 입법”…비트코인 ETF 도입 edaily.co.kr,https://news.google.com/rss/articles/CBMigAFBVV95cUxOV3RLMWVRbnVZejh2ZVlKeGpfT0tkc0F0UFlkN3pnRmVRNTI4TkVIdlBjQjNFWHRRd1lvc0VDSlpaMmg1dFM5QmdQMV9rb21tWWdqcTc0WXhDM1VSd3R5Z0tkcDJFNm5SRm13ZHRFRExQdVJoNmlPa3BybXFTSHhDSw?oc=5,google_rss_정무위원회 when:2d,114.6,92.0,"ai_infrastructure_security,digital_asset_stablecoin,policy_legislation,stablecoin",stablecoin_legislation,,,,,,,,general,24.0,published_today,market_commentary,global_incident:digital_asset_policy:digital_asset_sector:stablecoin_policy,general,,"insufficient_industry_basis:actor=False,change=True,bridge=False",1,,,,114.6,"policy_legislation,ai_infrastructure_security,digital_asset_stablecoin",government:digital_asset,global_incident:digital_asset_policy:digital_asset_sector:stablecoin_policy:general,global_incident:digital_asset_policy:digital_asset_sector:stablecoin_policy,정부_국회,GOV_AI_DIGITAL_POLICY,government_ai_core_policy,global_incident:digital_asset_policy:digital_asset_sector:stablecoin_policy,카카오 AI agent/AI 서비스 전략과 연결되는 핵심 정책환경,5,4,5,,,로컬 보조 라벨,local_low_confidence,,GOV_AI_CORE_POLICY,,other,카카오 AI agent/AI 서비스 전략과 연결되는 핵심 정책환경,,global_incident:digital_asset_policy:digital_asset_sector:stablecoin_policy,government_ai_core_policy,,,
1588,정부/국회,정부_국회,정무위원회,"정부, 연내 디지털자산기본법 추진…원화 스테이블코인·비트코인 ETF 제도화 속도",정부 연내 디지털자산기본법 추진 원화 스테이블코인 비트코인 etf 제도화 속도,블루밍비트,블루밍비트,"Tue, 14 Jul 2026 05:00:33 GMT","정부, 연내 디지털자산기본법 추진…원화 스테이블코인·비트코인 ETF 제도화 속도 블루밍비트",https://news.google.com/rss/articles/CBMiUEFVX3lxTE1IVTQzdzlCTk9zVmdJUFp2ZndZdmlTN0V5c1lHNmJKYnA2N0k4UFpsdG05bDdWaHp5Rmw4Y2VKNlJyb2kzeEl2Ym0wRjFOZWpZ?oc=5,google_rss_정무위원회 when:2d,113.6,88.0,"digital_asset_stablecoin,policy_legislation,stablecoin",stablecoin_legislation,,,,,,,,general,24.0,published_today,market_commentary,global_incident:digital_asset_policy:digital_asset_sector:stablecoin_policy,general,,"insufficient_industry_basis:actor=False,change=False,bridge=True",1,,,,113.6,"policy_legislation,digital_asset_stablecoin",government:digital_asset,global_incident:digital_asset_policy:digital_asset_sector:stablecoin_policy:announcement,global_incident:digital_asset_policy:digital_asset_sector:stablecoin_policy,정부_국회,GOV_PLATFORM_REGULATION,government_appointment_governance,global_incident:digital_asset_policy:digital_asset_sector:stablecoin_policy,카카오 플랫폼·AI·대관 대응 경로에 영향을 줄 수 있는 정책/감독 이슈,4,5,4,,,로컬 보조 라벨,local_low_confidence,,GOV_APPOINTMENT_GOVERNANCE,,other,카카오 플랫폼·AI·대관 대응 경로에 영향을 줄 수 있는 정책/감독 이슈,,global_incident:digital_asset_policy:digital_asset_sector:stablecoin_policy,government_appointment_governance,,,
1577,정부/국회,정부_국회,정무위원회,"정부, 디지털자산기본법·비트코인 현물 ETF 연내 추진 공식화…업계는 '또 같은 말'",정부 디지털자산기본법 비트코인 현물 etf 연내 추진 공식화 업계는 또 같은 말,녹색경제신문,녹색경제신문,"Tue, 14 Jul 2026 06:49:16 GMT","정부, 디지털자산기본법·비트코인 현물 ETF 연내 추진 공식화…업계는 '또 같은 말' 녹색경제신문",https://news.google.com/rss/articles/CBMiaEFVX3lxTE9FT1Rka21HemFaMDN4NGZ2T1lpYldfNHlZdlFNN1hnZkROSFQ5SVNWNzczZnY4S0dDYjhpYmFKWVBxeXZwTTc3QUtrTFp5QW81dzVsUWFpUF90dm1sajNvX28tek9lcjdj?oc=5,google_rss_정무위원회 when:2d,113.6,85.0,"digital_asset_stablecoin,policy_legislation,stablecoin",stablecoin_legislation,,,,,,,,general,24.0,published_today,market_commentary,global_incident:digital_asset_policy:digital_asset_sector:digital_asset_policy,general,,"insufficient_industry_basis:actor=False,change=False,bridge=True",1,,,,113.6,"policy_legislation,digital_asset_stablecoin",government:digital_asset,global_incident:digital_asset_policy:digital_asset_sector:digital_asset_policy:announcement,global_incident:digital_asset_policy:digital_asset_sector:digital_asset_policy,정부_국회,GOV_PLATFORM_REGULATION,government_appointment_governance,global_incident:digital_asset_policy:digital_asset_sector:digital_asset_policy,카카오 플랫폼·AI·대관 대응 경로에 영향을 줄 수 있는 정책/감독 이슈,4,5,4,,,로컬 보조 라벨,local_low_confidence,,GOV_APPOINTMENT_GOVERNANCE,,other,카카오 플랫폼·AI·대관 대응 경로에 영향을 줄 수 있는 정책/감독 이슈,,global_incident:digital_asset_policy:digital_asset_sector:digital_asset_policy,government_appointment_governance,,,
1727,정부/국회,정부_국회,스테이블코인,"정부, 디지털자산기본법 하반기 입법…비트코인 ETF 제도화 속도",정부 디지털자산기본법 하반기 입법 비트코인 etf 제도화 속도,네이트,네이트,"Tue, 14 Jul 2026 05:17:00 GMT","정부, 디지털자산기본법 하반기 입법…비트코인 ETF 제도화 속도 네이트",https://news.google.com/rss/articles/CBMiU0FVX3lxTE9WRnJ4ZVBTN1lBX0sxQWIwUjlMNG8zWFh1cDdVMVVsbkVoTmh4RklrcURRLXhUdkw2MFE2VU5WamxaMlBLUWtETlhLU0otdkV1OENz?oc=5,google_rss_스테이블코인 when:2d,113.6,85.0,"digital_asset_stablecoin,policy_legislation,stablecoin",stablecoin_legislation,,,,,,,,general,24.0,published_today,market_commentary,global_incident:digital_asset_policy:digital_asset_sector:digital_asset_policy,general,,"insufficient_industry_basis:actor=False,change=False,bridge=True",1,,,,113.6,"policy_legislation,digital_asset_stablecoin",government:digital_asset,global_incident:digital_asset_policy:digital_asset_sector:digital_asset_policy:general,global_incident:digital_asset_policy:digital_asset_sector:digital_asset_policy,정부_국회,GOV_FINANCIAL_DIGITAL_POLICY,government_digital_finance_policy,global_incident:digital_asset_policy:digital_asset_sector:digital_asset_policy,카카오페이·카카오뱅크 등 금융 계열사에 참고 가능한 디지털금융 정책,3,4,3,,,로컬 보조 라벨,local_low_confidence,,GOV_DIGITAL_FINANCE_POLICY,,other,카카오페이·카카오뱅크 등 금융 계열사에 참고 가능한 디지털금융 정책,,global_incident:digital_asset_policy:digital_asset_sector:digital_asset_policy,government_digital_finance_policy,,,
1752,정부/국회,정부_국회,스테이블코인,"""국채도 토큰으로 거래""…정부, 스테이블코인법 연내 입법 추진",국채도 토큰으로 거래 정부 스테이블코인법 연내 입법 추진,네이트,네이트,"Tue, 14 Jul 2026 04:49:00 GMT","""국채도 토큰으로 거래""…정부, 스테이블코인법 연내 입법 추진 네이트",https://news.google.com/rss/articles/CBMiakFVX3lxTE5fZGVHRWFNX0NqZmhsVkZyOVBQRTd5VVlVMm9vUVJpZTJMN0cwbENiaTZ4SmhiN3VzcE1sOW5nNDExdklFcFRqb2NubVBOaWJxc0NDVFl3Yy03UlVrSWxNenltODVOTXJVSkE?oc=5,google_rss_스테이블코인 when:2d,113.6,85.0,"digital_asset_stablecoin,policy_legislation,stablecoin",stablecoin_legislation,,,,,,,,general,24.0,published_today,general,global_incident:digital_asset_policy:digital_asset_sector:stablecoin_policy,general,,"insufficient_industry_basis:actor=False,change=False,bridge=False",0,,,,113.6,"policy_legislation,digital_asset_stablecoin",government:digital_asset,global_incident:digital_asset_policy:digital_asset_sector:stablecoin_policy:announcement,global_incident:digital_asset_policy:digital_asset_sector:stablecoin_policy,정부_국회,GOV_FINANCIAL_DIGITAL_POLICY,government_digital_finance_policy,global_incident:digital_asset_policy:digital_asset_sector:stablecoin_policy,카카오페이·카카오뱅크 등 금융 계열사에 참고 가능한 디지털금융 정책,3,4,3,,,로컬 보조 라벨,local_low_confidence,,GOV_DIGITAL_FINANCE_POLICY,,other,카카오페이·카카오뱅크 등 금융 계열사에 참고 가능한 디지털금융 정책,,global_incident:digital_asset_policy:digital_asset_sector:stablecoin_policy,government_digital_finance_policy,,,
1694,정부/국회,정부_국회,스테이블코인,"""연내 스테이블코인 입법"" 정부 선언…원화 기축 가상자산 시대 눈앞",연내 스테이블코인 입법 정부 선언 원화 기축 가상자산 시대 눈앞,블록체인투데이,블록체인투데이,"Tue, 14 Jul 2026 04:22:35 GMT","""연내 스테이블코인 입법"" 정부 선언…원화 기축 가상자산 시대 눈앞 블록체인투데이",https://news.google.com/rss/articles/CBMicEFVX3lxTFBObVVIbzNfQUwwdTZhT3ZwUHlicmItT2Vucm11V0RoN1puTGlNcm45QzNReU9yUW5BNzdzUF9HNDE0cHFSeV93cW9ydzBYNVNHWVVNQUFRdk9KTmJ5aFNlNnl1NGx6VU1pSzcwRWxvOUY?oc=5,google_rss_스테이블코인 when:2d,113.6,85.0,"digital_asset_stablecoin,policy_legislation,stablecoin",stablecoin_legislation,,,,,,,,general,24.0,published_today,general,global_incident:digital_asset_policy:digital_asset_sector:stablecoin_policy,general,,"insufficient_industry_basis:actor=False,change=False,bridge=False",0,,,,113.6,"policy_legislation,digital_asset_stablecoin",government:digital_asset,global_incident:digital_asset_policy:digital_asset_sector:stablecoin_policy:general,global_incident:digital_asset_policy:digital_asset_sector:stablecoin_policy,정부_국회,GOV_FINANCIAL_DIGITAL_POLICY,government_digital_finance_policy,global_incident:digital_asset_policy:digital_asset_sector:stablecoin_policy,카카오페이·카카오뱅크 등 금융 계열사에 참고 가능한 디지털금융 정책,3,4,3,,,로컬 보조 라벨,local_low_confidence,,GOV_DIGITAL_FINANCE_POLICY,,other,카카오페이·카카오뱅크 등 금융 계열사에 참고 가능한 디지털금융 정책,,global_incident:digital_asset_policy:digital_asset_sector:stablecoin_policy,government_digital_finance_policy,,,
1705,정부/국회,정부_국회,스테이블코인,"정부, 디지털자산기본법 하반기 입법… 국채 토큰화 추진",정부 디지털자산기본법 하반기 입법 국채 토큰화 추진,IT조선,IT조선,"Tue, 14 Jul 2026 04:04:08 GMT","정부, 디지털자산기본법 하반기 입법… 국채 토큰화 추진 IT조선",https://news.google.com/rss/articles/CBMicEFVX3lxTE1zdmo1TUdzLUh0OGxEMWJFWlBYUXZ1amlOOFp5YlVka0Q1YzFoT1FJaWIxTmxYMkctUWNJTk12YldKd3Vkc1FlRlQ1cGZxZGtCa0lSVTFrLU9LODJ6ai1PMi1nYklWUVMyNFEzX1RGbW_SAXRBVV95cUxOYVZGTG5tV1NORjVaT2M0enNrTVBaVTQ0dEs3X1EtQUlFdVVuUXYybjUwXzR1dkR4SGZ4S0l3OHZnNnpqWVlxdXJnUXQyWGxLblB3WW1oa0F1MFFoVTJ6d1F5b044MC1GenVjMnVaNGxfWkFrTA?oc=5,google_rss_스테이블코인 when:2d,113.6,85.0,"digital_asset_stablecoin,policy_legislation,stablecoin",stablecoin_legislation,,,,,,,,general,24.0,published_today,general,global_incident:digital_asset_policy:digital_asset_sector:digital_asset_policy,general,,"insufficient_industry_basis:actor=False,change=False,bridge=True",1,,,,113.6,"policy_legislation,digital_asset_stablecoin",government:digital_asset,global_incident:digital_asset_policy:digital_asset_sector:digital_asset_policy:announcement,global_incident:digital_asset_policy:digital_asset_sector:digital_asset_policy,정부_국회,GOV_FINANCIAL_DIGITAL_POLICY,government_digital_finance_policy,global_incident:digital_asset_policy:digital_asset_sector:digital_asset_policy,카카오페이·카카오뱅크 등 금융 계열사에 참고 가능한 디지털금융 정책,3,4,3,,,로컬 보조 라벨,local_low_confidence,,GOV_DIGITAL_FINANCE_POLICY,,other,카카오페이·카카오뱅크 등 금융 계열사에 참고 가능한 디지털금융 정책,,global_incident:digital_asset_policy:digital_asset_sector:digital_asset_policy,government_digital_finance_policy,,,
1793,정부/국회,정부_국회,스테이블코인,"정부, 디지털자산기본법 연내 입법 추진…현물 ETF 제도화도 지원",정부 디지털자산기본법 연내 입법 추진 현물 etf 제도화도 지원,네이트,네이트,"Tue, 14 Jul 2026 02:43:00 GMT","정부, 디지털자산기본법 연내 입법 추진…현물 ETF 제도화도 지원 네이트",https://news.google.com/rss/articles/CBMiU0FVX3lxTE1uQk1DRFU4QzM0bGtVZnYyYnltbW9NYWhMV2xDM2Y4NU1sT2prV3JzYmFkbUY3M0NBYjYtN1dhNklhS2x5NnF4bVhYWjNxUFJmYUU0?oc=5,google_rss_스테이블코인 스테이블코인 when:2d,113.6,85.0,"digital_asset_stablecoin,policy_legislation,stablecoin",stablecoin_legislation,,,,,,,,general,24.0,published_today,market_commentary,global_incident:digital_asset_policy:digital_asset_sector:digital_asset_policy,general,,"insufficient_industry_basis:actor=False,change=False,bridge=True",1,,,,113.6,"policy_legislation,digital_asset_stablecoin",government:digital_asset,global_incident:digital_asset_policy:digital_asset_sector:digital_asset_policy:announcement,global_incident:digital_asset_policy:digital_asset_sector:digital_asset_policy,정부_국회,GOV_FINANCIAL_DIGITAL_POLICY,government_digital_finance_policy,global_incident:digital_asset_policy:digital_asset_sector:digital_asset_policy,카카오페이·카카오뱅크 등 금융 계열사에 참고 가능한 디지털금융 정책,3,4,3,,,로컬 보조 라벨,local_low_confidence,,GOV_DIGITAL_FINANCE_POLICY,,other,카카오페이·카카오뱅크 등 금융 계열사에 참고 가능한 디지털금융 정책,,global_incident:digital_asset_policy:digital_asset_sector:digital_asset_policy,government_digital_finance_policy,,,
323,자사 및 계열사 이슈,자사_및_계열사_이슈,카카오페이,"카카오페이증권, IPO 주관 등 영역 확대... 투자매매업 인가 취득 - 머니투데이",카카오페이증권 ipo 주관 등 영역 확대 투자매매업 인가 취득,머니투데이,머니투데이,"Mon, 13 Jul 2026 04:55:59 GMT","카카오페이증권, IPO 주관 등 영역 확대... 투자매매업 인가 취득 - 머니투데이 머니투데이",https://news.google.com/rss/articles/CBMibkFVX3lxTFBvMC1IQU15ektJTmduZ3hPOVhBZk1xSklRM3JtOTVpNDN1dUtiUjdHWVVIQVdTQ0s0TWZPbjUzeWE0dFE4SndrVnpMOEczdnA1LXhaUE81Rm5FNEJSWEh0ZTBLS05FWjRGVDN2alBR0gFuQVVfeXFMUG8wLUhBTXl6S0lOZ25neE85WEFmTXFKSVEzcm05NWk0M3V1S2JSN0dZVUhBV1NDSzRNZk9uNTN5YTR0UThKd2tWekw4RzN2cDUteFpQTzVGbkU0QlJYSHRlMEtLTkVaNEZUM3ZqUFE?oc=5,google_rss_카카오페이 when:2d,112.8,65.0,strategy_mna_governance,strategy_mna_governance,"카카오,카카오페이",,,Y,must_review:self_strict:strategy_mna:strategy_mna_governance,,,direct_self_risk,14.0,published_yesterday,direct_risk,global_incident:mna_capital:kakao:mna_capital,general,Y,"industry_basis_pass:actor=True,change=True,bridge=True",3,,,,112.8,strategy_mna_governance,self:strategy_mna,global_incident:mna_capital:kakao:mna_capital:general,global_incident:mna_capital:kakao:mna_capital,자사_및_계열사_이슈,SELF_AFFILIATE_BUSINESS,self_strategic_reference,global_incident:mna_capital:kakao:mna_capital,"카카오·계열사의 사업 확장, 제휴, MOU, 신규 서비스 참고 이슈",5,4,5,,,v40: 직접 리스크는 아니지만 자사 사업 확장·제휴성 이슈로 2순위 반영,local_low_confidence,STRATEGIC_REFERENCE,,,other,,,global_incident:mna_capital:kakao:mna_capital,self_strategic_reference,,,
106,자사 및 계열사 이슈,자사_및_계열사_이슈,카카오,"카카오 노조, 21일 판교 사옥서 피켓팅...임단협 갈등 장기화",카카오 노조 21일 판교 사옥서 피켓팅 임단협 갈등 장기화,메트로신문,메트로신문,"Mon, 13 Jul 2026 06:12:53 GMT","카카오 노조, 21일 판교 사옥서 피켓팅...임단협 갈등 장기화 메트로신문",https://news.google.com/rss/articles/CBMiYEFVX3lxTE5Pa2twUS00TFBTWnBmb1V0RzdQLXlNd0tJNmZsQ2I1MnNHaGhvVi1pNkxCUWFvWDkyczgyNUIxOW4xaGloOUtnZ3k1aElJNDh3ZG5kaUIxT2ZFWS10Y1ZJeA?oc=5,google_rss_카카오 노조 when:2d,111.8,86.5,"labor_dispute,labor_negotiation",labor_general,카카오,,,Y,must_review:self_strict:labor_strike:labor_negotiation,,,direct_self_risk,14.0,published_yesterday,direct_risk,global_incident:labor_ir:kakao:labor_ir,vote_or_mediation,Y,"industry_basis_pass:actor=True,change=False,bridge=True",2,,,,111.8,labor_negotiation,self:labor_strike,global_incident:labor_ir:kakao:labor_ir:conflict_escalation,global_incident:labor_ir:kakao:labor_ir,자사_및_계열사_이슈,SELF_DIRECT_RISK,self_labor,카카오 노조 임단협/파업 및 내부 갈등,카카오 또는 계열사에 직접 발생한 외부 대응 필요 이슈,5,5,5,,,로컬 보조 라벨 / v26: 오늘 새 직접 사건·진전,local_low_confidence,DIRECT_RISK,,,other,,,카카오 노조 임단협/파업 및 내부 갈등,self_labor,,,
129,자사 및 계열사 이슈,자사_및_계열사_이슈,카카오,"공모주 청약 품을 채비···카카오페이證, 인수업 문턱 넘었다",공모주 청약 품을 채비 카카오페이 인수업 문턱 넘었다,여성경제신문,여성경제신문,"Mon, 13 Jul 2026 07:57:13 GMT","공모주 청약 품을 채비···카카오페이證, 인수업 문턱 넘었다 여성경제신문",https://news.google.com/rss/articles/CBMic0FVX3lxTE5sd2ZETTc2eERWVlBuaEJzemlkdEY4aDRmNFF3aHF0b3BCczJtbmRzak0yZFRMNG9ub0FteE5vWWMxOURvR0U0YXlHVllSSmV4SnlENmpQQ3NGU205MmZjWXlWMXFtbjNJSGs3cmJzaVFFZ2_SAXdBVV95cUxObmpqck9jQTgtMnNSNGNRbzhQTjlpSkgxRnFzR21XVkRhTlktZ2hCeERscTRkQWFMcnZ4Q0JsTno2cG1sVlN1eUx3c0tYQzBDX280OW9mdmZHODkxcXc2Y05LX25QTWNGTnRWNl9WNDZ1QWxuR1FPNA?oc=5,google_rss_카카오 매각 when:2d,111.8,80.0,strategy_mna_governance,strategy_mna_governance,"카카오,카카오페이",,,Y,must_review:self_strict:strategy_mna:strategy_mna_governance,,,direct_self_risk,14.0,published_yesterday,direct_risk,global_incident:mna_capital:kakao:mna_capital,general,Y,"industry_basis_pass:actor=True,change=True,bridge=True",3,,,,111.8,strategy_mna_governance,self:strategy_mna,global_incident:mna_capital:kakao:mna_capital:general,global_incident:mna_capital:kakao:mna_capital,자사_및_계열사_이슈,SELF_DIRECT_RISK,self_governance_mna,global_incident:mna_capital:kakao:mna_capital,카카오 또는 계열사에 직접 발생한 외부 대응 필요 이슈,5,5,5,,,로컬 보조 라벨 / v26: 오늘 새 직접 사건·진전,local_low_confidence,DIRECT_RISK,,,other,,,global_incident:mna_capital:kakao:mna_capital,self_governance_mna,,,
101,자사 및 계열사 이슈,자사_및_계열사_이슈,카카오,"카카오 노조, 21일 피켓팅 시위…노사 교섭 장기화",카카오 노조 21일 피켓팅 시위 노사 교섭 장기화,아주경제,아주경제,"Mon, 13 Jul 2026 07:50:04 GMT","카카오 노조, 21일 피켓팅 시위…노사 교섭 장기화 아주경제",https://news.google.com/rss/articles/CBMiWEFVX3lxTE9TWU1aN010SV9oeThqMXJDWW11aW82WnhxYlktNHA4Y0RrYWw3eDM1T2t0Q21kRkZpT0dtT0xqVjlnMHZ4UElpWmlRcnhZVVNUS1VBczVXQTbSAVhBVV95cUxPU1lNWjdNdElfaHk4ajFyQ1ltdWlvNlp4cWJZLTRwOGNEa2FsN3gzNU9rdENtZEZGaU9HbU9MalY5ZzB2eFBJaVppUXJ4WVVTVEtVQXM1V0E2?oc=5,google_rss_카카오 노조 when:2d,111.8,71.5,"labor_dispute,labor_negotiation",labor_general,카카오,,,Y,must_review:self_strict:labor_strike:labor_negotiation,,,direct_self_risk,14.0,published_yesterday,direct_risk,global_incident:labor_ir:kakao:labor_ir,vote_or_mediation,Y,"industry_basis_pass:actor=True,change=False,bridge=True",2,,,,111.8,labor_negotiation,self:labor_strike,global_incident:labor_ir:kakao:labor_ir:conflict_escalation,global_incident:labor_ir:kakao:labor_ir,자사_및_계열사_이슈,SELF_DIRECT_RISK,self_labor,카카오 노조 임단협/파업 및 내부 갈등,카카오 또는 계열사에 직접 발생한 외부 대응 필요 이슈,5,5,5,,,로컬 보조 라벨 / v26: 오늘 새 직접 사건·진전,local_low_confidence,DIRECT_RISK,,,other,,,카카오 노조 임단협/파업 및 내부 갈등,self_labor,,,
105,자사 및 계열사 이슈,자사_및_계열사_이슈,카카오,"카카오 노조, 21일 사내 피켓팅 예고…임금 교섭 갈등 지속",카카오 노조 21일 사내 피켓팅 예고 임금 교섭 갈등 지속,이지경제,이지경제,"Mon, 13 Jul 2026 07:17:28 GMT","카카오 노조, 21일 사내 피켓팅 예고…임금 교섭 갈등 지속 이지경제",https://news.google.com/rss/articles/CBMibkFVX3lxTE9jZFVGUkRzeURlTXhocVVkd3BseHNZUlRCM2hRbEhCU2k2MVJzQ18zb2JSZkRfRjZtQXZxVnZ4QjRxTzlkUkQycE41dWtWMkVQRU5CcXFEWlNMSG5HcnlwNlRiMWdHZGpuUDVROXVR?oc=5,google_rss_카카오 노조 when:2d,111.8,71.5,"labor_dispute,labor_negotiation",labor_pay_dispute,카카오,,,Y,must_review:self_strict:labor_compensation:labor_negotiation,,,direct_self_risk,14.0,published_yesterday,direct_risk,global_incident:labor_ir:kakao:labor_ir,vote_or_mediation,Y,"industry_basis_pass:actor=True,change=False,bridge=True",2,,,,111.8,labor_negotiation,self:labor_compensation,global_incident:labor_ir:kakao:labor_ir:conflict_escalation,global_incident:labor_ir:kakao:labor_ir,자사_및_계열사_이슈,SELF_DIRECT_RISK,self_labor,카카오 노조 임단협/파업 및 내부 갈등,카카오 또는 계열사에 직접 발생한 외부 대응 필요 이슈,5,5,5,,,로컬 보조 라벨 / v26: 오늘 새 직접 사건·진전,local_low_confidence,DIRECT_RISK,,,other,,,카카오 노조 임단협/파업 및 내부 갈등,self_labor,,,
91,자사 및 계열사 이슈,자사_및_계열사_이슈,카카오,피케팅 시위 예고한 카카오 노조...카뱅도 노사 협상 결렬,피케팅 시위 예고한 카카오 노조 카뱅도 노사 협상 결렬,디일렉,디일렉,"Mon, 13 Jul 2026 07:08:30 GMT",피케팅 시위 예고한 카카오 노조...카뱅도 노사 협상 결렬 디일렉,https://news.google.com/rss/articles/CBMiZkFVX3lxTE4xakxRZUdFc3RoNk1sQlByT3l6eVhiR3lvX0FsYnlzVHRWV0Y1U250eUxUUHBpZmE3eE9YcEZheE0tYl93RUVCSnJqR2k1N3gwYVFTd3pQUHhHQWtvTmY5QmYwaURBUQ?oc=5,google_rss_카카오 when:2d,111.8,71.5,"labor_dispute,labor_negotiation",labor_general,카카오,,,Y,must_review:self_strict:labor_strike:labor_negotiation,,,direct_self_risk,14.0,published_yesterday,direct_risk,global_incident:labor_ir:kakao:labor_ir,review_scheduled,Y,"industry_basis_pass:actor=True,change=False,bridge=True",2,,,,111.8,labor_negotiation,self:labor_strike,global_incident:labor_ir:kakao:labor_ir:conflict_escalation,global_incident:labor_ir:kakao:labor_ir,자사_및_계열사_이슈,SELF_DIRECT_RISK,self_labor,카카오 노조 임단협/파업 및 내부 갈등,카카오 또는 계열사에 직접 발생한 외부 대응 필요 이슈,5,5,5,,,로컬 보조 라벨 / v26: 오늘 새 직접 사건·진전,local_low_confidence,DIRECT_RISK,,,other,,,카카오 노조 임단협/파업 및 내부 갈등,self_labor,,,
108,자사 및 계열사 이슈,자사_및_계열사_이슈,카카오,"카카오 노조, 21일 점심 피켓팅…성과보상 갈등 지속",카카오 노조 21일 점심 피켓팅 성과보상 갈등 지속,포쓰저널,포쓰저널,"Mon, 13 Jul 2026 06:20:31 GMT","카카오 노조, 21일 점심 피켓팅…성과보상 갈등 지속 포쓰저널",https://news.google.com/rss/articles/CBMiZEFVX3lxTE53QjVqX2UtVDlENTNWWW5lSU5FRkZ0Sm9Mb2hkRGdKN2FONjhSTGh4bjg4NW5ETjR2UGVFRkJFWi1PLVhUWHZZb2FmaVI2dVFPTmVrUDhZWU9mZ3NuQTUxekE3WnY?oc=5,google_rss_카카오 노조 when:2d,111.8,71.5,"labor_dispute,labor_negotiation",labor_general,카카오,,,Y,must_review:self_strict:labor_compensation:labor_negotiation,,,direct_self_risk,14.0,published_yesterday,direct_risk,global_incident:labor_ir:kakao:labor_ir,general,Y,"industry_basis_pass:actor=True,change=False,bridge=True",2,,,,111.8,labor_negotiation,self:labor_compensation,global_incident:labor_ir:kakao:labor_ir:conflict_escalation,global_incident:labor_ir:kakao:labor_ir,자사_및_계열사_이슈,SELF_DIRECT_RISK,self_labor,카카오 노조 임단협/파업 및 내부 갈등,카카오 또는 계열사에 직접 발생한 외부 대응 필요 이슈,5,5,5,,,로컬 보조 라벨 / v26: 오늘 새 직접 사건·진전,local_low_confidence,DIRECT_RISK,,,other,,,카카오 노조 임단협/파업 및 내부 갈등,self_labor,,,
322,자사 및 계열사 이슈,자사_및_계열사_이슈,카카오페이,"카카오페이증권, 투자매매업 인가 획득…IPO·공모주 사업 진출 기반 마련",카카오페이증권 투자매매업 인가 획득 ipo 공모주 사업 진출 기반 마련,코리아리포트,코리아리포트,"Mon, 13 Jul 2026 09:08:34 GMT","카카오페이증권, 투자매매업 인가 획득…IPO·공모주 사업 진출 기반 마련 코리아리포트",https://news.google.com/rss/articles/CBMicEFVX3lxTE9EOEdmYnhDLTVmdlJRMzlLZ1Etc0pBS3lyUkF4S25xNjZNRkNreGUzaHlJQWd5bm1wNDJ3YzFseExFMGtXUUNLcEoyU09vTzhZX3V6T1Y5YU83bTZNOHRQclBSY2NqNk9FTVdSTVZidV8?oc=5,google_rss_카카오페이 when:2d,111.8,65.0,strategy_mna_governance,strategy_mna_governance,"카카오,카카오페이",,,Y,must_review:self_strict:strategy_mna:strategy_mna_governance,,,direct_self_risk,14.0,published_yesterday,analysis_with_direct_risk,global_incident:mna_capital:kakao:mna_capital,general,Y,"industry_basis_pass:actor=True,change=True,bridge=True",3,,,,111.8,strategy_mna_governance,self:strategy_mna,global_incident:mna_capital:kakao:mna_capital:general,global_incident:mna_capital:kakao:mna_capital,자사_및_계열사_이슈,SELF_AFFILIATE_BUSINESS,self_strategic_reference,global_incident:mna_capital:kakao:mna_capital,"카카오·계열사의 사업 확장, 제휴, MOU, 신규 서비스 참고 이슈",5,4,5,,,v40: 직접 리스크는 아니지만 자사 사업 확장·제휴성 이슈로 2순위 반영,local_low_confidence,STRATEGIC_REFERENCE,,,other,,,global_incident:mna_capital:kakao:mna_capital,self_strategic_reference,,,
1084,정부/국회,정부_국회,금융감독원,"금감원, 조사·회계 확대 AI·소비자보호는 숙제…조직개편 밑그림",금감원 조사 회계 확대 ai 소비자보호는 숙제 조직개편 밑그림,v.daum.net,v.daum.net,"Tue, 14 Jul 2026 05:49:28 GMT","금감원, 조사·회계 확대 AI·소비자보호는 숙제…조직개편 밑그림 v.daum.net",https://news.google.com/rss/articles/CBMiT0FVX3lxTFBDSktIYnNSUVJBNnJGTWY0VzhpamRtZGFEaDlSSDJjYkV6eUVRMkh4Sk5qaW04M1lKNklQOXpwVml5Z25Cb3ZzNThkOWRhZlU?oc=5,google_rss_금융감독원 when:2d,111.6,110.5,ai_infrastructure_security,ai_infrastructure_security,금감원,,Y,,,,government:platform_obligation,platform_operator_obligation,24.0,published_today,official_action,global_incident:platform_regulation:financial_authority:platform_transaction_user_protection_obligation,general,,"insufficient_industry_basis:actor=False,change=True,bridge=False",1,,,,111.6,ai_infrastructure_security,government:platform_obligation,global_incident:platform_regulation:financial_authority:platform_transaction_user_protection_obligation:executive_or_org_change,global_incident:platform_regulation:financial_authority:platform_transaction_user_protection_obligation,정부_국회,SELF_AFFILIATE_BUSINESS,self_filler_reference,global_incident:platform_regulation:financial_authority:platform_transaction_user_protection_obligation,카카오 AI agent/AI 서비스 전략과 연결되는 핵심 정책환경,2,2,5,,,v26: 카카오 직접 주체가 없어 자사 섹션 제외/재분류,local_low_confidence,OFF_TOPIC,GOV_AI_CORE_POLICY,,other,카카오 AI agent/AI 서비스 전략과 연결되는 핵심 정책환경,,global_incident:platform_regulation:financial_authority:platform_transaction_user_protection_obligation,self_filler_reference,,,
374,정부/국회,정부_국회,과학기술정보통신부,"과기정통부 확인 AI 제품, 공공조달서 우대…구직자도 AI 비용 지원",과기정통부 확인 ai 제품 공공조달서 우대 구직자도 ai 비용 지원,뉴시스,뉴시스,"Tue, 14 Jul 2026 06:15:14 GMT","과기정통부 확인 AI 제품, 공공조달서 우대…구직자도 AI 비용 지원 뉴시스",https://news.google.com/rss/articles/CBMiYEFVX3lxTE5sdTRFNzNYZ185eE13Tm9HYl9uUkhFZ1Z5a19YUGFxaW9XTTE1SEVNanFDS09UNGZyNU5BWjRpMWVlLVJqbHBHVk5DX0dyLUZwLTFTTUYyLWI4SENfajRGZ9IBeEFVX3lxTE5ydzFqVVphdWU3RXhMYW5NRWNwQ0JITG9fVm5obkE3ZTkydmJlY1hnQXdfdmVmQldpN2xudUd4NlIxZWh4WGMxeTUweGxzSklSLTFZV0c5V2dLMDFTRzZXQk4wejktbl8tRnBWOXRLdC05cGhWN3RMVQ?oc=5,google_rss_과학기술정보통신부 when:2d,111.6,45.5,ai_infrastructure_security,ai_infrastructure_security,과기정통부,,,,,,,general,24.0,published_today,business_change,event:과기정통부:ai_infrastructure_security,general,,"insufficient_industry_basis:actor=False,change=False,bridge=False",0,,,,111.6,ai_infrastructure_security,government:tech_security_policy,,,정부_국회,GOV_AI_DIGITAL_POLICY,government_ai_core_policy,government_ai_core_policy:과기정통부 확인 ai 제품 공공조달서 우대 구직자도 ai 비용 지원,카카오 AI agent/AI 서비스 전략과 연결되는 핵심 정책환경,5,4,5,,,로컬 보조 라벨,local_low_confidence,,GOV_AI_CORE_POLICY,,other,카카오 AI agent/AI 서비스 전략과 연결되는 핵심 정책환경,,government_ai_core_policy:과기정통부 확인 ai 제품 공공조달서 우대 구직자도 ai 비용 지원,government_ai_core_policy,,,
321,자사 및 계열사 이슈,자사_및_계열사_이슈,카카오페이,"""IPO 주관 길 열렸다""…카카오페이증권, 투자매매업 인가 획득",ipo 주관 길 열렸다 카카오페이증권 투자매매업 인가 획득,SBS Biz,SBS Biz,"Mon, 13 Jul 2026 00:58:00 GMT","""IPO 주관 길 열렸다""…카카오페이증권, 투자매매업 인가 획득 SBS Biz",https://news.google.com/rss/articles/CBMiU0FVX3lxTE1lVEtERVhMdHpFWXV3NnlFc01kcjM4WUloQ0x1WGk0Y0ROcmoyXy1FR1FHcFVMdG8yR1U1QTlvTlhpcVBXa0NreUhVME1paDJXR0lZ?oc=5,google_rss_카카오페이 when:2d,110.8,65.0,strategy_mna_governance,strategy_mna_governance,"카카오,카카오페이",,,Y,must_review:self_strict:strategy_mna:strategy_mna_governance,,,direct_self_risk,14.0,published_yesterday,direct_risk,global_incident:mna_capital:kakao:mna_capital,general,Y,"industry_basis_pass:actor=True,change=True,bridge=True",3,,,,110.8,strategy_mna_governance,self:strategy_mna,global_incident:mna_capital:kakao:mna_capital:general,global_incident:mna_capital:kakao:mna_capital,자사_및_계열사_이슈,SELF_AFFILIATE_BUSINESS,self_strategic_reference,global_incident:mna_capital:kakao:mna_capital,"카카오·계열사의 사업 확장, 제휴, MOU, 신규 서비스 참고 이슈",5,4,5,,,v40: 직접 리스크는 아니지만 자사 사업 확장·제휴성 이슈로 2순위 반영,local_low_confidence,STRATEGIC_REFERENCE,,,other,,,global_incident:mna_capital:kakao:mna_capital,self_strategic_reference,,,
396,정부/국회,정부_국회,과학기술정보통신부,"과기정통부, AI 데이터센터 구축 전방위 지원…관계부처 TF 가동",과기정통부 ai 데이터센터 구축 전방위 지원 관계부처 tf 가동,디지털투데이,디지털투데이,"Tue, 14 Jul 2026 07:18:38 GMT","과기정통부, AI 데이터센터 구축 전방위 지원…관계부처 TF 가동 디지털투데이",https://news.google.com/rss/articles/CBMic0FVX3lxTE90NlZPbkdYOWpGemtiVUpYdVlfMGJtVTV5c3ZYWUZWRm51NWw4Y0xBSlVGT1d0N0x3MGRmaU9reHVtbW9wamMzZHlkYTctbkJ1RXpsUjNMX0ZNUmYtZ0F5bDBFZXBoTTJPTnZLTlFPM2hLM0U?oc=5,google_rss_과학기술정보통신부 when:2d,110.6,55.5,"ai_infrastructure_security,aidc_datacenter",aidc_general,과기정통부,,,,,,,general,24.0,published_today,business_change,event:과기정통부:ai_infrastructure_security+aidc_datacenter,action_started,Y,"industry_basis_pass:actor=True,change=True,bridge=True",3,,,,110.6,ai_infrastructure_security,government:tech_security_policy,,,정부_국회,GOV_AI_DIGITAL_POLICY,government_ai_core_policy,국가 AI 인프라/AIDC/GPU 정책,카카오 AI agent/AI 서비스 전략과 연결되는 핵심 정책환경,5,4,5,,,로컬 보조 라벨,local_low_confidence,,GOV_AI_CORE_POLICY,,other,카카오 AI agent/AI 서비스 전략과 연결되는 핵심 정책환경,,국가 AI 인프라/AIDC/GPU 정책,government_ai_core_policy,,,
420,정부/국회,정부_국회,과학기술정보통신부,"[비용·용량 제한 없다… 정부가 직접 행정 신청까지 돕는 '공공 AI 서비스' 구축""] 과기정통부, '모두의 AI' 사업 공모 시작… 9월 베타서비스 거쳐 연내 정식 출시",비용 용량 제한 없다 정부가 직접 행정 신청까지 돕는 공공 ai 서비스 구축 과기정통부 모두의 ai 사업 공모 시작 9월 베타서비스 거쳐 연내 정식 출시,AI넷,AI넷,"Tue, 14 Jul 2026 02:23:10 GMT","[비용·용량 제한 없다… 정부가 직접 행정 신청까지 돕는 '공공 AI 서비스' 구축""] 과기정통부, '모두의 AI' 사업 공모 시작… 9월 베타서비스 거쳐 연내 정식 출시 AI넷",https://news.google.com/rss/articles/CBMiQEFVX3lxTE9Qa0pmTFRpT1RYb3pCQmlSUlpydnBjVGF0UGFFeENNVHBrUEFSMkFDRTBJQmtFZmZkWENLam92em4?oc=5,google_rss_과학기술정보통신부 when:2d,110.6,52.5,"ai_infrastructure_security,government_ai",ai_infrastructure_security,과기정통부,,,,,,,general,24.0,published_today,business_change,event:과기정통부:ai_infrastructure_security+government_ai,general,,"weak_form_without_full_basis:actor=False,change=True,bridge=False",1,,,,110.6,ai_infrastructure_security,government:tech_security_policy,,,정부_국회,GOV_AI_DIGITAL_POLICY,government_ai_core_policy,government_ai_core_policy:비용 용량 제한 없다 정부가 직접 행정 신청까지 돕는 공공 ai 서비스 구축 과기정통부 모두의 ai 사업 공,카카오 AI agent/AI 서비스 전략과 연결되는 핵심 정책환경,5,4,5,,,로컬 보조 라벨,local_low_confidence,,GOV_AI_CORE_POLICY,,other,카카오 AI agent/AI 서비스 전략과 연결되는 핵심 정책환경,,government_ai_core_policy:비용 용량 제한 없다 정부가 직접 행정 신청까지 돕는 공공 ai 서비스 구축 과기정통부 모두의 ai 사업 공,government_ai_core_policy,,,
1842,정부/국회,정부_국회,국가AI전략위원회,"AI 데이터센터 국가 인프라로…정부, 공급망 전면 점검",ai 데이터센터 국가 인프라로 정부 공급망 전면 점검,v.daum.net,v.daum.net,"Tue, 14 Jul 2026 05:45:08 GMT","AI 데이터센터 국가 인프라로…정부, 공급망 전면 점검 v.daum.net",https://news.google.com/rss/articles/CBMiT0FVX3lxTE1sUUZTOEFnYzV3MmpzbGdwREJPOFJ5ZS1yNkNnbE9WWE5Oa1hhMmVfV1dEb05sWUs5Zk5CcGpYelNHTi1sVmd3anYzVklaYlk?oc=5,google_rss_국가AI전략위원회 when:2d,110.6,50.0,"ai_infrastructure_security,aidc_datacenter",aidc_general,,,,,,,,general,24.0,published_today,official_action,,investigation,Y,"industry_basis_pass:actor=True,change=True,bridge=True",3,,,,110.6,"policy_legislation,ai_infrastructure_security",government:tech_security_policy,,,정부_국회,SELF_AFFILIATE_BUSINESS,self_filler_reference,AI 정책 컨트롤타워 인선/공백,카카오 AI agent/AI 서비스 전략과 연결되는 핵심 정책환경,2,2,5,,,v26: 카카오 직접 주체가 없어 자사 섹션 제외/재분류,local_low_confidence,OFF_TOPIC,GOV_AI_CORE_POLICY,,other,카카오 AI agent/AI 서비스 전략과 연결되는 핵심 정책환경,,AI 정책 컨트롤타워 인선/공백,self_filler_reference,,,
1841,정부/국회,정부_국회,국가AI전략위원회,"AI 데이터센터 국가 인프라로…정부, 공급망 전면 점검",ai 데이터센터 국가 인프라로 정부 공급망 전면 점검,네이트,네이트,"Tue, 14 Jul 2026 05:40:00 GMT","AI 데이터센터 국가 인프라로…정부, 공급망 전면 점검 네이트",https://news.google.com/rss/articles/CBMiU0FVX3lxTFBaMEdFQ1dQeE13YUpXVkU4OV9SN3FicTVqYVc0cmxXTFhSeFIzcjN6R3BSU25zRUtPOVRGc0JjNkZsckk5SS1YekRYMzFvcTFrazk0?oc=5,google_rss_국가AI전략위원회 when:2d,110.6,50.0,"ai_infrastructure_security,aidc_datacenter",aidc_general,,,,,,,,general,24.0,published_today,official_action,,investigation,Y,"industry_basis_pass:actor=True,change=True,bridge=True",3,,,,110.6,"policy_legislation,ai_infrastructure_security",government:tech_security_policy,,,정부_국회,GOV_AI_DIGITAL_POLICY,government_ai_core_policy,AI 정책 컨트롤타워 인선/공백,카카오 AI agent/AI 서비스 전략과 연결되는 핵심 정책환경,5,4,5,,,로컬 보조 라벨,local_low_confidence,,GOV_AI_CORE_POLICY,,other,카카오 AI agent/AI 서비스 전략과 연결되는 핵심 정책환경,,AI 정책 컨트롤타워 인선/공백,government_ai_core_policy,,,
1520,정부/국회,정부_국회,과학기술정보통신위원회,"송기헌 국회 과방위원장, 15일 ‘AI 시대 의료혁신 생태계와 미래도시 전략’ 포럼 개최",송기헌 국회 과방위원장 15일 ai 시대 의료혁신 생태계와 미래도시 전략 포럼 개최,강원도민일보,강원도민일보,"Tue, 14 Jul 2026 04:19:24 GMT","송기헌 국회 과방위원장, 15일 ‘AI 시대 의료혁신 생태계와 미래도시 전략’ 포럼 개최 강원도민일보",https://news.google.com/rss/articles/CBMiZ0FVX3lxTE9YMnU5Y3BpQTNGTUdaOVVKZ1p6cHhjcVJ3d2FhWjdjTFE1cmx2S2I5clJZSGdRQVVLc0JadTMyU0tGOWI0Z0cxT2RPTFgydC1wY2FHNGZRbnB2UXlYX3k1ZG53U2hfMzQ?oc=5,google_rss_과학기술정보통신위원회 when:2d,110.6,50.0,"ai_infrastructure_security,policy_legislation",ai_infrastructure_security,,,,,,,,general,24.0,published_today,business_change,,general,,"insufficient_industry_basis:actor=False,change=True,bridge=False",1,,,,110.6,"policy_legislation,ai_infrastructure_security",government:tech_security_policy,,,정부_국회,GOV_AI_DIGITAL_POLICY,government_ai_core_policy,government_ai_core_policy:송기헌 국회 과방위원장 15일 ai 시대 의료혁신 생태계와 미래도시 전략 포럼 개최,카카오 AI agent/AI 서비스 전략과 연결되는 핵심 정책환경,5,4,5,,,로컬 보조 라벨,local_low_confidence,,GOV_AI_CORE_POLICY,,other,카카오 AI agent/AI 서비스 전략과 연결되는 핵심 정책환경,,government_ai_core_policy:송기헌 국회 과방위원장 15일 ai 시대 의료혁신 생태계와 미래도시 전략 포럼 개최,government_ai_core_policy,,,
204,자사 및 계열사 이슈,자사_및_계열사_이슈,카카오,"카카오페이증권, 투자매매업 인가 획득...“IPO 주관사 가능”",카카오페이증권 투자매매업 인가 획득 ipo 주관사 가능,edaily.co.kr,이데일리,"Sun, 12 Jul 2026 23:58:39 GMT","카카오페이증권, 투자매매업 인가 획득...“IPO 주관사 가능” edaily.co.kr",https://news.google.com/rss/articles/CBMigAFBVV95cUxNM0lxR3d4YUJOOGVBWG9iMW44aUZXQy1aU3NpcWF5c1JtRVFvZi1LY0VXTzV2T2NrQjJ0OUU5T3pxejZtYTh5YzlMRHpGMWVzVEJ1ekMyNDVZQ0lTblFYaVZSX1UyWFdIU3J0R21FWTdTWTJJS1BFSmdIWmVBT0U0Vg?oc=5,google_rss_카카오 카카오페이 when:2d,109.8,84.0,"ai_infrastructure_security,strategy_mna_governance",ai_infrastructure_security,"카카오,카카오페이",,,Y,must_review:self_strict:strategy_mna:strategy_mna_governance,,,direct_self_risk,14.0,published_yesterday,direct_risk,global_incident:mna_capital:kakao:mna_capital,general,Y,"industry_basis_pass:actor=True,change=True,bridge=True",3,,,,109.8,"strategy_mna_governance,ai_infrastructure_security",self:strategy_mna,global_incident:mna_capital:kakao:mna_capital:general,global_incident:mna_capital:kakao:mna_capital,자사_및_계열사_이슈,SELF_AFFILIATE_BUSINESS,self_strategic_reference,global_incident:mna_capital:kakao:mna_capital,"카카오·계열사의 사업 확장, 제휴, MOU, 신규 서비스 참고 이슈",5,4,5,,,v40: 직접 리스크는 아니지만 자사 사업 확장·제휴성 이슈로 2순위 반영,local_low_confidence,STRATEGIC_REFERENCE,,,other,,,global_incident:mna_capital:kakao:mna_capital,self_strategic_reference,,,
334,자사 및 계열사 이슈,자사_및_계열사_이슈,카카오페이,"카카오페이증권, IPO 주관 가능해졌다…투자매매업 인가 획득",카카오페이증권 ipo 주관 가능해졌다 투자매매업 인가 획득,edaily.co.kr,이데일리,"Sun, 12 Jul 2026 23:54:59 GMT","카카오페이증권, IPO 주관 가능해졌다…투자매매업 인가 획득 edaily.co.kr",https://news.google.com/rss/articles/CBMigAFBVV95cUxOWklmVWNUakQ4VTV4U3hnZDZyLVpkZzM1VllubXR1U3FfSld2UkNOb2xJVUo5elZOT3VvQXlWRjR2RXdlbFh6Ql9Jc0xXZGhpS015dTZZZmRaUFpZZTkwQ3NhWmRYWEpVT0YwV1RGTVNIM1JYNzNFcGV2UVk1d3ZPTw?oc=5,google_rss_카카오페이 site:edaily.co.kr when:2d,109.8,84.0,"ai_infrastructure_security,strategy_mna_governance",ai_infrastructure_security,"카카오,카카오페이",,,Y,must_review:self_strict:strategy_mna:strategy_mna_governance,,,direct_self_risk,14.0,published_yesterday,direct_risk,global_incident:mna_capital:kakao:mna_capital,general,Y,"industry_basis_pass:actor=True,change=True,bridge=True",3,,,,109.8,"strategy_mna_governance,ai_infrastructure_security",self:strategy_mna,global_incident:mna_capital:kakao:mna_capital:general,global_incident:mna_capital:kakao:mna_capital,자사_및_계열사_이슈,SELF_AFFILIATE_BUSINESS,self_strategic_reference,global_incident:mna_capital:kakao:mna_capital,"카카오·계열사의 사업 확장, 제휴, MOU, 신규 서비스 참고 이슈",5,4,5,,,v40: 직접 리스크는 아니지만 자사 사업 확장·제휴성 이슈로 2순위 반영,local_low_confidence,STRATEGIC_REFERENCE,,,other,,,global_incident:mna_capital:kakao:mna_capital,self_strategic_reference,,,
1192,정부/국회,정부_국회,금융감독원,이찬진 금감원장 복붙 의결권 공시·ETF 과장광고 개선해야…운용사 책임 강조,이찬진 금감원장 복붙 의결권 공시 etf 과장광고 개선해야 운용사 책임 강조,아주경제,아주경제,"Mon, 13 Jul 2026 00:40:00 GMT",이찬진 금감원장 복붙 의결권 공시·ETF 과장광고 개선해야…운용사 책임 강조 아주경제,https://news.google.com/rss/articles/CBMiqwFBVV95cUxOd3ZlYndjbks5SUdrMFh1cU01WDBJOXltUGpISWEtTWxfVUdsRjhwY3Q5ZmU1T253RjN4aTBQd3VJN3lpZTU2cEsyMUFpVVZDM1JPT05rMzRPZGo4RlhaeU95QTZac3c0SEpsWEQxYmNaejNNbmRxTmZaZVdONVFHY0hZaWd6S2JMNkpiajFyaXVRWlNfMmlRMkJPWXBXbUZhSWFfQk50cDB6a2vSAVhBVV95cUxQcVFSa0F2V0RydlBYXzdTT3R0STVfYUJKUlQybUpkN280eXZLRU4yb1ZKY3pKdWZmTjg5SkotdjZpSEtESkVEaW81SUNwN09wMHQzSGRzYXNv?oc=5,"google_rss_""금융감독원"" when:2d",109.6,139.5,"financial_performance,policy_legislation,search_ads,service_reform_backlash",financial_performance,금감원,,Y,,,,government:platform_obligation,platform_operator_obligation,14.0,published_yesterday,market_commentary,global_incident:platform_regulation:financial_authority:platform_algorithm_ad_obligation,decision,,"insufficient_industry_basis:actor=False,change=False,bridge=True",1,,,,109.6,"service_reform_backlash,policy_legislation,financial_performance",government:platform_obligation,global_incident:platform_regulation:financial_authority:platform_algorithm_ad_obligation:general,global_incident:platform_regulation:financial_authority:platform_algorithm_ad_obligation,정부_국회,GOV_PLATFORM_REGULATION,government_regulatory_enforcement,global_incident:platform_regulation:financial_authority:platform_algorithm_ad_obligation,카카오 플랫폼·AI·대관 대응 경로에 영향을 줄 수 있는 정책/감독 이슈,4,5,4,,,로컬 보조 라벨,local_low_confidence,,GOV_REGULATORY_ENFORCEMENT,,other,카카오 플랫폼·AI·대관 대응 경로에 영향을 줄 수 있는 정책/감독 이슈,,global_incident:platform_regulation:financial_authority:platform_algorithm_ad_obligation,government_regulatory_enforcement,,,
498,정부/국회,정부_국회,과학기술정보통신부,"[AI픽] 정부, 피지컬AI용 '하이퍼-AI 네트워크' 구축 착수",정부 피지컬ai용 하이퍼 ai 네트워크 구축 착수,연합뉴스,연합뉴스,"Tue, 14 Jul 2026 06:00:02 GMT","[AI픽] 정부, 피지컬AI용 '하이퍼-AI 네트워크' 구축 착수 연합뉴스",https://news.google.com/rss/articles/CBMiW0FVX3lxTE1TTmdVRC1BbDQtd2lEM1dzNTdYWDJBMzdtUnZlbnFlVnVFdlpEemM0ak0xRm5fOGpHbHFhZmc3Y0pvNG1yak9YSzhyUGhvQXptTjhORlJiYkFPS03SAWBBVV95cUxQZkRhd05yYXRLMmE0Z0p5N0ZXWFJjdHRhUktSQ213emltbUVJQjBzcExaWWtlLXpOX3FCY3hsdTMxbC1SZG9na0NuekhpNUVVUmx3ZXZfazk5UTRHZ2diWl8?oc=5,google_rss_과학기술정보통신부 AI when:2d,109.6,40.0,ai_infrastructure_security,ai_infrastructure_security,,,,,,,,general,24.0,published_today,business_change,,general,,"insufficient_industry_basis:actor=False,change=True,bridge=False",1,,,,109.6,ai_infrastructure_security,government:tech_security_policy,,,정부_국회,GOV_AI_DIGITAL_POLICY,government_ai_core_policy,government_ai_core_policy:정부 피지컬ai용 하이퍼 ai 네트워크 구축 착수,카카오 AI agent/AI 서비스 전략과 연결되는 핵심 정책환경,5,4,5,,,로컬 보조 라벨,local_low_confidence,,GOV_AI_CORE_POLICY,,other,카카오 AI agent/AI 서비스 전략과 연결되는 핵심 정책환경,,government_ai_core_policy:정부 피지컬ai용 하이퍼 ai 네트워크 구축 착수,government_ai_core_policy,,,
155,자사 및 계열사 이슈,자사_및_계열사_이슈,카카오,"카카오페이증권, 증권 직접 인수·판매 가능한 투자매매업 인가 취득",카카오페이증권 증권 직접 인수 판매 가능한 투자매매업 인가 취득,연합인포맥스,연합인포맥스,"Mon, 13 Jul 2026 00:28:25 GMT","카카오페이증권, 증권 직접 인수·판매 가능한 투자매매업 인가 취득 연합인포맥스",https://news.google.com/rss/articles/CBMicEFVX3lxTE9DN2xWeHNKcHYzZXhKQlRVbVpEYV94VGI2QWV0OS1XWEJjTll0REltelA5MkFUN0dENVR5dGJtS0hWcDdiWnVDRGt3VWRrNTJxUkw3by1MTkJ3YnVzRWg3Ymx2OU5kOURWdlZOa2pMVUs?oc=5,google_rss_카카오 카카오페이 when:2d,108.8,80.0,strategy_mna_governance,strategy_mna_governance,"카카오,카카오페이",,,Y,must_review:self_strict:strategy_mna:strategy_mna_governance,,,direct_self_risk,14.0,published_yesterday,direct_risk,global_incident:mna_capital:kakao:mna_capital,general,Y,"industry_basis_pass:actor=True,change=True,bridge=True",3,,,,108.8,strategy_mna_governance,self:strategy_mna,global_incident:mna_capital:kakao:mna_capital:general,global_incident:mna_capital:kakao:mna_capital,자사_및_계열사_이슈,SELF_DIRECT_RISK,self_governance_mna,global_incident:mna_capital:kakao:mna_capital,카카오 또는 계열사에 직접 발생한 외부 대응 필요 이슈,5,5,5,,,로컬 보조 라벨 / v26: 오늘 새 직접 사건·진전,local_low_confidence,DIRECT_RISK,,,other,,,global_incident:mna_capital:kakao:mna_capital,self_governance_mna,,,
326,자사 및 계열사 이슈,자사_및_계열사_이슈,카카오페이,"카카오페이증권, 투자매매업 인가 획득…IPO·채권 사업까지 영토 확장",카카오페이증권 투자매매업 인가 획득 ipo 채권 사업까지 영토 확장,v.daum.net,v.daum.net,"Mon, 13 Jul 2026 06:28:52 GMT","카카오페이증권, 투자매매업 인가 획득…IPO·채권 사업까지 영토 확장 v.daum.net",https://news.google.com/rss/articles/CBMiS0FVX3lxTE5UWjNXS2xGM1RNVnFQMnYzTHRIeTVxcU9peG14N0wzM1VSaFM0cThFdUhVamtlMm5rbFdMYXdHZl84WVdyYUN1Sk9YQQ?oc=5,"google_rss_""카카오페이"" when:2d",108.8,65.0,strategy_mna_governance,strategy_mna_governance,"카카오,카카오페이",,,Y,must_review:self_strict:strategy_mna:strategy_mna_governance,,,direct_self_risk,14.0,published_yesterday,direct_risk,global_incident:mna_capital:kakao:mna_capital,general,Y,"industry_basis_pass:actor=True,change=True,bridge=True",3,,,,108.8,strategy_mna_governance,self:strategy_mna,global_incident:mna_capital:kakao:mna_capital:general,global_incident:mna_capital:kakao:mna_capital,자사_및_계열사_이슈,SELF_AFFILIATE_BUSINESS,self_strategic_reference,global_incident:mna_capital:kakao:mna_capital,"카카오·계열사의 사업 확장, 제휴, MOU, 신규 서비스 참고 이슈",5,4,5,,,v40: 직접 리스크는 아니지만 자사 사업 확장·제휴성 이슈로 2순위 반영,local_low_confidence,STRATEGIC_REFERENCE,,,other,,,global_incident:mna_capital:kakao:mna_capital,self_strategic_reference,,,
173,자사 및 계열사 이슈,자사_및_계열사_이슈,카카오,"카카오페이증권, 투자매매업 인가 획득…IPO·채권 사업까지 영토 확장",카카오페이증권 투자매매업 인가 획득 ipo 채권 사업까지 영토 확장,더팩트,더팩트,"Mon, 13 Jul 2026 06:27:31 GMT","카카오페이증권, 투자매매업 인가 획득…IPO·채권 사업까지 영토 확장 더팩트",https://news.google.com/rss/articles/CBMiWkFVX3lxTE5NdWNCOFlTekVTcDFLVjVwaC1ZMEN6RUNiWUhKNjgxaU11dFlsdWQ5cG1sV3ZZRW91QjItdXBmTEFFX24xcmV2ZEYxSjBrckE2aVYzRzZBdTN1UdIBVEFVX3lxTE1vTElwUkRUeXotalhrYXZoMGl0WF9pelVJRk9lcG5iOHZxUXJFVlJPRGVsb3cxblhjME01YkUxWkNpRVhtY0ZsMVJYdURINlZ3eFczSg?oc=5,google_rss_카카오 카카오페이 when:2d,108.8,65.0,strategy_mna_governance,strategy_mna_governance,"카카오,카카오페이",,,Y,must_review:self_strict:strategy_mna:strategy_mna_governance,,,direct_self_risk,14.0,published_yesterday,direct_risk,global_incident:mna_capital:kakao:mna_capital,general,Y,"industry_basis_pass:actor=True,change=True,bridge=True",3,,,,108.8,strategy_mna_governance,self:strategy_mna,global_incident:mna_capital:kakao:mna_capital:general,global_incident:mna_capital:kakao:mna_capital,자사_및_계열사_이슈,SELF_AFFILIATE_BUSINESS,self_strategic_reference,global_incident:mna_capital:kakao:mna_capital,"카카오·계열사의 사업 확장, 제휴, MOU, 신규 서비스 참고 이슈",5,4,5,,,v40: 직접 리스크는 아니지만 자사 사업 확장·제휴성 이슈로 2순위 반영,local_low_confidence,STRATEGIC_REFERENCE,,,other,,,global_incident:mna_capital:kakao:mna_capital,self_strategic_reference,,,
94,자사 및 계열사 이슈,자사_및_계열사_이슈,카카오,"카카오페이증권, 투자매매업 인가 획득…IPO 주관·공모주 사업 진출 - 조선비즈",카카오페이증권 투자매매업 인가 획득 ipo 주관 공모주 사업 진출,Chosunbiz,Chosunbiz,"Mon, 13 Jul 2026 05:40:00 GMT","카카오페이증권, 투자매매업 인가 획득…IPO 주관·공모주 사업 진출 - 조선비즈 Chosunbiz",https://news.google.com/rss/articles/CBMiiAFBVV95cUxOQ0o3cThIOTdMUHhOdUtHXy1Mc3JLbGI0dkcyc2NPSkNBSlg1dDhtUnBGVDI4WXVjdGRlYWpMcmxHU3pPYUR3YkVPd0d6RnYzUjVsY2lreUVKRWpESEl4WWlaSFBYWGxJbDRaVEdNUGtVNU54NDBmV3pFdjhVRzZzTlRzV1NZTUMx0gGcAUFVX3lxTE1LVGxLUVV4cktzUThJWFBvMkNDYmJoVnduTWJIajMtclFCek9JMkd3MVRRcWNPV29sa2w3eGlEREZ5TkFyUTZNeWl2RkJwSktGTjV2c2huRkwxVmdHR3U2QkV3c3FHZTNQWm1ndWJRa0puYmwyTzhDbXlzRGZJSk8wcGtRNl8xWGJHUjJaN1JWWFczWnhTbjZfZUJEdQ?oc=5,google_rss_카카오 when:2d,108.8,65.0,strategy_mna_governance,strategy_mna_governance,"카카오,카카오페이",,,Y,must_review:self_strict:strategy_mna:strategy_mna_governance,,,direct_self_risk,14.0,published_yesterday,direct_risk,global_incident:mna_capital:kakao:mna_capital,general,Y,"industry_basis_pass:actor=True,change=True,bridge=True",3,,,,108.8,strategy_mna_governance,self:strategy_mna,global_incident:mna_capital:kakao:mna_capital:general,global_incident:mna_capital:kakao:mna_capital,자사_및_계열사_이슈,SELF_AFFILIATE_BUSINESS,self_strategic_reference,global_incident:mna_capital:kakao:mna_capital,"카카오·계열사의 사업 확장, 제휴, MOU, 신규 서비스 참고 이슈",5,4,5,,,v40: 직접 리스크는 아니지만 자사 사업 확장·제휴성 이슈로 2순위 반영,local_low_confidence,STRATEGIC_REFERENCE,,,other,,,global_incident:mna_capital:kakao:mna_capital,self_strategic_reference,,,
304,자사 및 계열사 이슈,자사_및_계열사_이슈,카카오,"카카오페이증권, IPO 주관 등 영역 확대…투자매매업 인가 취득",카카오페이증권 ipo 주관 등 영역 확대 투자매매업 인가 취득,네이트,네이트,"Mon, 13 Jul 2026 04:56:00 GMT","카카오페이증권, IPO 주관 등 영역 확대…투자매매업 인가 취득 네이트",https://news.google.com/rss/articles/CBMiU0FVX3lxTE1FSjdRWm5EUmh1WGJRRHM4WDkxcjBqQWI5SmpwM1YyOE5wUFFfQm9qQmxESk5kOUYzck81WVpSeG5TSURqWXpiMTBRYkFVWEt1OFdv?oc=5,google_rss_카카오 상장 when:2d,108.8,65.0,strategy_mna_governance,strategy_mna_governance,"카카오,카카오페이",,,Y,must_review:self_strict:strategy_mna:strategy_mna_governance,,,direct_self_risk,14.0,published_yesterday,direct_risk,global_incident:mna_capital:kakao:mna_capital,general,Y,"industry_basis_pass:actor=True,change=True,bridge=True",3,,,,108.8,strategy_mna_governance,self:strategy_mna,global_incident:mna_capital:kakao:mna_capital:general,global_incident:mna_capital:kakao:mna_capital,자사_및_계열사_이슈,SELF_AFFILIATE_BUSINESS,self_strategic_reference,global_incident:mna_capital:kakao:mna_capital,"카카오·계열사의 사업 확장, 제휴, MOU, 신규 서비스 참고 이슈",5,4,5,,,v40: 직접 리스크는 아니지만 자사 사업 확장·제휴성 이슈로 2순위 반영,local_low_confidence,STRATEGIC_REFERENCE,,,other,,,global_incident:mna_capital:kakao:mna_capital,self_strategic_reference,,,
194,자사 및 계열사 이슈,자사_및_계열사_이슈,카카오,"카카오페이증권, IPO·공모주 사업 진출 가시화…투자매매업 인가 획득",카카오페이증권 ipo 공모주 사업 진출 가시화 투자매매업 인가 획득,아주경제,아주경제,"Mon, 13 Jul 2026 01:46:19 GMT","카카오페이증권, IPO·공모주 사업 진출 가시화…투자매매업 인가 획득 아주경제",https://news.google.com/rss/articles/CBMiWkFVX3lxTE9FdTJvM1pDUzlLcWJMMVoydlNKdDVJTVY0SHRWcDJtZ2d2ZzdwRllYcThiNEF3aHdscTBlNERiM01VSktmc212ZG0wWlQ0a1ctU0FKaE1TRENLUdIBWEFVX3lxTE50eEZSQjZIZjFlbmtKNFVPWTNONXhJTG5ORnVicEM3akE2Qi1PS0hYMGc2MGFHTEhsU3Z0eFkyNWFXdGtHaHB5RndBWGNpVkswRy13UjBNOXU?oc=5,google_rss_카카오 카카오페이 when:2d,108.8,65.0,strategy_mna_governance,strategy_mna_governance,"카카오,카카오페이",,,Y,must_review:self_strict:strategy_mna:strategy_mna_governance,,,direct_self_risk,14.0,published_yesterday,direct_risk,global_incident:mna_capital:kakao:mna_capital,general,Y,"industry_basis_pass:actor=True,change=True,bridge=True",3,,,,108.8,strategy_mna_governance,self:strategy_mna,global_incident:mna_capital:kakao:mna_capital:general,global_incident:mna_capital:kakao:mna_capital,자사_및_계열사_이슈,SELF_AFFILIATE_BUSINESS,self_strategic_reference,global_incident:mna_capital:kakao:mna_capital,"카카오·계열사의 사업 확장, 제휴, MOU, 신규 서비스 참고 이슈",5,4,5,,,v40: 직접 리스크는 아니지만 자사 사업 확장·제휴성 이슈로 2순위 반영,local_low_confidence,STRATEGIC_REFERENCE,,,other,,,global_incident:mna_capital:kakao:mna_capital,self_strategic_reference,,,
193,자사 및 계열사 이슈,자사_및_계열사_이슈,카카오,"카카오페이증권, 투자매매업 인가 획득…IPO·채권·ETF 사업 확장 시동",카카오페이증권 투자매매업 인가 획득 ipo 채권 etf 사업 확장 시동,인사이트코리아,인사이트코리아,"Mon, 13 Jul 2026 01:02:49 GMT","카카오페이증권, 투자매매업 인가 획득…IPO·채권·ETF 사업 확장 시동 인사이트코리아",https://news.google.com/rss/articles/CBMic0FVX3lxTE8wMkp2X0FrTUtKcHpRTW5KM2NZQzNma1k1MTd4MkJKTWl5SnFfSTZ2OXpINldVY3JEM3VpcnlaVjlrWU4xTzRwU254LXQyWWsybjQ0VVp3VDAzcmRxN1pIaXVmYmFVR1NlbXlmZ0VlQkljeknSAXdBVV95cUxNT21VMTFNZU9rS3VPVmtDLXRqX1pNeEJSQTBUZGVnQ2MyQkxxdFIyNEFETHRCSVFnNFZQVVRhSF83cjBzQnNQeWtJSGxqRnpoVXM5VXNtV3Nha1cwREx5U0FIZ2ZleGFaN0tUX3k1LWdmOTJJYTRIYw?oc=5,google_rss_카카오 카카오페이 when:2d,108.8,65.0,strategy_mna_governance,strategy_mna_governance,"카카오,카카오페이",,,Y,must_review:self_strict:strategy_mna:strategy_mna_governance,,,direct_self_risk,14.0,published_yesterday,direct_risk,global_incident:mna_capital:kakao:mna_capital,general,Y,"industry_basis_pass:actor=True,change=True,bridge=True",3,,,,108.8,strategy_mna_governance,self:strategy_mna,global_incident:mna_capital:kakao:mna_capital:general,global_incident:mna_capital:kakao:mna_capital,자사_및_계열사_이슈,SELF_AFFILIATE_BUSINESS,self_strategic_reference,global_incident:mna_capital:kakao:mna_capital,"카카오·계열사의 사업 확장, 제휴, MOU, 신규 서비스 참고 이슈",5,4,5,,,v40: 직접 리스크는 아니지만 자사 사업 확장·제휴성 이슈로 2순위 반영,local_low_confidence,STRATEGIC_REFERENCE,,,other,,,global_incident:mna_capital:kakao:mna_capital,self_strategic_reference,,,
127,자사 및 계열사 이슈,자사_및_계열사_이슈,카카오,"'IPO 주관 가능'해진 카카오페이증권, IB업무 박차…투자매매업 인가 쾌거",ipo 주관 가능 해진 카카오페이증권 ib업무 박차 투자매매업 인가 쾌거,파이낸셜포스트,파이낸셜포스트,"Mon, 13 Jul 2026 00:22:21 GMT","'IPO 주관 가능'해진 카카오페이증권, IB업무 박차…투자매매업 인가 쾌거 파이낸셜포스트",https://news.google.com/rss/articles/CBMidEFVX3lxTFB6blhVRnYtbEZPYzhnam5yamZfR29xX0k5T1d5Yk85WFZWR0xySnk2OUtBalpFQks4X3pwU19RcjN1UXRLMUJlN3l0UWRtT2NvU0tla0dPOTV6X0JWWW5QMFNwamJoSXVLWHp0Sk9zWmc3WWxH?oc=5,google_rss_카카오 지분 when:2d,108.8,65.0,strategy_mna_governance,strategy_mna_governance,"카카오,카카오페이",,,Y,must_review:self_strict:strategy_mna:strategy_mna_governance,,,direct_self_risk,14.0,published_yesterday,direct_risk,global_incident:mna_capital:kakao:mna_capital,general,Y,"industry_basis_pass:actor=True,change=True,bridge=True",3,,,,108.8,strategy_mna_governance,self:strategy_mna,global_incident:mna_capital:kakao:mna_capital:general,global_incident:mna_capital:kakao:mna_capital,자사_및_계열사_이슈,SELF_AFFILIATE_BUSINESS,self_strategic_reference,global_incident:mna_capital:kakao:mna_capital,"카카오·계열사의 사업 확장, 제휴, MOU, 신규 서비스 참고 이슈",5,4,5,,,v40: 직접 리스크는 아니지만 자사 사업 확장·제휴성 이슈로 2순위 반영,local_low_confidence,STRATEGIC_REFERENCE,,,other,,,global_incident:mna_capital:kakao:mna_capital,self_strategic_reference,,,
92,자사 및 계열사 이슈,자사_및_계열사_이슈,카카오,"'데이터엔진 개발' 알고릭스, 카카오벤처스서 프리시드 투자유치",데이터엔진 개발 알고릭스 카카오벤처스서 프리시드 투자유치,네이트,네이트,"Mon, 13 Jul 2026 23:44:00 GMT","'데이터엔진 개발' 알고릭스, 카카오벤처스서 프리시드 투자유치 네이트",https://news.google.com/rss/articles/CBMiU0FVX3lxTE5QUGItcXhWVGFHQTVyYlNiOFJ0V2RMajZ3TlM3VnBmcHBqbWNYam1uNmlia0JTd1A4Ukx4V0JHVVRpSnpMTHM3SThOX05KeTVEcVJZ?oc=5,google_rss_카카오 when:2d,108.8,59.5,strategy_mna_governance,strategy_mna_governance,카카오,,,Y,must_review:self_strict:strategy_mna:strategy_mna_governance,,,direct_self_risk,24.0,published_today,general,global_incident:mna_capital:kakao:mna_capital,general,Y,"industry_basis_pass:actor=True,change=True,bridge=True",3,,,,108.8,strategy_mna_governance,self:strategy_mna,global_incident:mna_capital:kakao:mna_capital:general,global_incident:mna_capital:kakao:mna_capital,자사_및_계열사_이슈,SELF_AFFILIATE_BUSINESS,self_strategic_reference,global_incident:mna_capital:kakao:mna_capital,"카카오·계열사의 사업 확장, 제휴, MOU, 신규 서비스 참고 이슈",4,3,4,,,v40: 직접 리스크는 아니지만 자사 사업 확장·제휴성 이슈로 2순위 반영,local_low_confidence,STRATEGIC_REFERENCE,,,other,,,global_incident:mna_capital:kakao:mna_capital,self_strategic_reference,,,
555,정부/국회,정부_국회,과학기술정보통신부,"과기정통부 AI 윤리원칙 초안, 시민사회 48개 단체 '인권 배제' 비판 직면",과기정통부 ai 윤리원칙 초안 시민사회 48개 단체 인권 배제 비판 직면,한국공공정책신문,한국공공정책신문,"Mon, 13 Jul 2026 20:35:02 GMT","과기정통부 AI 윤리원칙 초안, 시민사회 48개 단체 '인권 배제' 비판 직면 한국공공정책신문",https://news.google.com/rss/articles/CBMiQ0FVX3lxTE9uME9jaU5BWjYycHlxUUIzWjJueTl3bVZnYkpwNkY3T2ljTEFjaTAtZlIxRXMwTFFqOEdUUVU2ZFc4ek0?oc=5,google_rss_과학기술정보통신부 규제 when:2d,108.6,52.5,"ai_infrastructure_security,policy_legislation",ai_infrastructure_security,과기정통부,,,,,,,general,24.0,published_today,business_change,event:과기정통부:ai_infrastructure_security+policy_legislation,general,,"insufficient_industry_basis:actor=False,change=False,bridge=False",0,,,,108.6,"policy_legislation,ai_infrastructure_security",government:tech_security_policy,,,정부_국회,GOV_AI_DIGITAL_POLICY,government_ai_core_policy,government_ai_core_policy:과기정통부 ai 윤리원칙 초안 시민사회 48개 단체 인권 배제 비판 직면,카카오 AI agent/AI 서비스 전략과 연결되는 핵심 정책환경,5,4,5,,,로컬 보조 라벨,local_low_confidence,,GOV_AI_CORE_POLICY,,other,카카오 AI agent/AI 서비스 전략과 연결되는 핵심 정책환경,,government_ai_core_policy:과기정통부 ai 윤리원칙 초안 시민사회 48개 단체 인권 배제 비판 직면,government_ai_core_policy,,,
508,정부/국회,정부_국회,과학기술정보통신부,"SKT·KT, 정부 '하이퍼 AI 네트워크' 실증 참여…주도권 경쟁 본격화 (종합) - 머니투데이",skt kt 정부 하이퍼 ai 네트워크 실증 참여 주도권 경쟁 본격화,머니투데이,머니투데이,"Tue, 14 Jul 2026 06:00:00 GMT","SKT·KT, 정부 '하이퍼 AI 네트워크' 실증 참여…주도권 경쟁 본격화 (종합) - 머니투데이 머니투데이",https://news.google.com/rss/articles/CBMibEFVX3lxTE9mT09KQ1FYejNpdWQxSkl6U2E3cFByTHI0eURrWElQb1VhWjdwVXFKUTRDUGFpZVpEVkR0MGluQ1JGMFBUeDlzSjlWSnM5eEowU0xlTS0xRnQwcVQ1dV8zT1J2TTRiWmYwT25OWtIBbEFVX3lxTE9mT09KQ1FYejNpdWQxSkl6U2E3cFByTHI0eURrWElQb1VhWjdwVXFKUTRDUGFpZVpEVkR0MGluQ1JGMFBUeDlzSjlWSnM5eEowU0xlTS0xRnQwcVQ1dV8zT1J2TTRiWmYwT25OWg?oc=5,google_rss_과학기술정보통신부 AI when:2d,108.6,40.0,ai_infrastructure_security,ai_infrastructure_security,"KT,SKT",,,,,,,general,29.0,published_today+exclusive_breaking,business_change,event:KT+SKT:ai_infrastructure_security,general,,"insufficient_industry_basis:actor=True,change=False,bridge=False",1,,,,108.6,ai_infrastructure_security,government:tech_security_policy,,,경쟁사_해외이슈,COMPETITOR_PLATFORM_RISK,comp_domestic_public_infra,KT 금융 AX/AI 인프라 전략,카카오 AI agent/AI 서비스 전략과 연결되는 핵심 정책환경,5,4,5,,,로컬 보조 라벨,local_low_confidence,,GOV_AI_CORE_POLICY,COMP_DOMESTIC_PUBLIC_INFRA,domestic,카카오 AI agent/AI 서비스 전략과 연결되는 핵심 정책환경,카카오 AI agent/AI 서비스 전략과 연결되는 핵심 정책환경,KT 금융 AX/AI 인프라 전략,comp_domestic_public_infra,,,
25,자사 및 계열사 이슈,자사_및_계열사_이슈,카카오,"[재무리뷰] 카카오모빌리티, 역대급 실적에도 주식가치 '뒷걸음질'…이유는?",재무리뷰 카카오모빌리티 역대급 실적에도 주식가치 뒷걸음질 이유는,파이낸셜리뷰,파이낸셜리뷰,"Tue, 14 Jul 2026 06:00:00 GMT","[재무리뷰] 카카오모빌리티, 역대급 실적에도 주식가치 '뒷걸음질'…이유는? 파이낸셜리뷰",https://news.google.com/rss/articles/CBMidEFVX3lxTE01UzBWSWVYVU9mZTluVXRGWERTUk1YTVBRLWJreklmajkxWW1BVUM1RWtRRHh5X1dPdnZZUWlLcnBnX09DS3c2MGxlc0NzbFI2LU5CVmtlZXdSWElFd1owc0dzWGhWQVN1eGVZV29lazhMWi03?oc=5,google_rss_카카오 when:2d,107.8,53.0,"earnings,financial_performance",financial_performance,"카카오,카카오모빌리티",,,,,,,general,24.0,published_today,direct_risk,event:카카오+카카오모빌리티:financial_performance,general,Y,"industry_basis_pass:actor=True,change=False,bridge=True",2,,,,107.8,financial_performance,self:financial_performance,,,자사_및_계열사_이슈,SELF_DIRECT_RISK,self_direct_risk,self_direct_risk:재무리뷰 카카오모빌리티 역대급 실적에도 주식가치 뒷걸음질 이유는,카카오 또는 계열사에 직접 발생한 외부 대응 필요 이슈,5,5,5,,,로컬 보조 라벨 / v26: 오늘 새 직접 사건·진전,local_low_confidence,DIRECT_RISK,,,other,,,self_direct_risk:재무리뷰 카카오모빌리티 역대급 실적에도 주식가치 뒷걸음질 이유는,self_direct_risk,,,
1173,정부/국회,정부_국회,금융감독원,의결권 공시 '복붙' 관행에 칼 뺀 금감원…ETF 광고·주주권 행사도 전면 손질,의결권 공시 복붙 관행에 칼 뺀 금감원 etf 광고 주주권 행사도 전면 손질,thedailyeconomy.kr,thedailyeconomy.kr,"Mon, 13 Jul 2026 02:57:20 GMT",의결권 공시 '복붙' 관행에 칼 뺀 금감원…ETF 광고·주주권 행사도 전면 손질 thedailyeconomy.kr,https://news.google.com/rss/articles/CBMicEFVX3lxTE56bm9IVFFWOXQ1bjY5YmJFVTItQkFyX1ZzNHF1VnhrQm5RZ0hNeVl1QVpmOWJZUG5oNjRrTjhHR2hYNGJMMFpvZmw5QnVpTGZxZ2RYR2VNeTkyLVpxVVp3c0lZX05VLWxGSFFmeEd6SkU?oc=5,"google_rss_""금융감독원"" when:2d",107.6,139.5,"ai_infrastructure_security,financial_performance,policy_legislation,search_ads",ai_infrastructure_security,금감원,,Y,,,,government:platform_obligation,platform_operator_obligation,14.0,published_yesterday,market_commentary,global_incident:platform_regulation:financial_authority:platform_algorithm_ad_obligation,decision,,"insufficient_industry_basis:actor=False,change=False,bridge=True",1,,,,107.6,"policy_legislation,financial_performance,ai_infrastructure_security",government:platform_obligation,global_incident:platform_regulation:financial_authority:platform_algorithm_ad_obligation:general,global_incident:platform_regulation:financial_authority:platform_algorithm_ad_obligation,정부_국회,GOV_AI_DIGITAL_POLICY,government_ai_core_policy,global_incident:platform_regulation:financial_authority:platform_algorithm_ad_obligation,카카오 AI agent/AI 서비스 전략과 연결되는 핵심 정책환경,5,4,5,,,로컬 보조 라벨,local_low_confidence,,GOV_AI_CORE_POLICY,,other,카카오 AI agent/AI 서비스 전략과 연결되는 핵심 정책환경,,global_incident:platform_regulation:financial_authority:platform_algorithm_ad_obligation,government_ai_core_policy,,,
182,자사 및 계열사 이슈,자사_및_계열사_이슈,카카오,"카카오페이증권, 투자매매업까지 사업 확장... ""IPO 주관 길 활짝""",카카오페이증권 투자매매업까지 사업 확장 ipo 주관 길 활짝,meconomynews.com,meconomynews.com,"Mon, 13 Jul 2026 07:22:59 GMT","카카오페이증권, 투자매매업까지 사업 확장... ""IPO 주관 길 활짝"" meconomynews.com",https://news.google.com/rss/articles/CBMicEFVX3lxTFA5aDBRd1ZFVzByVDdnMWJGVkQzcGFmZnlvUmlNeXdSQUYxdVFnQnRJYWNwbWt3b2VQM0dsbW5RV0hiWFZXTHl4c0ZGMm1RNWZGbjJsYWVLQ1FocW5MVlhuSjlRd3FyRHJQa2loMDM0dEo?oc=5,google_rss_카카오 카카오페이 when:2d,106.8,65.0,strategy_mna_governance,strategy_mna_governance,"카카오,카카오페이",,,Y,must_review:self_strict:strategy_mna:strategy_mna_governance,,,direct_self_risk,14.0,published_yesterday,direct_risk,global_incident:mna_capital:kakao:mna_capital,general,Y,"industry_basis_pass:actor=True,change=True,bridge=True",3,,,,106.8,strategy_mna_governance,self:strategy_mna,global_incident:mna_capital:kakao:mna_capital:general,global_incident:mna_capital:kakao:mna_capital,자사_및_계열사_이슈,SELF_AFFILIATE_BUSINESS,self_strategic_reference,global_incident:mna_capital:kakao:mna_capital,"카카오·계열사의 사업 확장, 제휴, MOU, 신규 서비스 참고 이슈",5,4,5,,,v40: 직접 리스크는 아니지만 자사 사업 확장·제휴성 이슈로 2순위 반영,local_low_confidence,STRATEGIC_REFERENCE,,,other,,,global_incident:mna_capital:kakao:mna_capital,self_strategic_reference,,,
1522,정부/국회,정부_국회,과학기술정보통신위원회,"민주당 과방위원들 “국민의힘, 국회 복귀해 AI·민생 법안 논의해야”:내외신문",민주당 과방위원들 국민의힘 국회 복귀해 ai 민생 법안 논의해야 내외신문,naewaynews.com,naewaynews.com,"Mon, 13 Jul 2026 23:34:12 GMT","민주당 과방위원들 “국민의힘, 국회 복귀해 AI·민생 법안 논의해야”:내외신문 naewaynews.com",https://news.google.com/rss/articles/CBMiZEFVX3lxTE9wZ09ISnQ4cHRwR1VKVXRUc1V6WTJGSFdTNXZCWXhTM3hackpvUWRkS1ZBa0tCVmRtcXBNcW51WGJoMWZITHZ6Qk9oZEd6b29Qby10eFB6UkpmQTM3NXdhYmplaWbSAWRBVV95cUxPcGdPSEp0OHB0cEdVSlV0VHNVelkyRkhXUzV2Qll4UzN4WnJKb1FkZEtWQWtLQlZkbXFwTXFudVhiaDFmSEx2ekJPaGRHem9vUG8tdHhQelJKZkEzNzV3YWJqZWlm?oc=5,google_rss_과학기술정보통신위원회 when:2d,106.6,68.0,"ai_infrastructure_security,policy_legislation",ai_infrastructure_security,,,,,,,,general,24.0,published_today,official_action,,general,,"insufficient_industry_basis:actor=False,change=True,bridge=False",1,,,,106.6,"policy_legislation,ai_infrastructure_security",government:tech_security_policy,,,정부_국회,GOV_AI_DIGITAL_POLICY,government_ai_core_policy,government_ai_core_policy:민주당 과방위원들 국민의힘 국회 복귀해 ai 민생 법안 논의해야 내외신문,카카오 AI agent/AI 서비스 전략과 연결되는 핵심 정책환경,5,4,5,,,로컬 보조 라벨,local_low_confidence,,GOV_AI_CORE_POLICY,,other,카카오 AI agent/AI 서비스 전략과 연결되는 핵심 정책환경,,government_ai_core_policy:민주당 과방위원들 국민의힘 국회 복귀해 ai 민생 법안 논의해야 내외신문,government_ai_core_policy,,,
1580,정부/국회,정부_국회,정무위원회,지각 국회에 민생도 멈췄다…원 구성 대치에 발 묶인 주요 법안,지각 국회에 민생도 멈췄다 원 구성 대치에 발 묶인 주요 법안,edaily.co.kr,이데일리,"Mon, 13 Jul 2026 20:30:03 GMT",지각 국회에 민생도 멈췄다…원 구성 대치에 발 묶인 주요 법안 edaily.co.kr,https://news.google.com/rss/articles/CBMigAFBVV95cUxQaUk4Vl93UkhPVFZpcVFIaGVqT1I3VWdHNmN0WHFlU0VlUUluNk5OYV9tOHRaM0xwRVNEdE9tYnF4QVppWndGbE03V09EbjZxUWloM1hXTjRYbC1LeTk2Z1E2WkZMMl9XdnNUVTVZMmFWWGVkaTNqSm1uVC1sSC13dw?oc=5,google_rss_정무위원회 when:2d,106.6,68.0,"ai_infrastructure_security,policy_legislation",ai_infrastructure_security,,,,,,,,general,24.0,published_today,official_action,,general,,"insufficient_industry_basis:actor=False,change=True,bridge=False",1,,,,106.6,"policy_legislation,ai_infrastructure_security",government:tech_security_policy,,,정부_국회,GOV_AI_DIGITAL_POLICY,government_ai_core_policy,government_ai_core_policy:지각 국회에 민생도 멈췄다 원 구성 대치에 발 묶인 주요 법안,카카오 AI agent/AI 서비스 전략과 연결되는 핵심 정책환경,5,4,5,,,로컬 보조 라벨,local_low_confidence,,GOV_AI_CORE_POLICY,,other,카카오 AI agent/AI 서비스 전략과 연결되는 핵심 정책환경,,government_ai_core_policy:지각 국회에 민생도 멈췄다 원 구성 대치에 발 묶인 주요 법안,government_ai_core_policy,,,
512,정부/국회,정부_국회,과학기술정보통신부,"정부, `하이퍼 AI 네트워크` 구축 착수…피지컬 AI 상용화 시동",정부 하이퍼 ai 네트워크 구축 착수 피지컬 ai 상용화 시동,디지털데일리,디지털데일리,"Tue, 14 Jul 2026 06:00:00 GMT","정부, `하이퍼 AI 네트워크` 구축 착수…피지컬 AI 상용화 시동 디지털데일리",https://news.google.com/rss/articles/CBMiYkFVX3lxTFB3MERYakJnbkV5LVBVb3dOY2VDd2h6Qm5Sd0x3NDBlMGtucm1NZ01ReEtOZExMX3BMZmJTOG1UTENfbnZUWmFoQjFLY2dhSDVPU3hwRDJmbUJieG5KdFNMYUtn?oc=5,google_rss_과학기술정보통신부 AI when:2d,106.6,40.0,ai_infrastructure_security,ai_infrastructure_security,,,,,,,,general,24.0,published_today,business_change,,general,,"insufficient_industry_basis:actor=False,change=True,bridge=False",1,,,,106.6,ai_infrastructure_security,government:tech_security_policy,,,정부_국회,GOV_AI_DIGITAL_POLICY,government_ai_core_policy,government_ai_core_policy:정부 하이퍼 ai 네트워크 구축 착수 피지컬 ai 상용화 시동,카카오 AI agent/AI 서비스 전략과 연결되는 핵심 정책환경,5,4,5,,,로컬 보조 라벨,local_low_confidence,,GOV_AI_CORE_POLICY,,other,카카오 AI agent/AI 서비스 전략과 연결되는 핵심 정책환경,,government_ai_core_policy:정부 하이퍼 ai 네트워크 구축 착수 피지컬 ai 상용화 시동,government_ai_core_policy,,,
525,정부/국회,정부_국회,과학기술정보통신부,"코넥티브, 정부 피지컬 AI 연구 참여…자율수술 데이터 구축 나선다",코넥티브 정부 피지컬 ai 연구 참여 자율수술 데이터 구축 나선다,디지틀조선일보,디지틀조선일보,"Tue, 14 Jul 2026 01:22:42 GMT","코넥티브, 정부 피지컬 AI 연구 참여…자율수술 데이터 구축 나선다 디지틀조선일보",https://news.google.com/rss/articles/CBMie0FVX3lxTE9iU2JuM21UNldRMkljcmIzdVNacjFhazd6Tm5GT1p3ellqR0xORjBxbTROTExJWUQ2ektCSFlNRzNhM01teWVzRV9KSDR6S0c4LXhMQm16T09wRWJNdVFlZ2FEcGxFYnFGUTJPYi1jMmtBaXJXQzdIc01KZ9IBe0FVX3lxTE9iU2JuM21UNldRMkljcmIzdVNacjFhazd6Tm5GT1p3ellqR0xORjBxbTROTExJWUQ2ektCSFlNRzNhM01teWVzRV9KSDR6S0c4LXhMQm16T09wRWJNdVFlZ2FEcGxFYnFGUTJPYi1jMmtBaXJXQzdIc01KZw?oc=5,google_rss_과학기술정보통신부 AI when:2d,106.6,40.0,ai_infrastructure_security,ai_infrastructure_security,,,,,,,,general,24.0,published_today,business_change,,general,,"insufficient_industry_basis:actor=False,change=True,bridge=False",1,,,,106.6,ai_infrastructure_security,government:tech_security_policy,,,정부_국회,GOV_AI_DIGITAL_POLICY,government_ai_core_policy,government_ai_core_policy:코넥티브 정부 피지컬 ai 연구 참여 자율수술 데이터 구축 나선다,카카오 AI agent/AI 서비스 전략과 연결되는 핵심 정책환경,5,4,5,,,로컬 보조 라벨,local_low_confidence,,GOV_AI_CORE_POLICY,,other,카카오 AI agent/AI 서비스 전략과 연결되는 핵심 정책환경,,government_ai_core_policy:코넥티브 정부 피지컬 ai 연구 참여 자율수술 데이터 구축 나선다,government_ai_core_policy,,,
400,정부/국회,정부_국회,과학기술정보통신부,"지능정보사회진흥원, 과기정통부와 하이퍼-AI 네트워크 기반 조성 착수",지능정보사회진흥원 과기정통부와 하이퍼 ai 네트워크 기반 조성 착수,데일리한국,데일리한국,"Tue, 14 Jul 2026 01:25:14 GMT","지능정보사회진흥원, 과기정통부와 하이퍼-AI 네트워크 기반 조성 착수 데일리한국",https://news.google.com/rss/articles/CBMib0FVX3lxTE56TGQwX1RwcGhhSy16VkRqLWVzNXItRU9fc1plWVlnVjNjOGpEeDhxaXJvS2hTYVlXR3JvcmMwWVhjN2U5YmdOMFJqNVNwU1BTNmZmeUV0QU9BbFFTQzJ1NHhZd3QzYmZLZVZmYmp0TdIBc0FVX3lxTE01NElyS05qN0JGRkdLNG5SU2tlNzNudnVzeDJVYWdMSzdCSkVKMnRsSHVQY2Z6YmNYZTJuQTNwZWtwQVR5V3c5eUZOalZCaDU2ODM0aENXaFBFaFJJR2RfS2tha0JpeXdzQVllbXlKalFEVjA?oc=5,google_rss_과학기술정보통신부 when:2d,105.6,45.5,ai_infrastructure_security,ai_infrastructure_security,과기정통부,,,,,,,general,24.0,published_today,business_change,event:과기정통부:ai_infrastructure_security,general,,"insufficient_industry_basis:actor=False,change=False,bridge=False",0,,,,105.6,ai_infrastructure_security,government:tech_security_policy,,,정부_국회,GOV_AI_DIGITAL_POLICY,government_ai_core_policy,government_ai_core_policy:지능정보사회진흥원 과기정통부와 하이퍼 ai 네트워크 기반 조성 착수,카카오 AI agent/AI 서비스 전략과 연결되는 핵심 정책환경,5,4,5,,,로컬 보조 라벨,local_low_confidence,,GOV_AI_CORE_POLICY,,other,카카오 AI agent/AI 서비스 전략과 연결되는 핵심 정책환경,,government_ai_core_policy:지능정보사회진흥원 과기정통부와 하이퍼 ai 네트워크 기반 조성 착수,government_ai_core_policy,,,
1181,정부/국회,정부_국회,금융감독원,"금융감독원, ETF 광고 규제 강조…운용사의 책임 강화 필요성 제기",금융감독원 etf 광고 규제 강조 운용사의 책임 강화 필요성 제기,공감신문,공감신문,"Mon, 13 Jul 2026 01:07:37 GMT","금융감독원, ETF 광고 규제 강조…운용사의 책임 강화 필요성 제기 공감신문",https://news.google.com/rss/articles/CBMiaEFVX3lxTFAycXBfOTFYR2Q0cGU1cTFONno3OUFuT2ZFSGpIU0dJZDNCMHdpTW1pSk5CRFFtQ05UR29kYWRPemdUWTA5Z3lKSWJZT3FzdE5xZC1VbUVNVVh3X0oxMzFleEwyaDZrbW9C?oc=5,"google_rss_""금융감독원"" when:2d",103.6,107.5,"policy_legislation,search_ads",policy_legislation,금감원,,Y,,,,government:platform_obligation,platform_operator_obligation,14.0,published_yesterday,market_commentary,global_incident:platform_regulation:financial_authority:platform_algorithm_ad_obligation,general,Y,"industry_basis_pass:actor=False,change=True,bridge=True",2,,,,103.6,policy_legislation,government:platform_obligation,global_incident:platform_regulation:financial_authority:platform_algorithm_ad_obligation:executive_or_org_change,global_incident:platform_regulation:financial_authority:platform_algorithm_ad_obligation,정부_국회,GOV_PLATFORM_REGULATION,government_regulatory_enforcement,global_incident:platform_regulation:financial_authority:platform_algorithm_ad_obligation,카카오 플랫폼·AI·대관 대응 경로에 영향을 줄 수 있는 정책/감독 이슈,4,5,4,,,로컬 보조 라벨,local_low_confidence,,GOV_REGULATORY_ENFORCEMENT,,other,카카오 플랫폼·AI·대관 대응 경로에 영향을 줄 수 있는 정책/감독 이슈,,global_incident:platform_regulation:financial_authority:platform_algorithm_ad_obligation,government_regulatory_enforcement,,,
1465,정부/국회,정부_국회,중소벤처기업부,AI로 쏠리는 벤처투자…정부 규제 완화에도 '선별 투자' 심화,ai로 쏠리는 벤처투자 정부 규제 완화에도 선별 투자 심화,뉴스1,뉴스1,"Sun, 12 Jul 2026 21:15:00 GMT",AI로 쏠리는 벤처투자…정부 규제 완화에도 '선별 투자' 심화 뉴스1,https://news.google.com/rss/articles/CBMiZEFVX3lxTE9MVVVqdktaVDZ5a1BiWW5JRkFva3k1d2h2NXlST181N2JyZ19KbjlYOHdQdGRvZF91aGFRdHBhMllRSUtDd1FWUWk5a0pSUlVCUWp6RUNacXNqM1g1R0JEWEpjQ1M?oc=5,google_rss_중소벤처기업부 when:2d,103.6,47.0,"ai_infrastructure_security,policy_legislation",ai_infrastructure_security,,,,,,,,general,14.0,published_yesterday,business_change,,general,,"insufficient_industry_basis:actor=False,change=True,bridge=False",1,,,,103.6,"policy_legislation,ai_infrastructure_security",government:tech_security_policy,,,정부_국회,GOV_AI_DIGITAL_POLICY,government_ai_core_policy,government_ai_core_policy:ai로 쏠리는 벤처투자 정부 규제 완화에도 선별 투자 심화,카카오 AI agent/AI 서비스 전략과 연결되는 핵심 정책환경,5,4,5,,,로컬 보조 라벨,local_low_confidence,,GOV_AI_CORE_POLICY,,other,카카오 AI agent/AI 서비스 전략과 연결되는 핵심 정책환경,,government_ai_core_policy:ai로 쏠리는 벤처투자 정부 규제 완화에도 선별 투자 심화,government_ai_core_policy,,,
1838,정부/국회,정부_국회,국가AI전략위원회,"[Gov & Now] AI 인프라 패권 경쟁 속도…정부, 데이터센터 산업 생태계 육성 착수",gov now ai 인프라 패권 경쟁 속도 정부 데이터센터 산업 생태계 육성 착수,ebn.co.kr,ebn.co.kr,"Tue, 14 Jul 2026 06:46:29 GMT","[Gov & Now] AI 인프라 패권 경쟁 속도…정부, 데이터센터 산업 생태계 육성 착수 ebn.co.kr",https://news.google.com/rss/articles/CBMiaEFVX3lxTE8tR3ZQdU56WnVNSGJvR180ZXU4aXg0U0NjZGRZSnBTU3AyMVVtYU9FdGp5VG5KZTN2LTdfdHlWTFp4NFVkbkY4dUNtSzVFZmRSYkkyUGEwQXFETTZNSmZUR3d1OFNTeFZ4?oc=5,google_rss_국가AI전략위원회 when:2d,103.6,43.0,ai_infrastructure_security,ai_infrastructure_security,,,,,,,,general,24.0,published_today,business_change,,general,Y,"industry_basis_pass:actor=True,change=True,bridge=True",3,,,,103.6,"policy_legislation,ai_infrastructure_security",government:tech_security_policy,,,정부_국회,GOV_AI_DIGITAL_POLICY,government_ai_core_policy,AI 정책 컨트롤타워 인선/공백,카카오 AI agent/AI 서비스 전략과 연결되는 핵심 정책환경,5,4,5,,,로컬 보조 라벨,local_low_confidence,,GOV_AI_CORE_POLICY,,other,카카오 AI agent/AI 서비스 전략과 연결되는 핵심 정책환경,,AI 정책 컨트롤타워 인선/공백,government_ai_core_policy,,,
823,정부/국회,정부_국회,공정거래위원회,"공정위 도입 시사, 日 제도화 추진···국내 ‘가상자산 ETF’에 모이는 시선",공정위 도입 시사 제도화 추진 국내 가상자산 etf에 모이는 시선,시사저널e,시사저널e,"Mon, 13 Jul 2026 05:32:45 GMT","공정위 도입 시사, 日 제도화 추진···국내 ‘가상자산 ETF’에 모이는 시선 시사저널e",https://news.google.com/rss/articles/CBMidkFVX3lxTE9PMEdHazhITFBSSFJQZkFQbHJ3dVpzanZoaUpKSXRoanZRTVZyTGliNGpaTHBlRktobzFicjNTTUpaT2kyZnpQOG94dXB3SUJYeTVjY1NKNk1jOFhGRFpkSkZFQ2IxMk1wSWQxVmhpSldhUTZ3RGfSAXZBVV95cUxPTzBHR2s4SExQUkhSUGZBUGxyd3Vac2p2aGlKSkl0aGp2UU1WckxpYjRqWkxwZUZLaG8xYnIzU01KWk9pMmZ6UDhveHVwd0lCWHk1Y2NTSjZNYzhYRkRaZEpGRUNiMTJNcElkMVZoaUpXYVE2d0Rn?oc=5,google_rss_공정거래위원회 법안 when:2d,102.6,87.5,"antitrust_platform,digital_asset_stablecoin,stablecoin",stablecoin_general,공정위,,,,,,,general,14.0,published_yesterday,market_commentary,global_incident:digital_asset_policy:fair_trade_authority:digital_asset_policy,general,,"insufficient_industry_basis:actor=False,change=True,bridge=False",1,,,,102.6,"policy_legislation,digital_asset_stablecoin",government:digital_asset,global_incident:digital_asset_policy:fair_trade_authority:digital_asset_policy:announcement,global_incident:digital_asset_policy:fair_trade_authority:digital_asset_policy,정부_국회,GOV_PLATFORM_REGULATION,government_regulatory_enforcement,global_incident:digital_asset_policy:fair_trade_authority:digital_asset_policy,카카오 플랫폼·AI·대관 대응 경로에 영향을 줄 수 있는 정책/감독 이슈,4,5,4,,,로컬 보조 라벨,local_low_confidence,,GOV_REGULATORY_ENFORCEMENT,,other,카카오 플랫폼·AI·대관 대응 경로에 영향을 줄 수 있는 정책/감독 이슈,,global_incident:digital_asset_policy:fair_trade_authority:digital_asset_policy,government_regulatory_enforcement,,,
1528,정부/국회,정부_국회,과학기술정보통신위원회,"민주당 과방위원들 ˝국민의힘, 국회 복귀해야˝…AI·민생 입법 정상화 촉구",민주당 과방위원들 국민의힘 국회 복귀해야 ai 민생 입법 정상화 촉구,전라매일,전라매일,"Mon, 13 Jul 2026 08:30:00 GMT","민주당 과방위원들 ˝국민의힘, 국회 복귀해야˝…AI·민생 입법 정상화 촉구 전라매일",https://news.google.com/rss/articles/CBMiUkFVX3lxTE9ZWjdkX2xmbzJaWFFkOGx2a1RXNlk0TGItWWpxUkkxbUN0WEpVMmppLVdBZzNrTXp1d1MyYm1PY0IzazRFM0NjemJhbUZ5TklqNWc?oc=5,google_rss_과학기술정보통신위원회 when:2d,102.6,50.0,"ai_infrastructure_security,policy_legislation",ai_infrastructure_security,,,,,,,,general,14.0,published_yesterday,business_change,,general,,"insufficient_industry_basis:actor=False,change=False,bridge=False",0,,,,102.6,"policy_legislation,ai_infrastructure_security",government:tech_security_policy,,,정부_국회,GOV_AI_DIGITAL_POLICY,government_ai_core_policy,government_ai_core_policy:민주당 과방위원들 국민의힘 국회 복귀해야 ai 민생 입법 정상화 촉구,카카오 AI agent/AI 서비스 전략과 연결되는 핵심 정책환경,5,4,5,,,로컬 보조 라벨,local_low_confidence,,GOV_AI_CORE_POLICY,,other,카카오 AI agent/AI 서비스 전략과 연결되는 핵심 정책환경,,government_ai_core_policy:민주당 과방위원들 국민의힘 국회 복귀해야 ai 민생 입법 정상화 촉구,government_ai_core_policy,,,
406,정부/국회,정부_국회,과학기술정보통신부,"과기정통부, 대국민 AI 서비스 개발 착수",과기정통부 대국민 ai 서비스 개발 착수,조선일보,조선일보,"Mon, 13 Jul 2026 06:54:04 GMT","과기정통부, 대국민 AI 서비스 개발 착수 조선일보",https://news.google.com/rss/articles/CBMigwFBVV95cUxPNU1hTXJDNXhkaGNvaV9mcmlmMW1hcHI1UE8xZDZxME0xNDVsRlAzeFBPUTIweGlBdDdtdmEwcy10bmRXR3RwamJGWkU0Qk10cjhMSVUwZG9xaUg4QXRxeGVNMGFBeUEyamFZUW0wTENIVXBVZ3UxVUQ3VHVQQk1qZkFNYw?oc=5,google_rss_과학기술정보통신부 when:2d,102.6,45.5,ai_infrastructure_security,ai_infrastructure_security,과기정통부,,,,,,,general,14.0,published_yesterday,business_change,event:과기정통부:ai_infrastructure_security,general,,"insufficient_industry_basis:actor=False,change=False,bridge=False",0,,,,102.6,ai_infrastructure_security,government:tech_security_policy,,,정부_국회,GOV_AI_DIGITAL_POLICY,government_ai_core_policy,government_ai_core_policy:과기정통부 대국민 ai 서비스 개발 착수,카카오 AI agent/AI 서비스 전략과 연결되는 핵심 정책환경,5,4,5,,,로컬 보조 라벨,local_low_confidence,,GOV_AI_CORE_POLICY,,other,카카오 AI agent/AI 서비스 전략과 연결되는 핵심 정책환경,,government_ai_core_policy:과기정통부 대국민 ai 서비스 개발 착수,government_ai_core_policy,,,
1478,정부/국회,정부_국회,중소벤처기업부,"​아티크론, 중기부 '스케일업 팁스' 선정…40억 원 규모 온디바이스 AI 반도체 사업화 추진",아티크론 중기부 스케일업 팁스 선정 40억 원 규모 온디바이스 ai 반도체 사업화 추진,네이트,네이트,"Tue, 14 Jul 2026 06:33:00 GMT","​아티크론, 중기부 '스케일업 팁스' 선정…40억 원 규모 온디바이스 AI 반도체 사업화 추진 네이트",https://news.google.com/rss/articles/CBMiU0FVX3lxTE5GVkp0SDJlV2tYY2t3YzZWRVVvLUlGclBEMVRDOWE0dUVrMzNxZ2lYWTY1SktuM2VWSHYyQk54Z0NobVRWb1BnRmZUSGZDVlVvRXU0?oc=5,google_rss_중소벤처기업부 when:2d,102.6,40.0,ai_infrastructure_security,ai_infrastructure_security,,,,,,,,general,24.0,published_today,business_change,,general,,"insufficient_industry_basis:actor=True,change=False,bridge=False",1,,,,102.6,ai_infrastructure_security,government:tech_security_policy,,,정부_국회,GOV_AI_DIGITAL_POLICY,government_ai_core_policy,government_ai_core_policy:아티크론 중기부 스케일업 팁스 선정 40억 원 규모 온디바이스 ai 반도체 사업화 추진,카카오 AI agent/AI 서비스 전략과 연결되는 핵심 정책환경,5,4,5,,,로컬 보조 라벨,local_low_confidence,,GOV_AI_CORE_POLICY,,other,카카오 AI agent/AI 서비스 전략과 연결되는 핵심 정책환경,,government_ai_core_policy:아티크론 중기부 스케일업 팁스 선정 40억 원 규모 온디바이스 ai 반도체 사업화 추진,government_ai_core_policy,,,
538,정부/국회,정부_국회,과학기술정보통신부,"전 국민 무료 AI 시대 연다…정부, 국산 AI 50% 활용해 '모두의 AI' 구축",전 국민 무료 ai 시대 연다 정부 국산 ai 50 활용해 모두의 ai 구축,네이트,네이트,"Tue, 14 Jul 2026 05:56:00 GMT","전 국민 무료 AI 시대 연다…정부, 국산 AI 50% 활용해 '모두의 AI' 구축 네이트",https://news.google.com/rss/articles/CBMiU0FVX3lxTFBrdGktOHBBUHRNZEtIWENuRnhOWk1nX3FnYngzWk9LX0lJQWNsbGRJcGo0VFloWkRrUWZZc09Ma2VJVjEzM2VYMms2eTBkN0lGQkxv?oc=5,google_rss_과학기술정보통신부 AI when:2d,102.6,40.0,ai_infrastructure_security,ai_infrastructure_security,,,,,,,,general,24.0,published_today,business_change,,general,,"insufficient_industry_basis:actor=False,change=True,bridge=False",1,,,,102.6,ai_infrastructure_security,government:tech_security_policy,,,정부_국회,GOV_AI_DIGITAL_POLICY,government_ai_core_policy,government_ai_core_policy:전 국민 무료 ai 시대 연다 정부 국산 ai 50 활용해 모두의 ai 구축,카카오 AI agent/AI 서비스 전략과 연결되는 핵심 정책환경,5,4,5,,,로컬 보조 라벨,local_low_confidence,,GOV_AI_CORE_POLICY,,other,카카오 AI agent/AI 서비스 전략과 연결되는 핵심 정책환경,,government_ai_core_policy:전 국민 무료 ai 시대 연다 정부 국산 ai 50 활용해 모두의 ai 구축,government_ai_core_policy,,,
377,정부/국회,정부_국회,과학기술정보통신부,"정부, 국산 AI 자립 선언 ‘모두의 AI’ 연내 서비스… 다음달 11일까지 공모",정부 국산 ai 자립 선언 모두의 ai 연내 서비스 다음달 11일까지 공모,시큐리티팩트,시큐리티팩트,"Tue, 14 Jul 2026 03:09:00 GMT","정부, 국산 AI 자립 선언 ‘모두의 AI’ 연내 서비스… 다음달 11일까지 공모 시큐리티팩트",https://news.google.com/rss/articles/CBMiYEFVX3lxTE5zbmpxMXJtMGFUaFVXNVBrcDQ2NFZxRlJZbVFPZTBTZkdNWFNla2xhNGxTZWM3c1VWM3gzTEZZWGVjd3JXSUlZSDN6Ny1ycmF5TDYzUzB5VndKX09QZllJbw?oc=5,google_rss_과학기술정보통신부 when:2d,102.6,40.0,ai_infrastructure_security,ai_infrastructure_security,,,,,,,,general,24.0,published_today,business_change,,general,,"insufficient_industry_basis:actor=False,change=False,bridge=False",0,,,,102.6,ai_infrastructure_security,self:ai_strategy,,,정부_국회,GOV_AI_DIGITAL_POLICY,government_ai_core_policy,government_ai_core_policy:정부 국산 ai 자립 선언 모두의 ai 연내 서비스 다음달 11일까지 공모,카카오 AI agent/AI 서비스 전략과 연결되는 핵심 정책환경,5,4,5,,,로컬 보조 라벨,local_low_confidence,,GOV_AI_CORE_POLICY,,other,카카오 AI agent/AI 서비스 전략과 연결되는 핵심 정책환경,,government_ai_core_policy:정부 국산 ai 자립 선언 모두의 ai 연내 서비스 다음달 11일까지 공모,government_ai_core_policy,,,
620,정부/국회,정부_국회,방송미디어통신위원회,"방미통위 ""허위정보법 적용 네이버·구글·메타 등 8곳""…7일 뒤 효력",방미통위 허위정보법 적용 네이버 구글 메타 등 8곳 7일 뒤 효력,MSN,MSN,"Mon, 13 Jul 2026 04:03:29 GMT","방미통위 ""허위정보법 적용 네이버·구글·메타 등 8곳""…7일 뒤 효력 MSN",https://news.google.com/rss/articles/CBMipARBVV95cUxOVm5XT3lLdmpvaWlZa1RCX0xaSGlWaGJGNFhwbElPQzBqcEc0VkNrZlZJLWJyaHVLNHUtdnh2XzRRVUdGYVhFeEUwUG1XUGNma1NJT1dNazVZcllqZEl1RHlrSVNDTDFFQUtYQ3hCVmZ0WFZMei1hMVhPMllnMEJFOE9FWFZDR3NaMEpHd1YtOXlpWDFPaDV3b1JJaFZmdWZmNWFQNkNUQ1h1TG95TmVtX25RNkVfNDE1dnJBSzFUZVRicmlxbDBUdW9DYm0zTW1vRmdLZmVxTExxQzJ3czdabXhWS0NDNmIxM0ZqanRHaTZnNmtsVVVTWU96NXp1M3hGbHplMy13QlJXUDJaMHZjYjJrS18tRGo0bTkzTTZuRmJnUDZOT3B2cHlhOTYxa2ZqRHl2UDZ2SHhmZFF2cEFTNU13VFNUdDVDZXdPREZKYW9MZGVpMGVXYi1mbG45OUN4RU13dmZHLVljb05TSVA1d3JvZEhmcEg4MVRaSGxBaGxzcXZ4WW9XVUtGOEdIOVZHOXA3enJ2U0l6dVBJNWpxUG9ZTkhXU3F2aTdNcGVGeVRtczFjbzJCMFA0T2lSQ29FdTVobGpxSWdNdEtvSHhSVk1hYTY3LWpjSjdCNTNmQUtjc3gwNFJDekhaeTBfb3hBcGI3S05idFJDVmVHM3ltUm90YjJidkE1ZUo4TnVvZlYwbUV0OHZud3pjVmdIX1RZQ3cteg?oc=5,google_rss_방송미디어통신위원회 when:2d,100.6,126.5,platform_obligation,platform_obligation,"구글,네이버,메타,방미통위",,Y,,,,government:platform_obligation,platform_operator_obligation,14.0,published_yesterday,general,global_incident:platform_regulation:naver:platform_operator_obligation,action_started,Y,"industry_basis_pass:actor=True,change=False,bridge=True",2,,,,100.6,"policy_legislation,platform_obligation",government:platform_obligation,global_incident:platform_regulation:naver:platform_operator_obligation:general,global_incident:platform_regulation:naver:platform_operator_obligation,경쟁사_해외이슈,COMPETITOR_AI_STRATEGY,comp_domestic_strategy,global_incident:platform_regulation:naver:platform_operator_obligation,정부/국회 기사이나 카카오 플랫폼·AI·디지털금융과 연결 경로가 약함,4,2,1,,,로컬 보조 라벨 / v26.2: overseas structural industry candidate,local_low_confidence,,GOV_GENERAL_LOW_RELEVANCE,COMP_DOMESTIC_STRATEGY,mixed,정부/국회 기사이나 카카오 플랫폼·AI·디지털금융과 연결 경로가 약함,정부/국회 기사이나 카카오 플랫폼·AI·디지털금융과 연결 경로가 약함,global_incident:platform_regulation:naver:platform_operator_obligation,comp_domestic_strategy,,,
621,정부/국회,정부_국회,방송미디어통신위원회,"방미통위, 네이버 등 8곳에 허위정보법 적용",방미통위 네이버 등 8곳에 허위정보법 적용,MSN,MSN,"Mon, 13 Jul 2026 04:18:36 GMT","방미통위, 네이버 등 8곳에 허위정보법 적용 MSN",https://news.google.com/rss/articles/CBMiyANBVV95cUxPUlprQjdkV2VpN3dibWIwcWhrQUlZMkViYTZCSVAtXzFsZ0RsZThncUk2ZE1iTHpfUXdwbnFRN2NrSWFIV2xTQnRjODlIQjRkNnJpOHRBN3Fwa3NUd0xsVmZDMVFUV0d3Tkh5al91QW5mempFUjQ2RmhfVEQxVEdWSzYyUVBPZ3pMbzBlbEI4YzZhZDNaem40Zm1lb2hYVDFDZEstQ2UyNjNNaDloNkRaWDYydGNCNmlPLWc1WVRuajJOVXRPcmxyTk5vLUdKbDdxa3Z1VnJoYVhDNzZpbUZXN0JUaVNPQ1NJRkJoWlZqcmRkS3RQcEJoTndkMDJIZ24xalR0MWY3STRXTkJ0QmwxVXd3a0hUWUxMV0NOTy1xYnZtM09LWWl4VC1yMzBTeGhkUFpxUkt5NEdjTTNGZWs2Tm9obVFJdWtCNVJ0LVowUGVrUkJxZlpvVldFR1dsOFE3T0VvVVJHMkozMmoyT1dZZkEwdG9NdWNnUEt2SFdYeUxJOHVyMDJRNGlnT0czRWppbWtjUGd0eGhNWjNoT3k4cmFIU0I4ZWtzOU9rQ2ljelBIQ2lucnJSV0tjQmFIb25fX0xoZU1wSWM?oc=5,google_rss_방송미디어통신위원회 when:2d,100.6,124.0,platform_obligation,platform_obligation,"네이버,방미통위",,Y,,,,government:platform_obligation,platform_operator_obligation,14.0,published_yesterday,general,global_incident:platform_regulation:naver:platform_operator_obligation,action_started,Y,"industry_basis_pass:actor=True,change=False,bridge=True",2,,,,100.6,"policy_legislation,platform_obligation",government:platform_obligation,global_incident:platform_regulation:naver:platform_operator_obligation:general,global_incident:platform_regulation:naver:platform_operator_obligation,경쟁사_해외이슈,COMPETITOR_AI_STRATEGY,comp_domestic_strategy,global_incident:platform_regulation:naver:platform_operator_obligation,정부/국회 기사이나 카카오 플랫폼·AI·디지털금융과 연결 경로가 약함,4,2,1,,,로컬 보조 라벨 / v26.2: overseas structural industry candidate,local_low_confidence,,GOV_GENERAL_LOW_RELEVANCE,COMP_DOMESTIC_STRATEGY,mixed,정부/국회 기사이나 카카오 플랫폼·AI·디지털금융과 연결 경로가 약함,정부/국회 기사이나 카카오 플랫폼·AI·디지털금융과 연결 경로가 약함,global_incident:platform_regulation:naver:platform_operator_obligation,comp_domestic_strategy,,,
1169,정부/국회,정부_국회,금융감독원,"금감원, 자산운용사 'ETF 과장광고' 경고…내부통제 강화 주문",금감원 자산운용사 etf 과장광고 경고 내부통제 강화 주문,뉴스웍스,뉴스웍스,"Mon, 13 Jul 2026 01:23:46 GMT","금감원, 자산운용사 'ETF 과장광고' 경고…내부통제 강화 주문 뉴스웍스",https://news.google.com/rss/articles/CBMic0FVX3lxTE5tTG84Tm1YLUE3VzZVTFVCMG1FdHFzZjhRSng5dXZMT1hVNmpfUnpLaV9BOWJySG05OWRNZzJnYzZxUXVYNjNPTEotb2NkQWc0ajVESDFNU1dLNk0tZmxjMnd2NWhOWmFfM3FBZGVSUjFjWXPSAXNBVV95cUxObUxvOE5tWC1BN1c2VUxVQjBtRXRxc2Y4UUp4OXV2TE9YVTZqX1J6S2lfQTlickhtOTlkTWcyZ2M2cVF1WDYzT0xKLW9jZEFnNGo1REgxTVNXSzZNLWZsYzJ3djVoTlphXzNxQWRlUlIxY1lz?oc=5,"google_rss_""금융감독원"" when:2d",100.6,103.5,search_ads,,금감원,,Y,,,,government:platform_obligation,platform_operator_obligation,14.0,published_yesterday,market_commentary,global_incident:platform_regulation:financial_authority:platform_algorithm_ad_obligation,general,,"insufficient_industry_basis:actor=False,change=False,bridge=True",1,,,,100.6,,government:platform_obligation,global_incident:platform_regulation:financial_authority:platform_algorithm_ad_obligation:general,global_incident:platform_regulation:financial_authority:platform_algorithm_ad_obligation,정부_국회,GOV_PLATFORM_REGULATION,government_regulatory_enforcement,global_incident:platform_regulation:financial_authority:platform_algorithm_ad_obligation,카카오 플랫폼·AI·대관 대응 경로에 영향을 줄 수 있는 정책/감독 이슈,4,5,4,,,로컬 보조 라벨,local_low_confidence,,GOV_REGULATORY_ENFORCEMENT,,other,카카오 플랫폼·AI·대관 대응 경로에 영향을 줄 수 있는 정책/감독 이슈,,global_incident:platform_regulation:financial_authority:platform_algorithm_ad_obligation,government_regulatory_enforcement,,,
467,정부/국회,정부_국회,과학기술정보통신부,"“전국민 AI 에이전트 만든다”…정부, ‘모두의 AI’ 개발 본격 착수",전국민 ai 에이전트 만든다 정부 모두의 ai 개발 본격 착수,아시아투데이,아시아투데이,"Mon, 13 Jul 2026 08:43:56 GMT","“전국민 AI 에이전트 만든다”…정부, ‘모두의 AI’ 개발 본격 착수 아시아투데이",https://news.google.com/rss/articles/CBMibkFVX3lxTFBnS1VlYm51MkxzNlVJUXpWRi1CeVhqdnpNaWFIWFpGUVlCak5OcTZab0thdkNkTEh4YVpmZkM4NWRKOExmemE3ZE9UVDg3ZnBHLU5KckI1V2o4OFdFSXZ3TjJJNXFwTWltSlZxSjJ3?oc=5,"google_rss_""과학기술정보통신부"" when:2d",100.6,43.0,"ai_agent,ai_infrastructure_security",ai_infrastructure_security,,,,,,,,general,14.0,published_yesterday,business_change,,general,,"insufficient_industry_basis:actor=False,change=False,bridge=True",1,,,,100.6,ai_infrastructure_security,government:tech_security_policy,,,정부_국회,GOV_AI_DIGITAL_POLICY,government_ai_core_policy,government_ai_core_policy:전국민 ai 에이전트 만든다 정부 모두의 ai 개발 본격 착수,카카오 AI agent/AI 서비스 전략과 연결되는 핵심 정책환경,5,4,5,,,로컬 보조 라벨,local_low_confidence,,GOV_AI_CORE_POLICY,,other,카카오 AI agent/AI 서비스 전략과 연결되는 핵심 정책환경,,government_ai_core_policy:전국민 ai 에이전트 만든다 정부 모두의 ai 개발 본격 착수,government_ai_core_policy,,,
1893,정부/국회,정부_국회,AI기본법,"정부, AI 콘텐츠 진흥법 연내 발의 추진…""AX 확산 지원""",정부 ai 콘텐츠 진흥법 연내 발의 추진 ax 확산 지원,edaily.co.kr,이데일리,"Tue, 14 Jul 2026 05:26:48 GMT","정부, AI 콘텐츠 진흥법 연내 발의 추진…""AX 확산 지원"" edaily.co.kr",https://news.google.com/rss/articles/CBMigAFBVV95cUxNSHZPRGlHSTFQbmNkRjBfYkE5ZnhfZW9qZnFhUm5BaElrbjBERExiWmtYNXpaMUVhMHk4Q1YwY0tyODBUS3J3Vlh4b3E4N1d3ak9DekR2Tll1dnVmWUVEOXdnSGxITTA2Ynk2ZllSYUZ2ZXJjMWtZcEU1cWE1WlpKTg?oc=5,google_rss_AI기본법 when:2d,100.6,40.0,ai_infrastructure_security,ai_infrastructure_security,,,,,,,,general,24.0,published_today,business_change,,general,Y,"industry_basis_pass:actor=False,change=True,bridge=True",2,,,,100.6,"policy_legislation,ai_infrastructure_security",government:tech_security_policy,,,정부_국회,GOV_AI_DIGITAL_POLICY,government_ai_core_policy,government_ai_core_policy:정부 ai 콘텐츠 진흥법 연내 발의 추진 ax 확산 지원,카카오 AI agent/AI 서비스 전략과 연결되는 핵심 정책환경,5,4,5,,,로컬 보조 라벨,local_low_confidence,,GOV_AI_CORE_POLICY,,other,카카오 AI agent/AI 서비스 전략과 연결되는 핵심 정책환경,,government_ai_core_policy:정부 ai 콘텐츠 진흥법 연내 발의 추진 ax 확산 지원,government_ai_core_policy,,,
1454,정부/국회,정부_국회,중소벤처기업부,AI로 쏠리는 벤처투자…정부 규제 완화에도 '선별 투자' 심화,ai로 쏠리는 벤처투자 정부 규제 완화에도 선별 투자 심화,v.daum.net,v.daum.net,"Sun, 12 Jul 2026 21:16:42 GMT",AI로 쏠리는 벤처투자…정부 규제 완화에도 '선별 투자' 심화 v.daum.net,https://news.google.com/rss/articles/CBMiVEFVX3lxTE13NDhXS1NKcTVhZklmTzQwd0tiTGllUmFqdklTTzFCYUN4d0V6d2xXRUlHSllVVzctVTRpNnduYlV2c1hKMmZCdUtGUnhETTZZOVlBNg?oc=5,google_rss_중소벤처기업부 when:2d,99.6,47.0,"ai_infrastructure_security,policy_legislation",ai_infrastructure_security,,,,,,,,general,14.0,published_yesterday,business_change,,general,,"insufficient_industry_basis:actor=False,change=True,bridge=False",1,,,,99.6,"policy_legislation,ai_infrastructure_security",government:tech_security_policy,,,정부_국회,SELF_AFFILIATE_BUSINESS,self_filler_reference,self_filler_reference:ai로 쏠리는 벤처투자 정부 규제 완화에도 선별 투자 심화,카카오 AI agent/AI 서비스 전략과 연결되는 핵심 정책환경,2,2,5,,,v26: 카카오 직접 주체가 없어 자사 섹션 제외/재분류,local_low_confidence,OFF_TOPIC,GOV_AI_CORE_POLICY,,other,카카오 AI agent/AI 서비스 전략과 연결되는 핵심 정책환경,,self_filler_reference:ai로 쏠리는 벤처투자 정부 규제 완화에도 선별 투자 심화,self_filler_reference,,,
433,정부/국회,정부_국회,과학기술정보통신부,"과기정통부, ‘모두의 AI’ 개발사 내달 11일까지 공모",과기정통부 모두의 ai 개발사 내달 11일까지 공모,v.daum.net,v.daum.net,"Mon, 13 Jul 2026 09:26:41 GMT","과기정통부, ‘모두의 AI’ 개발사 내달 11일까지 공모 v.daum.net",https://news.google.com/rss/articles/CBMiRkFVX3lxTE5sQW1aTW82UVVubWQ5ZWpERWhzS19hT0ZMeGdoT1haQkdqRG9JcjJ1MFl1aDYzVzlDVHRCWjZkSEFuY0RqbVE?oc=5,google_rss_과학기술정보통신부 when:2d,99.6,45.5,ai_infrastructure_security,ai_infrastructure_security,과기정통부,,,,,,,general,14.0,published_yesterday,business_change,event:과기정통부:ai_infrastructure_security,general,,"insufficient_industry_basis:actor=False,change=False,bridge=False",0,,,,99.6,ai_infrastructure_security,government:tech_security_policy,,,정부_국회,SELF_AFFILIATE_BUSINESS,self_filler_reference,self_filler_reference:과기정통부 모두의 ai 개발사 내달 11일까지 공모,카카오 AI agent/AI 서비스 전략과 연결되는 핵심 정책환경,2,2,5,,,v26: 카카오 직접 주체가 없어 자사 섹션 제외/재분류,local_low_confidence,OFF_TOPIC,GOV_AI_CORE_POLICY,,other,카카오 AI agent/AI 서비스 전략과 연결되는 핵심 정책환경,,self_filler_reference:과기정통부 모두의 ai 개발사 내달 11일까지 공모,self_filler_reference,,,
449,정부/국회,정부_국회,과학기술정보통신부,"""국민 누구나 무료로""…과기정통부, '모두의 AI 프로젝트' 공모 시작",국민 누구나 무료로 과기정통부 모두의 ai 프로젝트 공모 시작,매일일보,매일일보,"Mon, 13 Jul 2026 08:04:09 GMT","""국민 누구나 무료로""…과기정통부, '모두의 AI 프로젝트' 공모 시작 매일일보",https://news.google.com/rss/articles/CBMiZEFVX3lxTE9DR1YtYldJRU9wTV90RGhobXNvd0RiOHdudEJtUkttb1hRMnN3UjcycVplX0lsbk9ha21DMng4NTlfa2JhaUlLbWNaS2xtcml1UHRsSEFUekpYT1haUXhfeEswQnk?oc=5,google_rss_과학기술정보통신부 when:2d,99.6,45.5,ai_infrastructure_security,ai_infrastructure_security,과기정통부,,,,,,,general,14.0,published_yesterday,business_change,event:과기정통부:ai_infrastructure_security,general,,"insufficient_industry_basis:actor=False,change=False,bridge=False",0,,,,99.6,ai_infrastructure_security,government:tech_security_policy,,,정부_국회,GOV_AI_DIGITAL_POLICY,government_ai_core_policy,government_ai_core_policy:국민 누구나 무료로 과기정통부 모두의 ai 프로젝트 공모 시작,카카오 AI agent/AI 서비스 전략과 연결되는 핵심 정책환경,5,4,5,,,로컬 보조 라벨,local_low_confidence,,GOV_AI_CORE_POLICY,,other,카카오 AI agent/AI 서비스 전략과 연결되는 핵심 정책환경,,government_ai_core_policy:국민 누구나 무료로 과기정통부 모두의 ai 프로젝트 공모 시작,government_ai_core_policy,,,
318,자사 및 계열사 이슈,자사_및_계열사_이슈,카카오톡,"카카오페이증권, 투자매매업 인가 획득…IPO·채권 사업까지 영토 확장",카카오페이증권 투자매매업 인가 획득 ipo 채권 사업까지 영토 확장,네이트,네이트,"Mon, 13 Jul 2026 06:28:00 GMT","카카오페이증권, 투자매매업 인가 획득…IPO·채권 사업까지 영토 확장 네이트",https://news.google.com/rss/articles/CBMiU0FVX3lxTE9BcFB1WTRsMWJCWk44aWRnMllkR3ZySjZKdzE0b2l5bVp6dkxORDFEejYtTG44S240enFpWDgzRWVDQmV1U1hjT0lvdldub3p5Umhn?oc=5,google_rss_카카오톡 카카오페이 when:2d,98.8,65.0,strategy_mna_governance,strategy_mna_governance,"카카오,카카오페이",brand_not_in_title,,Y,must_review:self_strict:strategy_mna:strategy_mna_governance,,,direct_self_risk,14.0,published_yesterday,direct_risk,global_incident:mna_capital:kakao:mna_capital,general,Y,"industry_basis_pass:actor=True,change=True,bridge=True",3,,,,98.8,strategy_mna_governance,self:strategy_mna,global_incident:mna_capital:kakao:mna_capital:general,global_incident:mna_capital:kakao:mna_capital,자사_및_계열사_이슈,SELF_AFFILIATE_BUSINESS,self_strategic_reference,global_incident:mna_capital:kakao:mna_capital,"카카오·계열사의 사업 확장, 제휴, MOU, 신규 서비스 참고 이슈",5,4,5,,,v40: 직접 리스크는 아니지만 자사 사업 확장·제휴성 이슈로 2순위 반영,local_low_confidence,STRATEGIC_REFERENCE,,,other,,,global_incident:mna_capital:kakao:mna_capital,self_strategic_reference,,,
1153,정부/국회,정부_국회,금융감독원,"[리포트] 이찬진 금감원장, ETF 과장광고에 경고…'레버리지 상품' 대책에는 ‘침묵’",리포트 이찬진 금감원장 etf 과장광고에 경고 레버리지 상품 대책에는 침묵,팍스경제TV,팍스경제TV,"Mon, 13 Jul 2026 08:55:48 GMT","[리포트] 이찬진 금감원장, ETF 과장광고에 경고…'레버리지 상품' 대책에는 ‘침묵’ 팍스경제TV",https://news.google.com/rss/articles/CBMiZ0FVX3lxTE0tcHMySGlicXRadmtLbFg0WGEtOERsR2UxbFA1Y2xGd3E1bVhTNmtObXdBYzhJQVJNNUlSa0F3U25ySW1hYXp0QmFKZEdzRnN4cGZ2U01rYks0Z3N1TDFRSWdWTThnejg?oc=5,google_rss_금융감독원 when:2d,97.8,48.5,"policy_legislation,search_ads",policy_legislation,금감원,,,,,,,general,2.0,published_yesterday+analysis_without_direct_event,market_commentary,event:금감원:policy_legislation,general,,"insufficient_industry_basis:actor=False,change=False,bridge=True",1,,,,97.8,policy_legislation,government:policy_legislation,,,정부_국회,GOV_PLATFORM_REGULATION,government_regulatory_enforcement,government_regulatory_enforcement:리포트 이찬진 금감원장 etf 과장광고에 경고 레버리지 상품 대책에는 침묵,카카오 플랫폼·AI·대관 대응 경로에 영향을 줄 수 있는 정책/감독 이슈,4,5,4,,,로컬 보조 라벨,local_low_confidence,,GOV_REGULATORY_ENFORCEMENT,,other,카카오 플랫폼·AI·대관 대응 경로에 영향을 줄 수 있는 정책/감독 이슈,,government_regulatory_enforcement:리포트 이찬진 금감원장 etf 과장광고에 경고 레버리지 상품 대책에는 침묵,government_regulatory_enforcement,,,
470,정부/국회,정부_국회,과학기술정보통신부,"과기정통부, ‘모두의 AI’ 개발사 내달 11일까지 공모",과기정통부 모두의 ai 개발사 내달 11일까지 공모,dt.co.kr,디지털타임스,"Mon, 13 Jul 2026 09:24:50 GMT","과기정통부, ‘모두의 AI’ 개발사 내달 11일까지 공모 dt.co.kr",https://news.google.com/rss/articles/CBMiTkFVX3lxTE9LQnBWaW50QWNPN1pyMjBwb25XY2Rfb2hvb2hpQXI0U1p2cU9rZ2lmVl9pNjNJNkZQZzlod0NBWDZEczFhTUJpQkx2Z3h4dw?oc=5,"google_rss_""과학기술정보통신부"" when:2d",97.6,45.5,ai_infrastructure_security,ai_infrastructure_security,과기정통부,,,,,,,general,14.0,published_yesterday,business_change,event:과기정통부:ai_infrastructure_security,general,,"insufficient_industry_basis:actor=False,change=False,bridge=False",0,,,,97.6,ai_infrastructure_security,government:tech_security_policy,,,정부_국회,GOV_AI_DIGITAL_POLICY,government_ai_core_policy,government_ai_core_policy:과기정통부 모두의 ai 개발사 내달 11일까지 공모,카카오 AI agent/AI 서비스 전략과 연결되는 핵심 정책환경,5,4,5,,,로컬 보조 라벨,local_low_confidence,,GOV_AI_CORE_POLICY,,other,카카오 AI agent/AI 서비스 전략과 연결되는 핵심 정책환경,,government_ai_core_policy:과기정통부 모두의 ai 개발사 내달 11일까지 공모,government_ai_core_policy,,,
795,정부/국회,정부_국회,공정거래위원회,"공정위, 14조원 규모 '구글' 불공정 행위 심의 착수",공정위 14조원 규모 구글 불공정 행위 심의 착수,인벤,인벤,"Mon, 13 Jul 2026 04:07:20 GMT","공정위, 14조원 규모 '구글' 불공정 행위 심의 착수 인벤",https://news.google.com/rss/articles/CBMib0FVX3lxTE1sa2t5dUp6VGJPZnFOOG41ZlhOY0FFLXJ0ZVRoRVJjOGhJZkhNSk9QMUcwZ3pUMHZxb193TlZBSWVDWDBwUUpRclFzMkF4ejFXUzZBQXBpX3Bzd1BHMlpYSEJUT01iSXhrNTI4OWlSYw?oc=5,google_rss_공정거래위원회 규제 when:2d,96.6,48.0,antitrust_platform,antitrust_inapp,"공정위,구글",,,,,,,general,14.0,published_yesterday,official_action,global_incident:platform_regulation:google:platform_regulation,general,Y,"industry_basis_pass:actor=True,change=False,bridge=True",2,,,,96.6,policy_legislation,,global_incident:platform_regulation:google:platform_regulation:announcement,global_incident:platform_regulation:google:platform_regulation,정부_국회,GOV_PLATFORM_REGULATION,government_general_low_relevance,global_incident:platform_regulation:google:platform_regulation,정부/국회 기사이나 카카오 플랫폼·AI·디지털금융과 연결 경로가 약함,2,2,1,,,로컬 보조 라벨,local_low_confidence,,GOV_GENERAL_LOW_RELEVANCE,COMP_GENERAL_LOW_RELEVANCE,overseas,정부/국회 기사이나 카카오 플랫폼·AI·디지털금융과 연결 경로가 약함,정부/국회 기사이나 카카오 플랫폼·AI·디지털금융과 연결 경로가 약함,global_incident:platform_regulation:google:platform_regulation,government_general_low_relevance,,,
428,정부/국회,정부_국회,과학기술정보통신부,과기정통부 '모두의 AI' 연내 서비스...2~3개 사업자 공모,과기정통부 모두의 ai 연내 서비스 2 3개 사업자 공모,뉴스;트리,뉴스;트리,"Mon, 13 Jul 2026 07:37:59 GMT",과기정통부 '모두의 AI' 연내 서비스...2~3개 사업자 공모 뉴스;트리,https://news.google.com/rss/articles/CBMiXEFVX3lxTFBJVGtsaG1rSFpEZXJuWEwyVzBhcHF3WU92N0lZYmFWMFphUDV3b0puYUhfenVFYlliR0pjMzBobjFOX0hQOXBCcjNRSmdRMjV2R1cyaUVMS1ZyRzJF?oc=5,google_rss_과학기술정보통신부 when:2d,96.6,45.5,ai_infrastructure_security,ai_infrastructure_security,과기정통부,,,,,,,general,14.0,published_yesterday,business_change,event:과기정통부:ai_infrastructure_security,general,,"insufficient_industry_basis:actor=False,change=False,bridge=False",0,,,,96.6,ai_infrastructure_security,government:tech_security_policy,,,정부_국회,GOV_AI_DIGITAL_POLICY,government_ai_core_policy,government_ai_core_policy:과기정통부 모두의 ai 연내 서비스 2 3개 사업자 공모,카카오 AI agent/AI 서비스 전략과 연결되는 핵심 정책환경,5,4,5,,,로컬 보조 라벨,local_low_confidence,,GOV_AI_CORE_POLICY,,other,카카오 AI agent/AI 서비스 전략과 연결되는 핵심 정책환경,,government_ai_core_policy:과기정통부 모두의 ai 연내 서비스 2 3개 사업자 공모,government_ai_core_policy,,,
72,자사 및 계열사 이슈,자사_및_계열사_이슈,카카오,카카오페이 개인정보 파문…증권업 인가도 도마 위,카카오페이 개인정보 파문 증권업 인가도 도마 위,위메이크뉴스,위메이크뉴스,"Tue, 14 Jul 2026 01:11:00 GMT",카카오페이 개인정보 파문…증권업 인가도 도마 위 위메이크뉴스,https://news.google.com/rss/articles/CBMiW0FVX3lxTFBNeTlqaGFwaWFmRmh6Qld1VU9OZ0lWVS1UaTV4TDVDa2NjOTN1Qm05OW1sLV9NeVlzY1Ftd1JvczlXUzk2VS1idVlYMkZMU2pSWVNaTUhxdTFnRU0?oc=5,google_rss_카카오 when:2d,95.8,38.0,kakao_pay_alipay,kakao_pay_alipay,"카카오,카카오페이",,,,,,,general,24.0,published_today,direct_risk,privacy_security:kakao:data_leak,general,Y,"industry_basis_pass:actor=True,change=False,bridge=True",2,,,,95.8,,,global_incident:platform_regulation:kakao:platform_regulation:general,global_incident:platform_regulation:kakao:platform_regulation,자사_및_계열사_이슈,SELF_DIRECT_RISK,self_privacy_security,global_incident:platform_regulation:kakao:platform_regulation,카카오 또는 계열사에 직접 발생한 외부 대응 필요 이슈,5,5,5,,,로컬 보조 라벨 / v26: 오늘 새 직접 사건·진전,local_low_confidence,DIRECT_RISK,,,other,,,global_incident:platform_regulation:kakao:platform_regulation,self_privacy_security,,,
459,정부/국회,정부_국회,과학기술정보통신부,"정부, 모두의 AI 착수···국민 누구나 쓰는 ‘무료 AI’ 연내 출시한다",정부 모두의 ai 착수 국민 누구나 쓰는 무료 ai 연내 출시한다,이뉴스투데이,이뉴스투데이,"Mon, 13 Jul 2026 08:06:07 GMT","정부, 모두의 AI 착수···국민 누구나 쓰는 ‘무료 AI’ 연내 출시한다 이뉴스투데이",https://news.google.com/rss/articles/CBMidEFVX3lxTE5xU3dOWEZsNXZxT0o4Rm9wRDh6QUh0bFBNLVZva25ubW5IbndiQm1CX2wtc2F1WkJjLUR4aWFxU2tzS0IwZWstYV9hZXBfVGJGZi0zUE1tYzZiVlJvUngwX2RuUS1VeHNuZnUyUUhqQmlEbVBp0gF0QVVfeXFMTnFTd05YRmw1dnFPSjhGb3BEOHpBSHRsUE0tVm9rbm5tbkhud2JCbUJfbC1zYXVaQmMtRHhpYXFTa3NLQjBlay1hX2FlcF9UYkZmLTNQTW1jNmJWUm9SeDBfZG5RLVV4c25mdTJRSGpCaURtUGk?oc=5,google_rss_과학기술정보통신부 when:2d,94.6,40.0,ai_infrastructure_security,ai_infrastructure_security,,,,,,,,general,14.0,published_yesterday,business_change,,general,,"weak_form_without_full_basis:actor=False,change=True,bridge=False",1,,,,94.6,ai_infrastructure_security,government:tech_security_policy,,,정부_국회,GOV_AI_DIGITAL_POLICY,government_ai_core_policy,government_ai_core_policy:정부 모두의 ai 착수 국민 누구나 쓰는 무료 ai 연내 출시한다,카카오 AI agent/AI 서비스 전략과 연결되는 핵심 정책환경,5,4,5,,,로컬 보조 라벨,local_low_confidence,,GOV_AI_CORE_POLICY,,other,카카오 AI agent/AI 서비스 전략과 연결되는 핵심 정책환경,,government_ai_core_policy:정부 모두의 ai 착수 국민 누구나 쓰는 무료 ai 연내 출시한다,government_ai_core_policy,,,
263,자사 및 계열사 이슈,자사_및_계열사_이슈,카카오,"카카오게임즈, 신작 공세 본격화…하반기 실적 반등 분수령",카카오게임즈 신작 공세 본격화 하반기 실적 반등 분수령,스포츠한국,스포츠한국,"Mon, 13 Jul 2026 02:41:26 GMT","카카오게임즈, 신작 공세 본격화…하반기 실적 반등 분수령 스포츠한국",https://news.google.com/rss/articles/CBMicEFVX3lxTE1HbVhBMTVSUnRHc3ZzNVpYOEFINEJCTFVveTR6SnJWLXJIZGZXTEJFZ1B3dHhqcE5uZEUxT3czVUdGeHVuMUk4T2VPSFFQQjNzRWJHOU8tVjZVNDZKQ0dPTnF3eUJ2V1VjajludEJYcWTSAXRBVV95cUxOVmMwNDJtTksyRWxKREdMNE85VWhaUm45eGZpMS1YQlVuckpsRnJRZkJZcVc2cm5va2d1X0l5aFdGX1lKMzRGbjl2QW9BWVNiRGFVb2lfVjBLbFZmMVRSVDdkMnJ0MGJzZ3VIamtUTDFQX01EMw?oc=5,google_rss_카카오 카카오게임즈 when:2d,93.8,53.0,"earnings,financial_performance",financial_performance,"카카오,카카오게임즈",,,,,,,general,14.0,published_yesterday,direct_risk,event:카카오+카카오게임즈:financial_performance,general,Y,"industry_basis_pass:actor=True,change=False,bridge=True",2,,,,93.8,financial_performance,self:financial_performance,,,자사_및_계열사_이슈,SELF_DIRECT_RISK,self_direct_risk,self_direct_risk:카카오게임즈 신작 공세 본격화 하반기 실적 반등 분수령,카카오 또는 계열사에 직접 발생한 외부 대응 필요 이슈,5,5,5,,,로컬 보조 라벨 / v26: 오늘 새 직접 사건·진전,local_low_confidence,DIRECT_RISK,,,other,,,self_direct_risk:카카오게임즈 신작 공세 본격화 하반기 실적 반등 분수령,self_direct_risk,,,
65,자사 및 계열사 이슈,자사_및_계열사_이슈,카카오,"엔씨소프트, 카카오게임즈와 '롬' 저작권 소송서도 패소…""항소하겠다""",엔씨소프트 카카오게임즈와 롬 저작권 소송서도 패소 항소하겠다,디잇플러스,디잇플러스,"Tue, 14 Jul 2026 01:28:08 GMT","엔씨소프트, 카카오게임즈와 '롬' 저작권 소송서도 패소…""항소하겠다"" 디잇플러스",https://news.google.com/rss/articles/CBMiaEFVX3lxTE1lMGMzcU12a0w1blpwM0ZERlFYdy1WWVpVa3JOYllYaDJudVRCenFBcldqWHdoZ2xFVVFTQ2NxTVk2clctSFBvYUtoakpRREJveXIxSTlCWXN3b09XMmh2dFc3RDBrejlV?oc=5,google_rss_카카오 when:2d,92.8,35.0,copyright_ai,copyright_ai,"카카오,카카오게임즈",,,,,,,general,24.0,published_today,direct_risk,event:카카오+카카오게임즈:copyright_ai,general,Y,"industry_basis_pass:actor=True,change=False,bridge=True",2,,,,92.8,,,,,자사_및_계열사_이슈,SELF_DIRECT_RISK,self_legal_regulatory,self_legal_regulatory:엔씨소프트 카카오게임즈와 롬 저작권 소송서도 패소 항소하겠다,카카오 또는 계열사에 직접 발생한 외부 대응 필요 이슈,5,5,5,,,로컬 보조 라벨 / v26: 오늘 새 직접 사건·진전,local_low_confidence,DIRECT_RISK,,,other,,,self_legal_regulatory:엔씨소프트 카카오게임즈와 롬 저작권 소송서도 패소 항소하겠다,self_legal_regulatory,,,
600,정부/국회,정부_국회,방송미디어통신위원회,"KISA, 위치정보 기반 안전 서비스 공모",kisa 위치정보 기반 안전 서비스 공모,edaily.co.kr,이데일리,"Mon, 13 Jul 2026 10:43:50 GMT","KISA, 위치정보 기반 안전 서비스 공모 edaily.co.kr",https://news.google.com/rss/articles/CBMigAFBVV95cUxNYnNHb0w3QjVRNW96aDViUWZEeEhwT3NadG9mamFTQWh3YlNja1lLQXYxM3I2amthQkdtWjJFRHNuanFEYXZEVU9sOGdyTFdJc0xVZlJWRmFsUXBkRGdlTk1ialM4N3ZLVzIteHR4c24zN2Q2UEJ3MkVGRTc4MjNWOQ?oc=5,google_rss_방송미디어통신위원회 when:2d,92.6,40.0,ai_infrastructure_security,ai_infrastructure_security,,,,,,,,general,14.0,published_yesterday,general,,general,,"insufficient_industry_basis:actor=False,change=False,bridge=False",0,,,,92.6,"policy_legislation,ai_infrastructure_security",government:tech_security_policy,,,정부_국회,GOV_AI_DIGITAL_POLICY,government_ai_core_policy,government_ai_core_policy:kisa 위치정보 기반 안전 서비스 공모,카카오 AI agent/AI 서비스 전략과 연결되는 핵심 정책환경,5,4,5,,,로컬 보조 라벨,local_low_confidence,,GOV_AI_CORE_POLICY,,other,카카오 AI agent/AI 서비스 전략과 연결되는 핵심 정책환경,,government_ai_core_policy:kisa 위치정보 기반 안전 서비스 공모,government_ai_core_policy,,,
1467,정부/국회,정부_국회,중소벤처기업부,"이지스넷, 중기부 창업성장기술개발사업 선정… AI 기반 IT 운영관리 기술 개발 본격화",이지스넷 중기부 창업성장기술개발사업 선정 ai 기반 it 운영관리 기술 개발 본격화,뉴스와이어,뉴스와이어,"Sun, 12 Jul 2026 23:00:00 GMT","이지스넷, 중기부 창업성장기술개발사업 선정… AI 기반 IT 운영관리 기술 개발 본격화 뉴스와이어",https://news.google.com/rss/articles/CBMiX0FVX3lxTE1zTmdlRHUwLUZrdUY5bzJ4N1hfaVZZQ1dydnhRMW5na0J3bDktaFVDNk56R1Zab0E5VnEzcW9OaXlFaVBJMjFFZlpmWDZaSHR6TzkyRlBpSDIySExzaDFR?oc=5,google_rss_중소벤처기업부 when:2d,91.6,40.0,ai_infrastructure_security,ai_infrastructure_security,,,,,,,,general,14.0,published_yesterday,business_change,,general,,"insufficient_industry_basis:actor=False,change=False,bridge=False",0,,,,91.6,ai_infrastructure_security,government:tech_security_policy,,,정부_국회,GOV_AI_DIGITAL_POLICY,government_ai_core_policy,government_ai_core_policy:이지스넷 중기부 창업성장기술개발사업 선정 ai 기반 it 운영관리 기술 개발 본격화,카카오 AI agent/AI 서비스 전략과 연결되는 핵심 정책환경,5,4,5,,,로컬 보조 라벨,local_low_confidence,,GOV_AI_CORE_POLICY,,other,카카오 AI agent/AI 서비스 전략과 연결되는 핵심 정책환경,,government_ai_core_policy:이지스넷 중기부 창업성장기술개발사업 선정 ai 기반 it 운영관리 기술 개발 본격화,government_ai_core_policy,,,
408,정부/국회,정부_국회,과학기술정보통신부,"국산 AI 공짜로 쓴다…정부, ‘모두의 AI 프로젝트’ 공모 착수",국산 ai 공짜로 쓴다 정부 모두의 ai 프로젝트 공모 착수,v.daum.net,v.daum.net,"Mon, 13 Jul 2026 07:13:52 GMT","국산 AI 공짜로 쓴다…정부, ‘모두의 AI 프로젝트’ 공모 착수 v.daum.net",https://news.google.com/rss/articles/CBMiVEFVX3lxTE9XVWRTWkdNS1ZSWDVkMTZWWEhTc0k5MWxkYkViMW9CSDZnZVI4T1NCTE9YU1dfY0lFOVAtS0J2dWNoQnIza250TUhZWDhBYXEwMmxjQg?oc=5,google_rss_과학기술정보통신부 when:2d,91.6,40.0,ai_infrastructure_security,ai_infrastructure_security,,,,,,,,general,14.0,published_yesterday,business_change,,general,,"insufficient_industry_basis:actor=False,change=False,bridge=False",0,,,,91.6,ai_infrastructure_security,government:tech_security_policy,,,정부_국회,SELF_AFFILIATE_BUSINESS,self_filler_reference,self_filler_reference:국산 ai 공짜로 쓴다 정부 모두의 ai 프로젝트 공모 착수,카카오 AI agent/AI 서비스 전략과 연결되는 핵심 정책환경,2,2,5,,,v26: 카카오 직접 주체가 없어 자사 섹션 제외/재분류,local_low_confidence,OFF_TOPIC,GOV_AI_CORE_POLICY,,other,카카오 AI agent/AI 서비스 전략과 연결되는 핵심 정책환경,,self_filler_reference:국산 ai 공짜로 쓴다 정부 모두의 ai 프로젝트 공모 착수,self_filler_reference,,,
440,정부/국회,정부_국회,과학기술정보통신부,"국산 AI 공짜로 쓴다…정부, ‘모두의 AI 프로젝트’ 공모 착수",국산 ai 공짜로 쓴다 정부 모두의 ai 프로젝트 공모 착수,중앙일보,중앙일보,"Mon, 13 Jul 2026 07:11:36 GMT","국산 AI 공짜로 쓴다…정부, ‘모두의 AI 프로젝트’ 공모 착수 중앙일보",https://news.google.com/rss/articles/CBMiVkFVX3lxTFBFY2FYb1h6THBha2tEWWpQVE5ROXBVdXMzd3B2ckJOdFo4ZDN0YXNpbXJYS0pmX3MwRGFQZlBuUkRGYy15MXowVmtELUhMYjN2V2htekln?oc=5,google_rss_과학기술정보통신부 when:2d,91.6,40.0,ai_infrastructure_security,ai_infrastructure_security,,,,,,,,general,14.0,published_yesterday,business_change,,general,,"insufficient_industry_basis:actor=False,change=False,bridge=False",0,,,,91.6,ai_infrastructure_security,government:tech_security_policy,,,정부_국회,GOV_AI_DIGITAL_POLICY,government_ai_core_policy,government_ai_core_policy:국산 ai 공짜로 쓴다 정부 모두의 ai 프로젝트 공모 착수,카카오 AI agent/AI 서비스 전략과 연결되는 핵심 정책환경,5,4,5,,,로컬 보조 라벨,local_low_confidence,,GOV_AI_CORE_POLICY,,other,카카오 AI agent/AI 서비스 전략과 연결되는 핵심 정책환경,,government_ai_core_policy:국산 ai 공짜로 쓴다 정부 모두의 ai 프로젝트 공모 착수,government_ai_core_policy,,,
432,정부/국회,정부_국회,과학기술정보통신부,"정부, 우리 모델로 대국민 AI 서비스 만든다…'모두의 AI' 공모",정부 우리 모델로 대국민 ai 서비스 만든다 모두의 ai 공모,v.daum.net,v.daum.net,"Mon, 13 Jul 2026 07:02:40 GMT","정부, 우리 모델로 대국민 AI 서비스 만든다…'모두의 AI' 공모 v.daum.net",https://news.google.com/rss/articles/CBMiS0FVX3lxTFBuVGVXOVJ1aUV1TnJJMHlhaEpZTkRmRVEtaVZ6WmgyLWZUME04S3JSQWxmRGYtWXpMOVZyX3NPMFdVZFVuVlJickJEVQ?oc=5,google_rss_과학기술정보통신부 when:2d,91.6,40.0,ai_infrastructure_security,ai_infrastructure_security,,,,,,,,general,14.0,published_yesterday,business_change,,general,,"insufficient_industry_basis:actor=False,change=False,bridge=False",0,,,,91.6,ai_infrastructure_security,government:tech_security_policy,,,정부_국회,SELF_AFFILIATE_BUSINESS,self_filler_reference,self_filler_reference:정부 우리 모델로 대국민 ai 서비스 만든다 모두의 ai 공모,카카오 AI agent/AI 서비스 전략과 연결되는 핵심 정책환경,2,2,5,,,v26: 카카오 직접 주체가 없어 자사 섹션 제외/재분류,local_low_confidence,OFF_TOPIC,GOV_AI_CORE_POLICY,,other,카카오 AI agent/AI 서비스 전략과 연결되는 핵심 정책환경,,self_filler_reference:정부 우리 모델로 대국민 ai 서비스 만든다 모두의 ai 공모,self_filler_reference,,,
1496,정부/국회,정부_국회,중소벤처기업부,"케이지페이먼츠 '블루스퀘어', 중기부·MS '마중 프로그램' 선정…AI 스마트 주차 고도화",케이지페이먼츠 블루스퀘어 중기부 ms 마중 프로그램 선정 ai 스마트 주차 고도화,스타트업엔(StartupN),스타트업엔(StartupN),"Mon, 13 Jul 2026 02:02:13 GMT","케이지페이먼츠 '블루스퀘어', 중기부·MS '마중 프로그램' 선정…AI 스마트 주차 고도화 스타트업엔(StartupN)",https://news.google.com/rss/articles/CBMibEFVX3lxTE9KdklZS3FlVXBCUjJKTEIzdE10VHpHRHRJTFJxYlZ0Nm5ZUjBxNThJVmR1V1VsZHhZdkJ1bTJJbGtwQWlNek1hTUk2UXdycjkyVExVallaUVNtdjhGa0NBbE5WMzVWUXdKSlpCLdIBbEFVX3lxTE9KdklZS3FlVXBCUjJKTEIzdE10VHpHRHRJTFJxYlZ0Nm5ZUjBxNThJVmR1V1VsZHhZdkJ1bTJJbGtwQWlNek1hTUk2UXdycjkyVExVallaUVNtdjhGa0NBbE5WMzVWUXdKSlpCLQ?oc=5,google_rss_중소벤처기업부 when:2d,91.6,40.0,ai_infrastructure_security,ai_infrastructure_security,,,,,,,,general,14.0,published_yesterday,business_change,,general,Y,"industry_basis_pass:actor=True,change=False,bridge=True",2,,,,91.6,ai_infrastructure_security,government:tech_security_policy,,,경쟁사_해외이슈,COMPETITOR_AI_STRATEGY,comp_overseas_platform_ai,comp_overseas_platform_ai:케이지페이먼츠 블루스퀘어 중기부 ms 마중 프로그램 선정 ai 스마트 주차 고도화,카카오 AI agent/AI 서비스 전략과 연결되는 핵심 정책환경,5,4,5,,,로컬 보조 라벨 / v26.2: overseas structural industry candidate,local_low_confidence,,GOV_AI_CORE_POLICY,COMP_OVERSEAS_PLATFORM_AI,overseas,카카오 AI agent/AI 서비스 전략과 연결되는 핵심 정책환경,카카오 AI agent/AI 서비스 전략과 연결되는 핵심 정책환경,comp_overseas_platform_ai:케이지페이먼츠 블루스퀘어 중기부 ms 마중 프로그램 선정 ai 스마트 주차 고도화,comp_overseas_platform_ai,,,
3601,정부/국회,정부_국회,가상자산 거래소,"중국 검찰 ""가상자산 자금세탁 수사 역량 강화해야""",중국 검찰 가상자산 자금세탁 수사 역량 강화해야,블루밍비트,블루밍비트,"Mon, 13 Jul 2026 15:14:31 GMT","중국 검찰 ""가상자산 자금세탁 수사 역량 강화해야"" 블루밍비트",https://news.google.com/rss/articles/CBMiUEFVX3lxTE1JVUNYODVtZ01ETjVXdEJPVVFCYURUdnZHSWVsWnBSYldkbFFCbHd3NVFId1RjZjVGanFQUXpKR1BUejBsUWFJQTZfdHdUYzVz?oc=5,google_rss_가상자산 거래소 when:2d,91.6,27.0,"digital_asset_stablecoin,legal_regulatory_enforcement,stablecoin",stablecoin_general,,,,,,,,general,24.0,published_today,direct_risk,,general,,"insufficient_industry_basis:actor=False,change=False,bridge=False",0,,,,91.6,"legal_regulatory_enforcement,digital_asset_stablecoin",government:regulatory_enforcement,,,정부_국회,GOV_PLATFORM_REGULATION,government_regulatory_enforcement,가상자산 이전거래/AML 규제 조정,카카오 플랫폼·AI·대관 대응 경로에 영향을 줄 수 있는 정책/감독 이슈,4,5,4,,,로컬 보조 라벨,local_low_confidence,,GOV_REGULATORY_ENFORCEMENT,,other,카카오 플랫폼·AI·대관 대응 경로에 영향을 줄 수 있는 정책/감독 이슈,,가상자산 이전거래/AML 규제 조정,government_regulatory_enforcement,,,
289,자사 및 계열사 이슈,자사_및_계열사_이슈,카카오,"엔씨, 카카오게임즈 상대 저작권 소송 패소... 法 ""롬, 리니지W 표절 아니다""",엔씨 카카오게임즈 상대 저작권 소송 패소 롬 리니지w 표절 아니다,insight.co.kr,insight.co.kr,"Mon, 13 Jul 2026 23:50:23 GMT","엔씨, 카카오게임즈 상대 저작권 소송 패소... 法 ""롬, 리니지W 표절 아니다"" insight.co.kr",https://news.google.com/rss/articles/CBMiTkFVX3lxTE1IdmlkSGwyVHh5Y2wwZHRVQldMbkxSVWlZUnRJV0pBRHItWnlGMEw3UUpmQW5jSEFuTUFZNlZ6SUwzeTRMdGhIY0wzMjFUZw?oc=5,google_rss_카카오 카카오게임즈 when:2d,90.8,35.0,copyright_ai,copyright_ai,"카카오,카카오게임즈",,,,,,,general,24.0,published_today,direct_risk,event:카카오+카카오게임즈:copyright_ai,general,Y,"industry_basis_pass:actor=True,change=False,bridge=True",2,,,,90.8,,,,,자사_및_계열사_이슈,SELF_DIRECT_RISK,self_legal_regulatory,self_legal_regulatory:엔씨 카카오게임즈 상대 저작권 소송 패소 롬 리니지w 표절 아니다,카카오 또는 계열사에 직접 발생한 외부 대응 필요 이슈,5,5,5,,,로컬 보조 라벨 / v26: 오늘 새 직접 사건·진전,local_low_confidence,DIRECT_RISK,,,other,,,self_legal_regulatory:엔씨 카카오게임즈 상대 저작권 소송 패소 롬 리니지w 표절 아니다,self_legal_regulatory,,,
362,자사 및 계열사 이슈,자사_및_계열사_이슈,카카오게임즈,"“롬, 리니지W 저작권 침해 아냐”...카카오게임즈, 소송서 승소",롬 리니지w 저작권 침해 아냐 카카오게임즈 소송서 승소,서울경제,서울경제,"Mon, 13 Jul 2026 12:59:19 GMT","“롬, 리니지W 저작권 침해 아냐”...카카오게임즈, 소송서 승소 서울경제",https://news.google.com/rss/articles/CBMiUkFVX3lxTE5lSUg5V29WZGFVc3JaT2xOa094anlVeER3STMybTh6N0JRTUpaS0phYnVTSlcwZ0FXY1Q3Y21zeTR3c01ENmJtdzRlZUVxRkFzZ0HSAVNBVV95cUxObnMzV0VNRTRrWGp2YlV4NzZiRXZ5ckdhYnR5bWRxM2prTnhHeEJzVnNlWkdWNm1Sd0kxS3pKTzNnZFRSV1h4MWdJZmNiVTQzMDFTQQ?oc=5,google_rss_카카오게임즈 site:sedaily.com when:2d,88.8,35.0,copyright_ai,copyright_ai,"카카오,카카오게임즈",,,,,,,general,14.0,published_yesterday,direct_risk,event:카카오+카카오게임즈:copyright_ai,general,Y,"industry_basis_pass:actor=True,change=True,bridge=True",3,,,,88.8,,,,,자사_및_계열사_이슈,SELF_DIRECT_RISK,self_legal_regulatory,self_legal_regulatory:롬 리니지w 저작권 침해 아냐 카카오게임즈 소송서 승소,카카오 또는 계열사에 직접 발생한 외부 대응 필요 이슈,5,5,5,,,로컬 보조 라벨 / v26: 오늘 새 직접 사건·진전,local_low_confidence,DIRECT_RISK,,,other,,,self_legal_regulatory:롬 리니지w 저작권 침해 아냐 카카오게임즈 소송서 승소,self_legal_regulatory,,,
1,자사 및 계열사 이슈,자사_및_계열사_이슈,카카오,[AI픽] 카카오워크 2.0 공개…AI 에이전트 품은 협업툴 진화,카카오워크 2 0 공개 ai 에이전트 품은 협업툴 진화,연합뉴스,연합뉴스,"Mon, 13 Jul 2026 23:53:05 GMT",[AI픽] 카카오워크 2.0 공개…AI 에이전트 품은 협업툴 진화 연합뉴스,https://news.google.com/rss/articles/CBMiW0FVX3lxTE1pY1hKejVyT1VRcF9mYkJ5NU04NklVZnBZWUQ4TFBVQ0NYRUlaOW1KQjV2Y3ZDUzZwT094N0hjVWdxSFdfOTB0RlA1ckF2aVd4YTM1bUpfeUV6UGfSAWBBVV95cUxOb0ttT2JVQzRXTVNDemxEanpUNDRjSnloZlBFcHRGbk5mUDhudlNpNk1rdWRSWG1LWHoxWll3d0MyQmZpODRLMXJwcnM3cW1Ja1dCUUIzcndnNG9EdU5MV0I?oc=5,google_rss_카카오 when:2d,88.3,32.5,"ai_agent,ai_infrastructure_security",ai_infrastructure_security,카카오,,,,,,,general,24.0,published_today,business_change,event:카카오:ai_infrastructure_security,rumor_or_report,Y,"industry_basis_pass:actor=True,change=True,bridge=True",3,,,,88.3,ai_infrastructure_security,self:ai_strategy,,,자사_및_계열사_이슈,SELF_AFFILIATE_BUSINESS,self_strategic_reference,self_strategic_reference:카카오워크 2 0 공개 ai 에이전트 품은 협업툴 진화,"카카오·계열사의 사업 확장, 제휴, MOU, 신규 서비스 참고 이슈",4,3,4,,,v40: 직접 리스크는 아니지만 자사 사업 확장·제휴성 이슈로 2순위 반영,local_low_confidence,STRATEGIC_REFERENCE,,,other,,,self_strategic_reference:카카오워크 2 0 공개 ai 에이전트 품은 협업툴 진화,self_strategic_reference,,,
137,자사 및 계열사 이슈,자사_및_계열사_이슈,카카오,[#IT라운지] '다나와 히트브랜드' 행사·'티키타카페' 모집·플레이디 '네이버 파트너 1위'·이스트 '모두의AI 참여'·리디 '판타지 신작'·커넥트재단-특수교육원 'MOU'·카카오워크 'AI 플랫폼 전환'·글래스돔 '웨비나',it라운지 다나와 히트브랜드 행사 티키타카페 모집 플레이디 네이버 파트너 1위 이스트 모두의ai 참여 리디 판타지 신작 커넥트재단 특수교육원 mou 카카오워크 ai 플랫폼 전환 글래스돔 웨비나,뉴스웍스,뉴스웍스,"Tue, 14 Jul 2026 00:37:40 GMT",[#IT라운지] '다나와 히트브랜드' 행사·'티키타카페' 모집·플레이디 '네이버 파트너 1위'·이스트 '모두의AI 참여'·리디 '판타지 신작'·커넥트재단-특수교육원 'MOU'·카카오워크 'AI 플랫폼 전환'·글래스돔 '웨비나' 뉴스웍스,https://news.google.com/rss/articles/CBMib0FVX3lxTFBmXzN6aHR0cE1tSDV1bW9Cbl9LbkVMNU1qOW92SWFlcUNucG1BY2ZmMnYzaFR3d3MwbXFHbTB2RVVUbjlpbFM3WEJRSDJHTG1Ed3lOLUdOLXpCVTdTUjlnTWVxdW1yZ0RFZFQtRGRUUdIBc0FVX3lxTFBXRFpuOWNTXzcwdWVFWmpwUXFFbEZ2MXZJcjRkWE1kajhteGcwbFNubk5Ha0Q2TFZoaFJLTFd4QjJfOFNBTk9HU2t4czZ1UWR6TFZrQmgzdmhRajJObHI1ZXQ3ZGJGRnNleThTMzNwS29vM0E?oc=5,google_rss_카카오 AI when:2d,87.8,39.0,"ai_infrastructure_security,market_power_platform",ai_infrastructure_security,"네이버,카카오",,,,,,,general,24.0,published_today,business_change,global_incident:platform_regulation:kakao:platform_regulation,general,Y,"industry_basis_pass:actor=True,change=True,bridge=True",3,,,,87.8,"market_power_platform,ai_infrastructure_security",self:ai_strategy,global_incident:platform_regulation:kakao:platform_regulation:general,global_incident:platform_regulation:kakao:platform_regulation,자사_및_계열사_이슈,SELF_AFFILIATE_BUSINESS,self_strategic_reference,global_incident:platform_regulation:kakao:platform_regulation,"카카오·계열사의 사업 확장, 제휴, MOU, 신규 서비스 참고 이슈",4,3,4,,,v40: 직접 리스크는 아니지만 자사 사업 확장·제휴성 이슈로 2순위 반영,local_low_confidence,STRATEGIC_REFERENCE,,COMP_DOMESTIC_AI_PLATFORM,domestic,,카카오 현직자가 사업 방향과 외부 질의 가능성을 참고할 실질 변화,global_incident:platform_regulation:kakao:platform_regulation,self_strategic_reference,,,
251,자사 및 계열사 이슈,자사_및_계열사_이슈,카카오,카카오게임즈 '오딘' 출시 5주년 업데이트로 양대 마켓 '매출 1위',카카오게임즈 오딘 출시 5주년 업데이트로 양대 마켓 매출 1위,뉴스1,뉴스1,"Mon, 13 Jul 2026 01:57:42 GMT",카카오게임즈 '오딘' 출시 5주년 업데이트로 양대 마켓 '매출 1위' 뉴스1,https://news.google.com/rss/articles/CBMiYEFVX3lxTE92NVFqem9HZXhXaTM5Znh6amJ4aFRfZkt3NEdNT09GNXg5dlg0eGxYdkpfWTVKMEFaRnZiSXlHUnd1NFJTb2ZxalhOa19FODhEVkJ4TV9ZaDRlQU9nYXoxMg?oc=5,google_rss_카카오 카카오게임즈 when:2d,85.8,50.0,"earnings,financial_performance",financial_performance,"카카오,카카오게임즈",,,,,,,general,14.0,published_yesterday,general,event:카카오+카카오게임즈:financial_performance,general,Y,"industry_basis_pass:actor=True,change=True,bridge=True",3,,,,85.8,financial_performance,self:financial_performance,,,자사_및_계열사_이슈,SELF_AFFILIATE_BUSINESS,self_strategic_reference,self_strategic_reference:카카오게임즈 오딘 출시 5주년 업데이트로 양대 마켓 매출 1위,"카카오·계열사의 사업 확장, 제휴, MOU, 신규 서비스 참고 이슈",4,3,4,,,v40: 직접 리스크는 아니지만 자사 사업 확장·제휴성 이슈로 2순위 반영,local_low_confidence,STRATEGIC_REFERENCE,,,other,,,self_strategic_reference:카카오게임즈 오딘 출시 5주년 업데이트로 양대 마켓 매출 1위,self_strategic_reference,,,
320,자사 및 계열사 이슈,자사_및_계열사_이슈,카카오페이,[#금융톡톡] 한화손보 '환아 보호자 지원'·현대해상 '인액터스 코리아' 후원·카카오페이손보 'AI 업무문화' 확산,금융톡톡 한화손보 환아 보호자 지원 현대해상 인액터스 코리아 후원 카카오페이손보 ai 업무문화 확산,뉴스웍스,뉴스웍스,"Tue, 14 Jul 2026 05:53:40 GMT",[#금융톡톡] 한화손보 '환아 보호자 지원'·현대해상 '인액터스 코리아' 후원·카카오페이손보 'AI 업무문화' 확산 뉴스웍스,https://news.google.com/rss/articles/CBMic0FVX3lxTE84b2tiM0g4eGdHSGg2ZWU0LVRjR053R0ZfTVZtd1R2YjNLTUpKZ1l0SnhVN0FRUDRHY2FfVk1MeWZJOFY4T0prZEcxTlh1ckRydllIeU1hRG04d3BvMGQ5NnoyeEpfTkxSTUMyR29tbElsdU3SAXNBVV95cUxPOG9rYjNIOHhnR0hoNmVlNC1UY0dOd0dGX01WbXdUdmIzS01KSmdZdEp4VTdBUVA0R2NhX1ZNTHlmSThWOE9Ka2RHMU5YdXJEcnZZSHlNYURtOHdwbzBkOTZ6MnhKX05MUk1DMkdvbWxJbHVN?oc=5,google_rss_카카오페이 when:2d,85.8,35.0,"ai_infrastructure_security,self_pr_promo",ai_infrastructure_security,"카카오,카카오페이",,,,,,,general,24.0,published_today,business_change,event:카카오+카카오페이:ai_infrastructure_security,general,Y,"industry_basis_pass:actor=True,change=True,bridge=True",3,,,,85.8,ai_infrastructure_security,self:ai_strategy,,,자사_및_계열사_이슈,SELF_AFFILIATE_BUSINESS,self_filler_reference,self_filler_reference:금융톡톡 한화손보 환아 보호자 지원 현대해상 인액터스 코리아 후원 카카오페이손보 ai 업무문화 확산,직접 리스크는 아니지만 자사 섹션 보강용으로 참고 가능한 홍보·캠페인성 이슈,2,2,3,,,v40: 강한 자사 이슈가 없을 때 3순위로 허용하는 소프트 홍보 이슈,local_low_confidence,FILLER_REFERENCE,,,other,,,self_filler_reference:금융톡톡 한화손보 환아 보호자 지원 현대해상 인액터스 코리아 후원 카카오페이손보 ai 업무문화 확산,self_filler_reference,,,
47,자사 및 계열사 이슈,자사_및_계열사_이슈,카카오,"카카오페이손해보험, 전 임직원 대상 AI 활용 행사 ‘Kiro Day’ 개최",카카오페이손해보험 전 임직원 대상 ai 활용 행사 kiro day 개최,디지틀조선일보,디지틀조선일보,"Tue, 14 Jul 2026 02:33:00 GMT","카카오페이손해보험, 전 임직원 대상 AI 활용 행사 ‘Kiro Day’ 개최 디지틀조선일보",https://news.google.com/rss/articles/CBMihwFBVV95cUxPemNhWWNYUllkaWpRWW4taXVYY3k4Qy1mQldjSUJaRlVJUFVRVF9DQlhxZEVrZzhuMU9ONGlSdTFXaURfdU5na2k0Nk5wcFhsbGJVQXk4YnplWlR1WDdZYmNJLW5NUTZLV0YxWDA1UG5IOHV2UVZzdjlMT0dVYkZEWlFGeFpRcUXSAXtBVV95cUxNYW9xTEdLYmdTS3dlMTc1S0w5bWpzeUNoQVpLQ3FwUWIydjhaVTg5U0JIVk90blQ4Vi0xUEJFZHpfTzRjV05zaUZMZHhxczNNWFlCU1FFLUtGVHF6dG0yU0Q0RGtHaGQxZVlPOTJ2TW5IVVVZS2RUVVZyMDA?oc=5,google_rss_카카오 when:2d,85.8,32.0,ai_infrastructure_security,ai_infrastructure_security,"카카오,카카오페이",,,,,,,general,24.0,published_today,business_change,event:카카오+카카오페이:ai_infrastructure_security,general,Y,"industry_basis_pass:actor=True,change=False,bridge=True",2,,,,85.8,ai_infrastructure_security,self:ai_strategy,,,자사_및_계열사_이슈,SELF_AFFILIATE_BUSINESS,self_filler_reference,self_filler_reference:카카오페이손해보험 전 임직원 대상 ai 활용 행사 kiro day 개최,직접 리스크는 아니지만 자사 섹션 보강용으로 참고 가능한 홍보·캠페인성 이슈,2,2,3,,,v40: 강한 자사 이슈가 없을 때 3순위로 허용하는 소프트 홍보 이슈,local_low_confidence,FILLER_REFERENCE,,,other,,,self_filler_reference:카카오페이손해보험 전 임직원 대상 ai 활용 행사 kiro day 개최,self_filler_reference,,,
3476,산업동향,산업동향,인공지능 산업 동향,"""AI 데이터센터 전력 기술 협력""...LS일렉트릭, 독일 인피니언과 맞손",ai 데이터센터 전력 기술 협력 ls일렉트릭 독일 인피니언과 맞손,한국면세뉴스,한국면세뉴스,"Mon, 13 Jul 2026 00:42:36 GMT","""AI 데이터센터 전력 기술 협력""...LS일렉트릭, 독일 인피니언과 맞손 한국면세뉴스",https://news.google.com/rss/articles/CBMiakFVX3lxTE43dDhYbF9RSHpYR0RJU3JPRGRKdVgycDA5dG1fNmFsSFdxS1VTNEotU0pVQ3hEOFZlNHRhYWlkNzEwUC1iT2hXT2RyX0s0R3NKaVViZ3c0c2V5MVhvUXZkZk52N2w4RDk5U3c?oc=5,google_rss_인공지능 산업 동향 when:2d,85.5,35.0,"ai_infrastructure_security,aidc_datacenter",aidc_law_power,,,,,,,,general,14.0,published_yesterday,business_change,,general,Y,"industry_basis_pass:actor=True,change=False,bridge=True",2,,,,85.5,ai_infrastructure_security,industry:ai_infrastructure,,,경쟁사_해외이슈,GOV_AI_DIGITAL_POLICY,government_ai_core_policy,국가 AI 인프라/AIDC/GPU 정책,카카오 AI agent/AI 서비스 전략과 연결되는 핵심 정책환경,4,4,5,,,v26.2: no central Korean public actor/action for Government section: no_public_actor_action_domain / v26.2: overseas structural industry candidate,local_low_confidence,,OFF_TOPIC,,other,카카오 AI agent/AI 서비스 전략과 연결되는 핵심 정책환경,,국가 AI 인프라/AIDC/GPU 정책,government_ai_core_policy,,,
247,자사 및 계열사 이슈,자사_및_계열사_이슈,카카오,"[게임 Pick] 카카오게임즈, '오딘: 발할라 라이징' 출시 5년에도 양대 마켓 매출 1위 달성 外",게임 pick 카카오게임즈 오딘 발할라 라이징 출시 5년에도 양대 마켓 매출 1위 달성,라이센스뉴스,라이센스뉴스,"Mon, 13 Jul 2026 07:53:29 GMT","[게임 Pick] 카카오게임즈, '오딘: 발할라 라이징' 출시 5년에도 양대 마켓 매출 1위 달성 外 라이센스뉴스",https://news.google.com/rss/articles/CBMia0FVX3lxTFBDN0xrMExHRlRRckNnMUl4amtoZmxaWjdWSTRkTGY1d0JsdVdVcVItLUxqWk8xOTBlWlR5NVZaMkJxdURTQ1hYUDFEd1JnU3VZZ2p5RDlCVndFRUNIQm41eDBjRVhKY2ZqN2cw?oc=5,google_rss_카카오 카카오게임즈 when:2d,84.8,50.0,"earnings,financial_performance",financial_performance,"카카오,카카오게임즈",,,,,,,general,14.0,published_yesterday,general,event:카카오+카카오게임즈:financial_performance,general,,roundup,0,,,,84.8,financial_performance,self:financial_performance,,,자사_및_계열사_이슈,SELF_AFFILIATE_BUSINESS,self_strategic_reference,self_strategic_reference:게임 pick 카카오게임즈 오딘 발할라 라이징 출시 5년에도 양대 마켓 매출 1위 달성,"카카오·계열사의 사업 확장, 제휴, MOU, 신규 서비스 참고 이슈",4,3,4,,,v40: 직접 리스크는 아니지만 자사 사업 확장·제휴성 이슈로 2순위 반영,local_low_confidence,STRATEGIC_REFERENCE,,,other,,,self_strategic_reference:게임 pick 카카오게임즈 오딘 발할라 라이징 출시 5년에도 양대 마켓 매출 1위 달성,self_strategic_reference,,,
54,자사 및 계열사 이슈,자사_및_계열사_이슈,카카오,"디케이테크인, AI 에이전트 품은 ‘카카오워크 2.0’ 공개…협업툴 시장 공략",디케이테크인 ai 에이전트 품은 카카오워크 2 0 공개 협업툴 시장 공략,헤럴드경제,헤럴드경제,"Tue, 14 Jul 2026 00:29:29 GMT","디케이테크인, AI 에이전트 품은 ‘카카오워크 2.0’ 공개…협업툴 시장 공략 헤럴드경제",https://news.google.com/rss/articles/CBMiVkFVX3lxTE1KS3M3LXNKbWpSLThYQUNmRHZRMWxWYkx2aUNYRWxoNGdVTFQwWTAwY3hMT1ZNOUk1Z2dTQVdMcHc5bVdqMjB3Vm5YLTFyVjZLY1llSzZ3?oc=5,google_rss_카카오 when:2d,84.3,32.5,"ai_agent,ai_infrastructure_security",ai_infrastructure_security,카카오,,,,,,,general,24.0,published_today,business_change,event:카카오:ai_infrastructure_security,rumor_or_report,Y,"industry_basis_pass:actor=True,change=True,bridge=True",3,,,,84.3,ai_infrastructure_security,self:ai_strategy,,,자사_및_계열사_이슈,SELF_AFFILIATE_BUSINESS,self_strategic_reference,self_strategic_reference:디케이테크인 ai 에이전트 품은 카카오워크 2 0 공개 협업툴 시장 공략,"카카오·계열사의 사업 확장, 제휴, MOU, 신규 서비스 참고 이슈",4,3,4,,,v40: 직접 리스크는 아니지만 자사 사업 확장·제휴성 이슈로 2순위 반영,local_low_confidence,STRATEGIC_REFERENCE,,,other,,,self_strategic_reference:디케이테크인 ai 에이전트 품은 카카오워크 2 0 공개 협업툴 시장 공략,self_strategic_reference,,,
250,자사 및 계열사 이슈,자사_및_계열사_이슈,카카오,"""롬, 리니지W 저작권 침해 아냐""…카카오게임즈, 소송서 승소",롬 리니지w 저작권 침해 아냐 카카오게임즈 소송서 승소,네이트,네이트,"Mon, 13 Jul 2026 13:00:00 GMT","""롬, 리니지W 저작권 침해 아냐""…카카오게임즈, 소송서 승소 네이트",https://news.google.com/rss/articles/CBMiU0FVX3lxTFBETXV6Y2pGVnZuLVNiaHlFbDE0SzhZcDJvWkJZRS1iUHZkR2pKMDFxSjdBYy1HZFpDd3FDZ2l6ZXJQSzFxQnU1djd4dnNxT1JUMzJJ?oc=5,google_rss_카카오 카카오게임즈 when:2d,83.8,35.0,copyright_ai,copyright_ai,"카카오,카카오게임즈",,,,,,,general,14.0,published_yesterday,direct_risk,event:카카오+카카오게임즈:copyright_ai,general,Y,"industry_basis_pass:actor=True,change=True,bridge=True",3,,,,83.8,,,,,자사_및_계열사_이슈,SELF_DIRECT_RISK,self_legal_regulatory,self_legal_regulatory:롬 리니지w 저작권 침해 아냐 카카오게임즈 소송서 승소,카카오 또는 계열사에 직접 발생한 외부 대응 필요 이슈,5,5,5,,,로컬 보조 라벨 / v26: 오늘 새 직접 사건·진전,local_low_confidence,DIRECT_RISK,,,other,,,self_legal_regulatory:롬 리니지w 저작권 침해 아냐 카카오게임즈 소송서 승소,self_legal_regulatory,,,
23,자사 및 계열사 이슈,자사_및_계열사_이슈,카카오,"카카오페이손보, 'Kiro Day' 개최…임직원 AI 활용 확대",카카오페이손보 kiro day 개최 임직원 ai 활용 확대,전자신문,전자신문,"Tue, 14 Jul 2026 00:34:08 GMT","카카오페이손보, 'Kiro Day' 개최…임직원 AI 활용 확대 전자신문",https://news.google.com/rss/articles/CBMiTkFVX3lxTE1pOXd2bGRHUTdyMzdZR0RUczVXSklQdElMTlpVRF92c3otM1pibjNRbzBHNHhaLWZINk56TGhOU0gzd04xZGhqRVliSVE0QQ?oc=5,google_rss_카카오 when:2d,83.8,32.0,ai_infrastructure_security,ai_infrastructure_security,"카카오,카카오페이",,,,,,,general,24.0,published_today,business_change,event:카카오+카카오페이:ai_infrastructure_security,general,Y,"industry_basis_pass:actor=True,change=True,bridge=True",3,,,,83.8,ai_infrastructure_security,self:ai_strategy,,,자사_및_계열사_이슈,SELF_AFFILIATE_BUSINESS,self_strategic_reference,self_strategic_reference:카카오페이손보 kiro day 개최 임직원 ai 활용 확대,"카카오·계열사의 사업 확장, 제휴, MOU, 신규 서비스 참고 이슈",4,3,4,,,v40: 직접 리스크는 아니지만 자사 사업 확장·제휴성 이슈로 2순위 반영,local_low_confidence,STRATEGIC_REFERENCE,,,other,,,self_strategic_reference:카카오페이손보 kiro day 개최 임직원 ai 활용 확대,self_strategic_reference,,,
55,자사 및 계열사 이슈,자사_및_계열사_이슈,카카오,"디케이테크인, AI 중심 '카카오워크 2.0' 공개…검색·요약·문서 질의 지원",디케이테크인 ai 중심 카카오워크 2 0 공개 검색 요약 문서 질의 지원,네이트,네이트,"Tue, 14 Jul 2026 05:47:00 GMT","디케이테크인, AI 중심 '카카오워크 2.0' 공개…검색·요약·문서 질의 지원 네이트",https://news.google.com/rss/articles/CBMiU0FVX3lxTE01M0ZwN3B0RmVKaXBETndUeTdGX195Q2FoakIwQzZBMVdyNzlaN0lJLUtpTXlsd0djalFfWkN5Y2Z3cXFSeW4xZnFjLXBueWlqc3N3?oc=5,google_rss_카카오 when:2d,83.3,32.5,"ai_infrastructure_security,search_ads",ai_infrastructure_security,카카오,,,,,,,general,24.0,published_today,business_change,event:카카오:ai_infrastructure_security,rumor_or_report,Y,"industry_basis_pass:actor=True,change=True,bridge=True",3,,,,83.3,ai_infrastructure_security,self:ai_strategy,,,자사_및_계열사_이슈,SELF_AFFILIATE_BUSINESS,self_strategic_reference,self_strategic_reference:디케이테크인 ai 중심 카카오워크 2 0 공개 검색 요약 문서 질의 지원,"카카오·계열사의 사업 확장, 제휴, MOU, 신규 서비스 참고 이슈",4,3,4,,,v40: 직접 리스크는 아니지만 자사 사업 확장·제휴성 이슈로 2순위 반영,local_low_confidence,STRATEGIC_REFERENCE,,,other,,,self_strategic_reference:디케이테크인 ai 중심 카카오워크 2 0 공개 검색 요약 문서 질의 지원,self_strategic_reference,,,
141,자사 및 계열사 이슈,자사_및_계열사_이슈,카카오,'국민 AI' 모두의 AI 연내 출시…LG유플·카카오 도전장 내밀까 (종합) - 머니투데이,국민 ai 모두의 ai 연내 출시 lg유플 카카오 도전장 내밀까,머니투데이,머니투데이,"Mon, 13 Jul 2026 08:04:17 GMT",'국민 AI' 모두의 AI 연내 출시…LG유플·카카오 도전장 내밀까 (종합) - 머니투데이 머니투데이,https://news.google.com/rss/articles/CBMibEFVX3lxTE5DeG1sekwyYmJJRTR3M3BKN0xzeDVMVkRpNE1WUDg1UEZJbEVjOTRJQVJIMlIxTWxzZ1pMSXo5aHVjZUdKYmtCcGZDZmM3Y19YU2VmeGkyM0dPa2FRS0RWb3BFVl9BNmxtWHlqN9IBbEFVX3lxTE5DeG1sekwyYmJJRTR3M3BKN0xzeDVMVkRpNE1WUDg1UEZJbEVjOTRJQVJIMlIxTWxzZ1pMSXo5aHVjZUdKYmtCcGZDZmM3Y19YU2VmeGkyM0dPa2FRS0RWb3BFVl9BNmxtWHlqNw?oc=5,google_rss_카카오 AI when:2d,82.8,38.5,ai_infrastructure_security,ai_infrastructure_security,카카오,,,,,,,general,19.0,published_yesterday+exclusive_breaking,business_change,event:카카오:ai_infrastructure_security,general,Y,"industry_basis_pass:actor=True,change=True,bridge=True",3,,,,82.8,ai_infrastructure_security,self:ai_strategy,,,자사_및_계열사_이슈,SELF_AFFILIATE_BUSINESS,self_strategic_reference,self_strategic_reference:국민 ai 모두의 ai 연내 출시 lg유플 카카오 도전장 내밀까,"카카오·계열사의 사업 확장, 제휴, MOU, 신규 서비스 참고 이슈",4,3,4,,,v40: 직접 리스크는 아니지만 자사 사업 확장·제휴성 이슈로 2순위 반영,local_low_confidence,STRATEGIC_REFERENCE,,,other,,,self_strategic_reference:국민 ai 모두의 ai 연내 출시 lg유플 카카오 도전장 내밀까,self_strategic_reference,,,
68,자사 및 계열사 이슈,자사_및_계열사_이슈,카카오,[전근홍의 직격] 국민이 개·돼지인가···소송전 벌이는 카카오페이 '오만',전근홍의 직격 국민이 개 돼지인가 소송전 벌이는 카카오페이 오만,스마트비즈,스마트비즈,"Tue, 14 Jul 2026 01:01:39 GMT",[전근홍의 직격] 국민이 개·돼지인가···소송전 벌이는 카카오페이 '오만' 스마트비즈,https://news.google.com/rss/articles/CBMibEFVX3lxTE9uVVBUcGxDNmJiaUloQlBPVnpsY0c5RXNBU2pyZmNGNm9MSUxsVDBCdkVjcXhJMWFwOFJjVGpEcTFrUjk0MXBqYUl4YmxqU1lPWlNJM3JXZDV1LVdpYUVSMXhILXpOeTlibDJtcw?oc=5,google_rss_카카오 when:2d,82.8,28.0,,,"카카오,카카오페이",,,,,,,general,24.0,published_today,direct_risk,,general,Y,"industry_basis_pass:actor=True,change=False,bridge=True",2,,,,82.8,,,,,자사_및_계열사_이슈,SELF_DIRECT_RISK,self_legal_regulatory,self_legal_regulatory:전근홍의 직격 국민이 개 돼지인가 소송전 벌이는 카카오페이 오만,카카오 또는 계열사에 직접 발생한 외부 대응 필요 이슈,5,5,5,,,로컬 보조 라벨 / v26: 오늘 새 직접 사건·진전,local_low_confidence,DIRECT_RISK,,,other,,,self_legal_regulatory:전근홍의 직격 국민이 개 돼지인가 소송전 벌이는 카카오페이 오만,self_legal_regulatory,,,
281,자사 및 계열사 이슈,자사_및_계열사_이슈,카카오,"[Game & Now] 넥슨, 미래 개발자 육성…카카오게임즈 '오딘' 구글 매출 1위",game now 넥슨 미래 개발자 육성 카카오게임즈 오딘 구글 매출 1위,네이트,네이트,"Mon, 13 Jul 2026 01:32:00 GMT","[Game & Now] 넥슨, 미래 개발자 육성…카카오게임즈 '오딘' 구글 매출 1위 네이트",https://news.google.com/rss/articles/CBMiU0FVX3lxTE5UZ180TG1seTlNbVh4SWRoSEp3bjkwRDFlRzEwam8wdHd6RUlENXprMnE2NEhYR09EaDRHVUh6a1hUWll0bkMxZkJINUxhSFljbmRJ?oc=5,google_rss_카카오 카카오게임즈 when:2d,81.8,52.5,"earnings,financial_performance",financial_performance,"구글,카카오,카카오게임즈",,,,,,,general,14.0,published_yesterday,general,event:구글+카카오:financial_performance,general,Y,"industry_basis_pass:actor=True,change=False,bridge=True",2,,,,81.8,financial_performance,self:financial_performance,,,자사_및_계열사_이슈,SELF_AFFILIATE_BUSINESS,self_strategic_reference,self_strategic_reference:game now 넥슨 미래 개발자 육성 카카오게임즈 오딘 구글 매출 1위,"카카오·계열사의 사업 확장, 제휴, MOU, 신규 서비스 참고 이슈",4,3,4,,,v40: 직접 리스크는 아니지만 자사 사업 확장·제휴성 이슈로 2순위 반영,local_low_confidence,STRATEGIC_REFERENCE,,COMP_GENERAL_LOW_RELEVANCE,overseas,,카카오 현직자가 사업 방향과 외부 질의 가능성을 참고할 실질 변화,self_strategic_reference:game now 넥슨 미래 개발자 육성 카카오게임즈 오딘 구글 매출 1위,self_strategic_reference,,,
354,자사 및 계열사 이슈,자사_및_계열사_이슈,카카오게임즈,카카오게임즈 '오딘' 출시 5주년 업데이트로 양대 마켓 '매출 1위',카카오게임즈 오딘 출시 5주년 업데이트로 양대 마켓 매출 1위,네이트,네이트,"Mon, 13 Jul 2026 01:58:00 GMT",카카오게임즈 '오딘' 출시 5주년 업데이트로 양대 마켓 '매출 1위' 네이트,https://news.google.com/rss/articles/CBMiU0FVX3lxTFBWWFphUzhvYS1uaG1KcHNhSDNpdGV3THVackYwWFVwdjE0MEh0VFdDeUlBY2VCaDRmbXFBTE9JNkNqQ1Z3U1pRak5PdEFGUHBtNWNR?oc=5,google_rss_카카오게임즈 AI when:2d,81.8,50.0,"earnings,financial_performance",financial_performance,"카카오,카카오게임즈",,,,,,,general,14.0,published_yesterday,general,event:카카오+카카오게임즈:financial_performance,general,Y,"industry_basis_pass:actor=True,change=True,bridge=True",3,,,,81.8,financial_performance,self:financial_performance,,,자사_및_계열사_이슈,SELF_AFFILIATE_BUSINESS,self_strategic_reference,self_strategic_reference:카카오게임즈 오딘 출시 5주년 업데이트로 양대 마켓 매출 1위,"카카오·계열사의 사업 확장, 제휴, MOU, 신규 서비스 참고 이슈",4,3,4,,,v40: 직접 리스크는 아니지만 자사 사업 확장·제휴성 이슈로 2순위 반영,local_low_confidence,STRATEGIC_REFERENCE,,,other,,,self_strategic_reference:카카오게임즈 오딘 출시 5주년 업데이트로 양대 마켓 매출 1위,self_strategic_reference,,,
30,자사 및 계열사 이슈,자사_및_계열사_이슈,카카오,"카카오페이손해보험, 전 임직원 AI 활용 확대를 위한 `Kiro Day` 개최",카카오페이손해보험 전 임직원 ai 활용 확대를 위한 kiro day 개최,디지털데일리,디지털데일리,"Tue, 14 Jul 2026 00:56:46 GMT","카카오페이손해보험, 전 임직원 AI 활용 확대를 위한 `Kiro Day` 개최 디지털데일리",https://news.google.com/rss/articles/CBMiZEFVX3lxTE94c2RQZ3kxdTY4RTNveWM3VUhZaC12NDdiN2k0bkdwS3VFdDBWLVlFUGlTc19EWF9xQnk4QnhCdjJQWV93N09GUTRQdG9hRnVLRTBsVzhtNE1ySi0wRHl6SFFHc0M?oc=5,google_rss_카카오 when:2d,81.8,32.0,ai_infrastructure_security,ai_infrastructure_security,"카카오,카카오페이",,,,,,,general,24.0,published_today,business_change,event:카카오+카카오페이:ai_infrastructure_security,general,Y,"industry_basis_pass:actor=True,change=True,bridge=True",3,,,,81.8,ai_infrastructure_security,self:ai_strategy,,,자사_및_계열사_이슈,SELF_AFFILIATE_BUSINESS,self_strategic_reference,self_strategic_reference:카카오페이손해보험 전 임직원 ai 활용 확대를 위한 kiro day 개최,"카카오·계열사의 사업 확장, 제휴, MOU, 신규 서비스 참고 이슈",4,3,4,,,v40: 직접 리스크는 아니지만 자사 사업 확장·제휴성 이슈로 2순위 반영,local_low_confidence,STRATEGIC_REFERENCE,,,other,,,self_strategic_reference:카카오페이손해보험 전 임직원 ai 활용 확대를 위한 kiro day 개최,self_strategic_reference,,,
17,자사 및 계열사 이슈,자사_및_계열사_이슈,카카오,업무 툴 카카오워크 2.0 공개…AI 에이전트 달고 효율 ↑,업무 툴 카카오워크 2 0 공개 ai 에이전트 달고 효율,v.daum.net,v.daum.net,"Tue, 14 Jul 2026 01:13:00 GMT",업무 툴 카카오워크 2.0 공개…AI 에이전트 달고 효율 ↑ v.daum.net,https://news.google.com/rss/articles/CBMiS0FVX3lxTE52UU0xeXBuRXN1ckJORFNUNlc2X2Z6dkhpWXltRDB5WnA2UC1iZlZTckhEb1M2TVVCMndBSFZJUXo5UmViSVdvcmRuYw?oc=5,google_rss_카카오 when:2d,81.3,32.5,"ai_agent,ai_infrastructure_security",ai_infrastructure_security,카카오,,,,,,,general,24.0,published_today,business_change,event:카카오:ai_infrastructure_security,rumor_or_report,Y,"industry_basis_pass:actor=True,change=True,bridge=True",3,,,,81.3,ai_infrastructure_security,self:ai_strategy,,,자사_및_계열사_이슈,SELF_AFFILIATE_BUSINESS,self_strategic_reference,self_strategic_reference:업무 툴 카카오워크 2 0 공개 ai 에이전트 달고 효율,"카카오·계열사의 사업 확장, 제휴, MOU, 신규 서비스 참고 이슈",4,3,4,,,v40: 직접 리스크는 아니지만 자사 사업 확장·제휴성 이슈로 2순위 반영,local_low_confidence,STRATEGIC_REFERENCE,,,other,,,self_strategic_reference:업무 툴 카카오워크 2 0 공개 ai 에이전트 달고 효율,self_strategic_reference,,,
144,자사 및 계열사 이슈,자사_및_계열사_이슈,카카오,"디케이테크인, '카카오워크 2.0' 공개…AI 에이전트 기능 전면 배치",디케이테크인 카카오워크 2 0 공개 ai 에이전트 기능 전면 배치,네이트,네이트,"Mon, 13 Jul 2026 23:33:00 GMT","디케이테크인, '카카오워크 2.0' 공개…AI 에이전트 기능 전면 배치 네이트",https://news.google.com/rss/articles/CBMiU0FVX3lxTE12RGZRdVoycFpyM0JDRzV1NkVZalRZc0ZOWkFpaWY5cFZkNWZ5eDVkcEVNek9TNWxGM3liajNYYTVfek1mR0JUYzd5SEt3VWx3dzJN?oc=5,google_rss_카카오 AI when:2d,81.3,32.5,"ai_agent,ai_infrastructure_security",ai_infrastructure_security,카카오,,,,,,,general,24.0,published_today,business_change,event:카카오:ai_infrastructure_security,rumor_or_report,Y,"industry_basis_pass:actor=True,change=True,bridge=True",3,,,,81.3,ai_infrastructure_security,self:ai_strategy,,,자사_및_계열사_이슈,SELF_AFFILIATE_BUSINESS,self_strategic_reference,self_strategic_reference:디케이테크인 카카오워크 2 0 공개 ai 에이전트 기능 전면 배치,"카카오·계열사의 사업 확장, 제휴, MOU, 신규 서비스 참고 이슈",4,3,4,,,v40: 직접 리스크는 아니지만 자사 사업 확장·제휴성 이슈로 2순위 반영,local_low_confidence,STRATEGIC_REFERENCE,,,other,,,self_strategic_reference:디케이테크인 카카오워크 2 0 공개 ai 에이전트 기능 전면 배치,self_strategic_reference,,,
49,자사 및 계열사 이슈,자사_및_계열사_이슈,카카오,"디케이테크인, ‘카카오워크 2.0’ 공개…AI 에이전트 기능 전면 배치",디케이테크인 카카오워크 2 0 공개 ai 에이전트 기능 전면 배치,아시아투데이,아시아투데이,"Mon, 13 Jul 2026 23:32:29 GMT","디케이테크인, ‘카카오워크 2.0’ 공개…AI 에이전트 기능 전면 배치 아시아투데이",https://news.google.com/rss/articles/CBMibkFVX3lxTE1qUHpMT3lfMkthRFFSTGZwR28tVXdBaUZvY04tVnVZd2JUaGVFclBvVDJpOXh0Mng1dUF2eC0tZXZjUmJHZWw1Z010UUdnV3pYNmdJUWZsUkljWE44SFdZNTVJMFZ6dlJkbTJEb0lR?oc=5,google_rss_카카오 when:2d,81.3,32.5,"ai_agent,ai_infrastructure_security",ai_infrastructure_security,카카오,,,,,,,general,24.0,published_today,business_change,event:카카오:ai_infrastructure_security,rumor_or_report,Y,"industry_basis_pass:actor=True,change=True,bridge=True",3,,,,81.3,ai_infrastructure_security,self:ai_strategy,,,자사_및_계열사_이슈,SELF_AFFILIATE_BUSINESS,self_strategic_reference,self_strategic_reference:디케이테크인 카카오워크 2 0 공개 ai 에이전트 기능 전면 배치,"카카오·계열사의 사업 확장, 제휴, MOU, 신규 서비스 참고 이슈",4,3,4,,,v40: 직접 리스크는 아니지만 자사 사업 확장·제휴성 이슈로 2순위 반영,local_low_confidence,STRATEGIC_REFERENCE,,,other,,,self_strategic_reference:디케이테크인 카카오워크 2 0 공개 ai 에이전트 기능 전면 배치,self_strategic_reference,,,
256,자사 및 계열사 이슈,자사_및_계열사_이슈,카카오,"엔씨, 카카오게임 ‘롬’ 저작권 소송 패소",엔씨 카카오게임 롬 저작권 소송 패소,세계일보,세계일보,"Mon, 13 Jul 2026 12:25:00 GMT","엔씨, 카카오게임 ‘롬’ 저작권 소송 패소 세계일보",https://news.google.com/rss/articles/CBMia0FVX3lxTFByTllPcXFDZTBEdFI1UkowcmdFSVlRcVdXS1lZYm9ZLVlvbEZUMkcwVEY4eHJsYU0tQ0hKRm9MNko0bkNMeVJ4SDBFTG1WNW92cndxcW5pTk85cmhwQUt0OF9adkJQMzV6Vkln?oc=5,google_rss_카카오 카카오게임즈 when:2d,81.3,32.5,copyright_ai,copyright_ai,카카오,,,,,,,general,14.0,published_yesterday,direct_risk,event:카카오:copyright_ai,general,Y,"industry_basis_pass:actor=True,change=False,bridge=True",2,,,,81.3,,,,,자사_및_계열사_이슈,SELF_DIRECT_RISK,self_legal_regulatory,self_legal_regulatory:엔씨 카카오게임 롬 저작권 소송 패소,카카오 또는 계열사에 직접 발생한 외부 대응 필요 이슈,5,5,5,,,로컬 보조 라벨 / v26: 오늘 새 직접 사건·진전,local_low_confidence,DIRECT_RISK,,,other,,,self_legal_regulatory:엔씨 카카오게임 롬 저작권 소송 패소,self_legal_regulatory,,,
239,자사 및 계열사 이슈,자사_및_계열사_이슈,카카오,"엔씨, 카카오게임즈 '롬' 저작권 소송 패소…""항소한다""",엔씨 카카오게임즈 롬 저작권 소송 패소 항소한다,디일렉,디일렉,"Mon, 13 Jul 2026 04:30:00 GMT","엔씨, 카카오게임즈 '롬' 저작권 소송 패소…""항소한다"" 디일렉",https://news.google.com/rss/articles/CBMiZkFVX3lxTFB2WlNpRFFrMmxESXkzOXN0eEoxYUJCdUtyZjd2cHotekpKQTk1V2w2Yld6MnRYaTJSeC14dkltOTVhemk3bXB4UjBuVlYwdjUxTUg5NDRLYmdrNmxlTWFEekMxckJxQQ?oc=5,google_rss_카카오 카카오게임즈 when:2d,80.8,35.0,copyright_ai,copyright_ai,"카카오,카카오게임즈",,,,,,,general,14.0,published_yesterday,direct_risk,event:카카오+카카오게임즈:copyright_ai,general,Y,"industry_basis_pass:actor=True,change=False,bridge=True",2,,,,80.8,,,,,자사_및_계열사_이슈,SELF_DIRECT_RISK,self_legal_regulatory,self_legal_regulatory:엔씨 카카오게임즈 롬 저작권 소송 패소 항소한다,카카오 또는 계열사에 직접 발생한 외부 대응 필요 이슈,5,5,5,,,로컬 보조 라벨 / v26: 오늘 새 직접 사건·진전,local_low_confidence,DIRECT_RISK,,,other,,,self_legal_regulatory:엔씨 카카오게임즈 롬 저작권 소송 패소 항소한다,self_legal_regulatory,,,
271,자사 및 계열사 이슈,자사_및_계열사_이슈,카카오,"엔씨, 카카오게임즈 상대 저작권 소송 완패...'아키에이지워' 이어 '롬' 소송도 패소",엔씨 카카오게임즈 상대 저작권 소송 완패 아키에이지워 이어 롬 소송도 패소,생생비즈플러스,생생비즈플러스,"Mon, 13 Jul 2026 00:28:26 GMT","엔씨, 카카오게임즈 상대 저작권 소송 완패...'아키에이지워' 이어 '롬' 소송도 패소 생생비즈플러스",https://news.google.com/rss/articles/CBMibEFVX3lxTE1wM2o3SGJtT0ctd1haVFJNOTB6aEk4X0h6N2ozdmVaRzNPQWYxN1VNdksyamhBNjFOd04wSTZwNWJCb2EtNHdWd2M4M3VvbWRiRzBYbEJxNE9qemU0QnA0bEdkTE4yTkJ5Zy1ERA?oc=5,google_rss_카카오 카카오게임즈 when:2d,80.8,35.0,copyright_ai,copyright_ai,"카카오,카카오게임즈",,,,,,,general,14.0,published_yesterday,direct_risk,event:카카오+카카오게임즈:copyright_ai,general,Y,"industry_basis_pass:actor=True,change=False,bridge=True",2,,,,80.8,,,,,자사_및_계열사_이슈,SELF_DIRECT_RISK,self_legal_regulatory,self_legal_regulatory:엔씨 카카오게임즈 상대 저작권 소송 완패 아키에이지워 이어 롬 소송도 패소,카카오 또는 계열사에 직접 발생한 외부 대응 필요 이슈,5,5,5,,,로컬 보조 라벨 / v26: 오늘 새 직접 사건·진전,local_low_confidence,DIRECT_RISK,,,other,,,self_legal_regulatory:엔씨 카카오게임즈 상대 저작권 소송 완패 아키에이지워 이어 롬 소송도 패소,self_legal_regulatory,,,
8,자사 및 계열사 이슈,자사_및_계열사_이슈,카카오,"디케이테크인, AI 협업툴 ‘카카오워크 2.0’ 공개",디케이테크인 ai 협업툴 카카오워크 2 0 공개,서울경제TV,서울경제TV,"Tue, 14 Jul 2026 01:24:17 GMT","디케이테크인, AI 협업툴 ‘카카오워크 2.0’ 공개 서울경제TV",https://news.google.com/rss/articles/CBMiZEFVX3lxTFB0YkUxRGh3eFFDZ1JUT1M5QzJRb21SU3I1OTF5UF9acTJlUFJZVkU5c1hfYmlpWTFXV2hEZll2aFYySDVqZGYtZW8yNndkV1FtdG41bWhBRG4tUEk1Tmc0TUo0eFc?oc=5,google_rss_카카오 when:2d,80.3,29.5,ai_infrastructure_security,ai_infrastructure_security,카카오,,,,,,,general,24.0,published_today,business_change,event:카카오:ai_infrastructure_security,rumor_or_report,Y,"industry_basis_pass:actor=True,change=True,bridge=True",3,,,,80.3,ai_infrastructure_security,self:ai_strategy,,,자사_및_계열사_이슈,SELF_AFFILIATE_BUSINESS,self_strategic_reference,self_strategic_reference:디케이테크인 ai 협업툴 카카오워크 2 0 공개,"카카오·계열사의 사업 확장, 제휴, MOU, 신규 서비스 참고 이슈",4,3,4,,,v40: 직접 리스크는 아니지만 자사 사업 확장·제휴성 이슈로 2순위 반영,local_low_confidence,STRATEGIC_REFERENCE,,,other,,,self_strategic_reference:디케이테크인 ai 협업툴 카카오워크 2 0 공개,self_strategic_reference,,,
311,자사 및 계열사 이슈,자사_및_계열사_이슈,카카오톡,"아무도없개, 카카오톡 선물하기 입점…반려용품 선물 서비스 확대",아무도없개 카카오톡 선물하기 입점 반려용품 선물 서비스 확대,한국목재신문,한국목재신문,"Mon, 13 Jul 2026 05:42:31 GMT","아무도없개, 카카오톡 선물하기 입점…반려용품 선물 서비스 확대 한국목재신문",https://news.google.com/rss/articles/CBMickFVX3lxTE1lek5DaWNUUHFLbUtmd29VcmFSZ08yLXp1QmhTWExMQVQtMDBoVGUxQ1hGNTkxM25vTXY3TW1fUDJDRXNOMUtrN0oyMHhURVpXcVY1eFV0X2ZwWlNXZTFNdU4zSmNxY2ZMbXdBUVJtYmZ5Z9IBckFVX3lxTE1lek5DaWNUUHFLbUtmd29VcmFSZ08yLXp1QmhTWExMQVQtMDBoVGUxQ1hGNTkxM25vTXY3TW1fUDJDRXNOMUtrN0oyMHhURVpXcVY1eFV0X2ZwWlNXZTFNdU4zSmNxY2ZMbXdBUVJtYmZ5Zw?oc=5,google_rss_카카오톡 when:2d,79.8,68.5,,,"카카오,카카오서비스,카카오톡",,Y,,,,self:platform_obligation,platform_operator_obligation,14.0,published_yesterday,general,global_incident:platform_regulation:kakao:platform_transaction_user_protection_obligation,general,Y,"industry_basis_pass:actor=True,change=True,bridge=True",3,,,,79.8,,self:platform_obligation,global_incident:platform_regulation:kakao:platform_transaction_user_protection_obligation:general,global_incident:platform_regulation:kakao:platform_transaction_user_protection_obligation,자사_및_계열사_이슈,SELF_AFFILIATE_BUSINESS,self_strategic_reference,global_incident:platform_regulation:kakao:platform_transaction_user_protection_obligation,"카카오·계열사의 사업 확장, 제휴, MOU, 신규 서비스 참고 이슈",4,3,4,,,v40: 직접 리스크는 아니지만 자사 사업 확장·제휴성 이슈로 2순위 반영,local_low_confidence,STRATEGIC_REFERENCE,,,other,,,global_incident:platform_regulation:kakao:platform_transaction_user_protection_obligation,self_strategic_reference,,,
259,자사 및 계열사 이슈,자사_및_계열사_이슈,카카오,"[Game & Now] 넥슨, 미래 개발자 육성…카카오게임즈 ‘오딘’ 구글 매출 1위",game now 넥슨 미래 개발자 육성 카카오게임즈 오딘 구글 매출 1위,ebn.co.kr,ebn.co.kr,"Mon, 13 Jul 2026 01:31:22 GMT","[Game & Now] 넥슨, 미래 개발자 육성…카카오게임즈 ‘오딘’ 구글 매출 1위 ebn.co.kr",https://news.google.com/rss/articles/CBMiaEFVX3lxTFBZQVRJNmt1cnIydHlVcG9RSUpyUmx1ZEF1U3VIMDZpOFc5WGpiZ0F5WVdvTjAwTl94TDRqdlFpV1VzY1lDYWlES2tsT3ZPekszUzA0S2p5LVdGbi1UQzNNVGFabEp6N2pT?oc=5,google_rss_카카오 카카오게임즈 when:2d,79.8,52.5,"earnings,financial_performance",financial_performance,"구글,카카오,카카오게임즈",,,,,,,general,14.0,published_yesterday,general,event:구글+카카오:financial_performance,general,Y,"industry_basis_pass:actor=True,change=False,bridge=True",2,,,,79.8,financial_performance,self:financial_performance,,,자사_및_계열사_이슈,SELF_AFFILIATE_BUSINESS,self_strategic_reference,self_strategic_reference:game now 넥슨 미래 개발자 육성 카카오게임즈 오딘 구글 매출 1위,"카카오·계열사의 사업 확장, 제휴, MOU, 신규 서비스 참고 이슈",4,3,4,,,v40: 직접 리스크는 아니지만 자사 사업 확장·제휴성 이슈로 2순위 반영,local_low_confidence,STRATEGIC_REFERENCE,,COMP_GENERAL_LOW_RELEVANCE,overseas,,카카오 현직자가 사업 방향과 외부 질의 가능성을 참고할 실질 변화,self_strategic_reference:game now 넥슨 미래 개발자 육성 카카오게임즈 오딘 구글 매출 1위,self_strategic_reference,,,
12,자사 및 계열사 이슈,자사_및_계열사_이슈,카카오,"AI부터 지역상권까지...네이버·카카오, 기술 기반 '상생' 확대",ai부터 지역상권까지 네이버 카카오 기술 기반 상생 확대,테크M,테크M,"Tue, 14 Jul 2026 05:35:54 GMT","AI부터 지역상권까지...네이버·카카오, 기술 기반 '상생' 확대 테크M",https://news.google.com/rss/articles/CBMiakFVX3lxTFBIOHdRblRIS20zdnBRelp1QkFqSzRiRDdtdmdIZ0VvelhoWDBndG10X1BFRTJEWkIyRktrbzk1RXZMUmhUbndLM2UycGhYZjl4b2cxNjRPSWZHUmlCZjk5akJycTdYU1laZWfSAWpBVV95cUxQSDh3UW5USEttM3ZwUXpadUJBaks0YkQ3bXZnSGdFb3pYaFgwZ3RtdF9QRUUyRFpCMkZLa285NUV2TFJoVG53SzNlMnBoWGY5eG9nMTY0T0lmR1JpQmY5OWpCcnE3WFNZWmVn?oc=5,google_rss_카카오 when:2d,79.8,32.0,ai_infrastructure_security,ai_infrastructure_security,"네이버,카카오",,,,,,,general,24.0,published_today,business_change,event:네이버+카카오:ai_infrastructure_security,general,Y,"industry_basis_pass:actor=True,change=True,bridge=True",3,,,,79.8,ai_infrastructure_security,self:ai_strategy,,,자사_및_계열사_이슈,SELF_AFFILIATE_BUSINESS,self_filler_reference,self_filler_reference:ai부터 지역상권까지 네이버 카카오 기술 기반 상생 확대,직접 리스크는 아니지만 자사 섹션 보강용으로 참고 가능한 홍보·캠페인성 이슈,4,4,5,,,v40: 강한 자사 이슈가 없을 때 3순위로 허용하는 소프트 홍보 이슈,local_low_confidence,FILLER_REFERENCE,,COMP_DOMESTIC_AI_PLATFORM,domestic,,카카오가 경쟁사 전략·리스크·AI/플랫폼 대응을 비교 참고할 이슈,self_filler_reference:ai부터 지역상권까지 네이버 카카오 기술 기반 상생 확대,self_filler_reference,,,
13,자사 및 계열사 이슈,자사_및_계열사_이슈,카카오,‘모두의 AI’ 잡아라…네이버·카카오·통신 3사 참여 경쟁,모두의 ai 잡아라 네이버 카카오 통신 3사 참여 경쟁,산경투데이,산경투데이,"Tue, 14 Jul 2026 04:16:17 GMT",‘모두의 AI’ 잡아라…네이버·카카오·통신 3사 참여 경쟁 산경투데이,https://news.google.com/rss/articles/CBMidEFVX3lxTE0tY05Fanc1OVpuelZHNE00b2VCaVBiMGFBVjNUUEEzLWN4cUVLVVkzbGcwSTFPajByNUQ3alpkc1YtYUx2clNGVnUtSjRjUDhzaFhaZWc3UE1KajFWUHUya2lyLXk3dFdRcGFGZk9yRDdBVnRq0gF0QVVfeXFMTS1jTkVqdzU5Wm56Vkc0TTRvZUJpUGIwYUFWM1RQQTMtY3hxRUtVWTNsZzBJMU9qMHI1RDdqWmRzVi1hTHZyU0ZWdS1KNGNQOHNoWFplZzdQTUpqMVZQdTJraXIteTd0V1FwYUZmT3JEN0FWdGo?oc=5,google_rss_카카오 when:2d,79.8,32.0,ai_infrastructure_security,ai_infrastructure_security,"네이버,카카오",,,,,,,general,24.0,published_today,business_change,event:네이버+카카오:ai_infrastructure_security,general,Y,"industry_basis_pass:actor=True,change=False,bridge=True",2,,,,79.8,ai_infrastructure_security,self:ai_strategy,,,자사_및_계열사_이슈,SELF_AFFILIATE_BUSINESS,self_strategic_reference,self_strategic_reference:모두의 ai 잡아라 네이버 카카오 통신 3사 참여 경쟁,"카카오·계열사의 사업 확장, 제휴, MOU, 신규 서비스 참고 이슈",4,3,4,,,v40: 직접 리스크는 아니지만 자사 사업 확장·제휴성 이슈로 2순위 반영,local_low_confidence,STRATEGIC_REFERENCE,,COMP_DOMESTIC_AI_PLATFORM,domestic,,카카오 현직자가 사업 방향과 외부 질의 가능성을 참고할 실질 변화,self_strategic_reference:모두의 ai 잡아라 네이버 카카오 통신 3사 참여 경쟁,self_strategic_reference,,,
6,자사 및 계열사 이슈,자사_및_계열사_이슈,카카오,"카카오페이손보, 전사 AI 업무 활용 확대… ‘Kiro Day’ 개최",카카오페이손보 전사 ai 업무 활용 확대 kiro day 개최,한국보험신문,한국보험신문,"Tue, 14 Jul 2026 02:08:32 GMT","카카오페이손보, 전사 AI 업무 활용 확대… ‘Kiro Day’ 개최 한국보험신문",https://news.google.com/rss/articles/CBMia0FVX3lxTE05YjJDYjJKUTlvQW1Bei1BTTJDWlN6dnRsU0Z0RnpUekpLQUp4YUlFZk9xVjd4VVVsbFlUTHROUHhkVHFXaGpGaHA2N0pnNzRzWnFlM01PdllqTnFBRGx1dHVReHd1bXFydzJn0gFvQVVfeXFMUEVMQ3BWWDY1ZlA4OVpGQm1peUZIeklnYXVLQmZzSkpnc0pkM3dHbGMzNjNmdTBWVFVnWmJtUnZFcG1DR3pMT3UxODR6YWpEb2h0dmdUM013dmlSYW9pcHJpTUp6YzRxSEF4QXdtR1hF?oc=5,google_rss_카카오 when:2d,79.8,32.0,ai_infrastructure_security,ai_infrastructure_security,"카카오,카카오페이",,,,,,,general,24.0,published_today,business_change,event:카카오+카카오페이:ai_infrastructure_security,general,Y,"industry_basis_pass:actor=True,change=True,bridge=True",3,,,,79.8,ai_infrastructure_security,self:ai_strategy,,,자사_및_계열사_이슈,SELF_AFFILIATE_BUSINESS,self_strategic_reference,self_strategic_reference:카카오페이손보 전사 ai 업무 활용 확대 kiro day 개최,"카카오·계열사의 사업 확장, 제휴, MOU, 신규 서비스 참고 이슈",4,3,4,,,v40: 직접 리스크는 아니지만 자사 사업 확장·제휴성 이슈로 2순위 반영,local_low_confidence,STRATEGIC_REFERENCE,,,other,,,self_strategic_reference:카카오페이손보 전사 ai 업무 활용 확대 kiro day 개최,self_strategic_reference,,,
53,자사 및 계열사 이슈,자사_및_계열사_이슈,카카오,"카카오페이손보, AWS AI 활용법 공유…전 직군 확대",카카오페이손보 aws ai 활용법 공유 전 직군 확대,SBS Biz,SBS Biz,"Tue, 14 Jul 2026 00:46:00 GMT","카카오페이손보, AWS AI 활용법 공유…전 직군 확대 SBS Biz",https://news.google.com/rss/articles/CBMiU0FVX3lxTE52eTBScFJHejJoVlJQLUZ6RU0tMlQzV2VJS0xYb1BsTDBObmhpTy1WNXNGLXZsSmpQU2NBSlV2LUdXd1ZxUTJmZ0pwc3NJYmtsY0w0?oc=5,google_rss_카카오 when:2d,79.8,32.0,ai_infrastructure_security,ai_infrastructure_security,"카카오,카카오페이",,,,,,,general,24.0,published_today,business_change,event:카카오+카카오페이:ai_infrastructure_security,general,Y,"industry_basis_pass:actor=True,change=True,bridge=True",3,,,,79.8,ai_infrastructure_security,self:ai_strategy,,,자사_및_계열사_이슈,SELF_AFFILIATE_BUSINESS,self_strategic_reference,self_strategic_reference:카카오페이손보 aws ai 활용법 공유 전 직군 확대,"카카오·계열사의 사업 확장, 제휴, MOU, 신규 서비스 참고 이슈",4,3,4,,,v40: 직접 리스크는 아니지만 자사 사업 확장·제휴성 이슈로 2순위 반영,local_low_confidence,STRATEGIC_REFERENCE,,,other,,,self_strategic_reference:카카오페이손보 aws ai 활용법 공유 전 직군 확대,self_strategic_reference,,,
20,자사 및 계열사 이슈,자사_및_계열사_이슈,카카오,카카오 기업용 메신저에 AI 비서 붙었다…'카카오워크 2.0' 출시,카카오 기업용 메신저에 ai 비서 붙었다 카카오워크 2 0 출시,뉴시스,뉴시스,"Tue, 14 Jul 2026 00:44:24 GMT",카카오 기업용 메신저에 AI 비서 붙었다…'카카오워크 2.0' 출시 뉴시스,https://news.google.com/rss/articles/CBMieEFVX3lxTE0zTm5mY09SSjQ2TFZOVWp2SEhtSE9sVU9ERjhyRmdqNGpYcU5pX0p4SVd2MDJNNlVIdjlyVWJyUXRyMFF1WEt4LVVOdERnNlRLZDBjRV9iQjZpT1ByYkoyX1F2RU5GNllxdXN4VWJ3TnlPSW5CdDFKRtIBeEFVX3lxTE0zTm5mY09SSjQ2TFZOVWp2SEhtSE9sVU9ERjhyRmdqNGpYcU5pX0p4SVd2MDJNNlVIdjlyVWJyUXRyMFF1WEt4LVVOdERnNlRLZDBjRV9iQjZpT1ByYkoyX1F2RU5GNllxdXN4VWJ3TnlPSW5CdDFKRg?oc=5,google_rss_카카오 when:2d,79.3,29.5,ai_infrastructure_security,ai_infrastructure_security,카카오,,,,,,,general,24.0,published_today,business_change,event:카카오:ai_infrastructure_security,general,Y,"industry_basis_pass:actor=True,change=True,bridge=True",3,,,,79.3,ai_infrastructure_security,self:ai_strategy,,,자사_및_계열사_이슈,SELF_AFFILIATE_BUSINESS,self_strategic_reference,self_strategic_reference:카카오 기업용 메신저에 ai 비서 붙었다 카카오워크 2 0 출시,"카카오·계열사의 사업 확장, 제휴, MOU, 신규 서비스 참고 이슈",4,3,4,,,v40: 직접 리스크는 아니지만 자사 사업 확장·제휴성 이슈로 2순위 반영,local_low_confidence,STRATEGIC_REFERENCE,,,other,,,self_strategic_reference:카카오 기업용 메신저에 ai 비서 붙었다 카카오워크 2 0 출시,self_strategic_reference,,,
149,자사 및 계열사 이슈,자사_및_계열사_이슈,카카오,'국민 AI' 모두의 AI 연내 출시…LG유플·카카오 도전장 내밀까 (종합),국민 ai 모두의 ai 연내 출시 lg유플 카카오 도전장 내밀까,네이트,네이트,"Mon, 13 Jul 2026 08:05:00 GMT",'국민 AI' 모두의 AI 연내 출시…LG유플·카카오 도전장 내밀까 (종합) 네이트,https://news.google.com/rss/articles/CBMiU0FVX3lxTE9PN3pnQmktRHpSaE1KU0ZJZUdHQklrbm42bWphRFRKOWdaSFZJcVl1dXZ4VTQ1Y0pqUnRKU1FkWDJwbU52Slk2QS1VY043WjBsVGdF?oc=5,google_rss_카카오 AI when:2d,78.8,38.5,ai_infrastructure_security,ai_infrastructure_security,카카오,,,,,,,general,19.0,published_yesterday+exclusive_breaking,business_change,event:카카오:ai_infrastructure_security,general,Y,"industry_basis_pass:actor=True,change=True,bridge=True",3,,,,78.8,ai_infrastructure_security,self:ai_strategy,,,자사_및_계열사_이슈,SELF_AFFILIATE_BUSINESS,self_strategic_reference,self_strategic_reference:국민 ai 모두의 ai 연내 출시 lg유플 카카오 도전장 내밀까,"카카오·계열사의 사업 확장, 제휴, MOU, 신규 서비스 참고 이슈",4,3,4,,,v40: 직접 리스크는 아니지만 자사 사업 확장·제휴성 이슈로 2순위 반영,local_low_confidence,STRATEGIC_REFERENCE,,,other,,,self_strategic_reference:국민 ai 모두의 ai 연내 출시 lg유플 카카오 도전장 내밀까,self_strategic_reference,,,
153,자사 및 계열사 이슈,자사_및_계열사_이슈,카카오,"""전 직군 AI 활용""…카카오페이손보 'Kiro Day' 개최",전 직군 ai 활용 카카오페이손보 kiro day 개최,중앙이코노미뉴스,중앙이코노미뉴스,"Tue, 14 Jul 2026 01:10:17 GMT","""전 직군 AI 활용""…카카오페이손보 'Kiro Day' 개최 중앙이코노미뉴스",https://news.google.com/rss/articles/CBMickFVX3lxTE1RQlVPTVU1Y3puRlVMbFV4N2duWG96RVpTZ1dWaFFyamcyMWZGR1RnanpqQ0FDWkJYaENSNnd0WFRJMFAxdllBSk1pM1RaVDJBc1pNckd6SzczelNtQ1BDb2FIUGE4V3FseHN5WU1OcXlVUQ?oc=5,google_rss_카카오 AI when:2d,77.8,32.0,ai_infrastructure_security,ai_infrastructure_security,"카카오,카카오페이",,,,,,,general,24.0,published_today,business_change,event:카카오+카카오페이:ai_infrastructure_security,general,Y,"industry_basis_pass:actor=True,change=False,bridge=True",2,,,,77.8,ai_infrastructure_security,self:ai_strategy,,,자사_및_계열사_이슈,SELF_AFFILIATE_BUSINESS,self_strategic_reference,self_strategic_reference:전 직군 ai 활용 카카오페이손보 kiro day 개최,"카카오·계열사의 사업 확장, 제휴, MOU, 신규 서비스 참고 이슈",4,3,4,,,v40: 직접 리스크는 아니지만 자사 사업 확장·제휴성 이슈로 2순위 반영,local_low_confidence,STRATEGIC_REFERENCE,,,other,,,self_strategic_reference:전 직군 ai 활용 카카오페이손보 kiro day 개최,self_strategic_reference,,,
89,자사 및 계열사 이슈,자사_및_계열사_이슈,카카오,"카카오페이손보, AI 활용 전 직군으로 확대…'업무 기본 도구' 전환 속도",카카오페이손보 ai 활용 전 직군으로 확대 업무 기본 도구 전환 속도,네이트,네이트,"Tue, 14 Jul 2026 00:55:00 GMT","카카오페이손보, AI 활용 전 직군으로 확대…'업무 기본 도구' 전환 속도 네이트",https://news.google.com/rss/articles/CBMiU0FVX3lxTE9BdWlFdFZRQXNDUGR4bUJ0VGFydXp5YlNMN09tdzdTVTJGUFA4NEg0aEhUVFNtekZ2cmNxbXBBcnR5VGgxNEZ1aURQcUJSUWQ0Q3pN?oc=5,google_rss_카카오 when:2d,77.8,32.0,ai_infrastructure_security,ai_infrastructure_security,"카카오,카카오페이",,,,,,,general,24.0,published_today,business_change,event:카카오+카카오페이:ai_infrastructure_security,general,Y,"industry_basis_pass:actor=True,change=True,bridge=True",3,,,,77.8,ai_infrastructure_security,self:ai_strategy,,,자사_및_계열사_이슈,SELF_AFFILIATE_BUSINESS,self_strategic_reference,self_strategic_reference:카카오페이손보 ai 활용 전 직군으로 확대 업무 기본 도구 전환 속도,"카카오·계열사의 사업 확장, 제휴, MOU, 신규 서비스 참고 이슈",4,3,4,,,v40: 직접 리스크는 아니지만 자사 사업 확장·제휴성 이슈로 2순위 반영,local_low_confidence,STRATEGIC_REFERENCE,,,other,,,self_strategic_reference:카카오페이손보 ai 활용 전 직군으로 확대 업무 기본 도구 전환 속도,self_strategic_reference,,,
154,자사 및 계열사 이슈,자사_및_계열사_이슈,카카오,"카카오페이손보, AI 활용 전 직군으로 확대…‘업무 기본 도구’ 전환 속도",카카오페이손보 ai 활용 전 직군으로 확대 업무 기본 도구 전환 속도,브릿지경제,브릿지경제,"Tue, 14 Jul 2026 00:54:00 GMT","카카오페이손보, AI 활용 전 직군으로 확대…‘업무 기본 도구’ 전환 속도 브릿지경제",https://news.google.com/rss/articles/CBMiWkFVX3lxTE5pcWZScGt6WUxZeHVPQmx0OUxTWmp5a2dXamNyaWhhQjMxRHoxM3hXUl9oMXB6WmFrSjE2VHU2LW1QQ1pGM3lCbXhGX3NiWWduNGhlWGVyTVd6dw?oc=5,google_rss_카카오 카카오페이 when:2d,77.8,32.0,ai_infrastructure_security,ai_infrastructure_security,"카카오,카카오페이",,,,,,,general,24.0,published_today,business_change,event:카카오+카카오페이:ai_infrastructure_security,general,Y,"industry_basis_pass:actor=True,change=True,bridge=True",3,,,,77.8,ai_infrastructure_security,self:ai_strategy,,,자사_및_계열사_이슈,SELF_AFFILIATE_BUSINESS,self_strategic_reference,self_strategic_reference:카카오페이손보 ai 활용 전 직군으로 확대 업무 기본 도구 전환 속도,"카카오·계열사의 사업 확장, 제휴, MOU, 신규 서비스 참고 이슈",4,3,4,,,v40: 직접 리스크는 아니지만 자사 사업 확장·제휴성 이슈로 2순위 반영,local_low_confidence,STRATEGIC_REFERENCE,,,other,,,self_strategic_reference:카카오페이손보 ai 활용 전 직군으로 확대 업무 기본 도구 전환 속도,self_strategic_reference,,,
3,자사 및 계열사 이슈,자사_및_계열사_이슈,카카오,"디케이테크인, AI비서 탑재한 ‘카카오워크 2.0’ 공개",디케이테크인 ai비서 탑재한 카카오워크 2 0 공개,v.daum.net,v.daum.net,"Tue, 14 Jul 2026 06:57:07 GMT","디케이테크인, AI비서 탑재한 ‘카카오워크 2.0’ 공개 v.daum.net",https://news.google.com/rss/articles/CBMiT0FVX3lxTE5SRkdzdVh1amVSZkJObUItVXpWLUpvRThOajBDWDVaa0dsT1FETmYwbGswUnJtcGpIYjBrRFVpSUFwZDZISkNDWnNCdEZ4MWs?oc=5,google_rss_카카오 when:2d,77.3,29.5,ai_infrastructure_security,ai_infrastructure_security,카카오,,,,,,,general,24.0,published_today,business_change,event:카카오:ai_infrastructure_security,rumor_or_report,Y,"industry_basis_pass:actor=True,change=True,bridge=True",3,,,,77.3,ai_infrastructure_security,self:ai_strategy,,,자사_및_계열사_이슈,SELF_AFFILIATE_BUSINESS,self_strategic_reference,self_strategic_reference:디케이테크인 ai비서 탑재한 카카오워크 2 0 공개,"카카오·계열사의 사업 확장, 제휴, MOU, 신규 서비스 참고 이슈",4,3,4,,,v40: 직접 리스크는 아니지만 자사 사업 확장·제휴성 이슈로 2순위 반영,local_low_confidence,STRATEGIC_REFERENCE,,,other,,,self_strategic_reference:디케이테크인 ai비서 탑재한 카카오워크 2 0 공개,self_strategic_reference,,,
15,자사 및 계열사 이슈,자사_및_계열사_이슈,카카오,"디케이테크인, 카카오워크 2.0 출시…워크 AI로 업무 생산성 ↑",디케이테크인 카카오워크 2 0 출시 워크 ai로 업무 생산성,v.daum.net,v.daum.net,"Tue, 14 Jul 2026 06:01:53 GMT","디케이테크인, 카카오워크 2.0 출시…워크 AI로 업무 생산성 ↑ v.daum.net",https://news.google.com/rss/articles/CBMiT0FVX3lxTFBZemV2bGNUX0M4V2lWdzBkZFRyRUVPTExRYVlaeTQyNTcxMHRHcTA4MjhfQkRLUkFkWXpZeVZ1aEhCYkRWWXdyeHlBc3pmbVU?oc=5,google_rss_카카오 when:2d,77.3,29.5,ai_infrastructure_security,ai_infrastructure_security,카카오,,,,,,,general,24.0,published_today,business_change,event:카카오:ai_infrastructure_security,general,Y,"industry_basis_pass:actor=True,change=True,bridge=True",3,,,,77.3,ai_infrastructure_security,self:ai_strategy,,,자사_및_계열사_이슈,SELF_AFFILIATE_BUSINESS,self_strategic_reference,self_strategic_reference:디케이테크인 카카오워크 2 0 출시 워크 ai로 업무 생산성,"카카오·계열사의 사업 확장, 제휴, MOU, 신규 서비스 참고 이슈",4,3,4,,,v40: 직접 리스크는 아니지만 자사 사업 확장·제휴성 이슈로 2순위 반영,local_low_confidence,STRATEGIC_REFERENCE,,,other,,,self_strategic_reference:디케이테크인 카카오워크 2 0 출시 워크 ai로 업무 생산성,self_strategic_reference,,,
40,자사 및 계열사 이슈,자사_및_계열사_이슈,카카오,"디케이테크인, '카카오워크 2.0' 공개...업무 환경 'AI 전환' 가속화",디케이테크인 카카오워크 2 0 공개 업무 환경 ai 전환 가속화,테크M,테크M,"Tue, 14 Jul 2026 05:25:44 GMT","디케이테크인, '카카오워크 2.0' 공개...업무 환경 'AI 전환' 가속화 테크M",https://news.google.com/rss/articles/CBMiZkFVX3lxTFAtYWE3THBtblhDU0U1T2Rrb1dvc2tiMUU1VUZ0bmZ4MlVJcjNqSnRzSWpuN1dSa19ha1Z0TDVuUktfUkg3MjhCM21oSU04NktDaUJZOEFMekIzbVJrYjd5cUMzMTBrUdIBakFVX3lxTE9uSzNHTTBtckc3bGd1U0ZNUGJWckwzY0pILXZLMHNPU291YjNXRV9pZkdPTk82bWV4dkRzQmJKaS1zY2hKUHNQM1FXbTdwb0dfVXZQcmlmNGtCN1hyVTNmNzBqYUJNX1p5ekE?oc=5,google_rss_카카오 when:2d,77.3,29.5,ai_infrastructure_security,ai_infrastructure_security,카카오,,,,,,,general,24.0,published_today,business_change,event:카카오:ai_infrastructure_security,rumor_or_report,Y,"industry_basis_pass:actor=True,change=True,bridge=True",3,,,,77.3,ai_infrastructure_security,self:ai_strategy,,,자사_및_계열사_이슈,SELF_AFFILIATE_BUSINESS,self_strategic_reference,self_strategic_reference:디케이테크인 카카오워크 2 0 공개 업무 환경 ai 전환 가속화,"카카오·계열사의 사업 확장, 제휴, MOU, 신규 서비스 참고 이슈",4,3,4,,,v40: 직접 리스크는 아니지만 자사 사업 확장·제휴성 이슈로 2순위 반영,local_low_confidence,STRATEGIC_REFERENCE,,,other,,,self_strategic_reference:디케이테크인 카카오워크 2 0 공개 업무 환경 ai 전환 가속화,self_strategic_reference,,,
140,자사 및 계열사 이슈,자사_및_계열사_이슈,카카오,"카카오, 'AGENTIC PLAYER 10' 개최… AI 서비스 발굴",카카오 agentic player 10 개최 ai 서비스 발굴,MSN,MSN,"Tue, 14 Jul 2026 04:37:39 GMT","카카오, 'AGENTIC PLAYER 10' 개최… AI 서비스 발굴 MSN",https://news.google.com/rss/articles/CBMimANBVV95cUxQTEJ4MUdBSF9tTE9rR095dlVnRXgwbi1mejU2bGtMM3FCVFVGd3p3WVJTU1h1ZllTNFp3dFYxOThYNUs2RVFnYm1lbkM0SkswTjJmV2lqZS04aUs4d1BCLVVOUlN6dFZTTWZCREhveFM1ZENHeGlhR1FpcGNhbVJwSG9tczIwTDA3QzBQYkdfTVEwbXNna0tMNWJwQnBIMm9wVTJObmQ3UVhYLTZlTlJ3WHR6S3dRZWRZa0UybWVHRGFXNHF1SlRuZ2hWSFNVRWJwR0dVbWt2Y3M3RGZ2amRxYWMxb0dZSnBlYlUwcWlkMEhwMmRfTHgzZE02b3JGdUUwT1dqRTd5RHVkVE82MG1XdDdzdEs3c3lFZmNzM0RIMkZuZ1VGdVY3dWdLQU9IT2tSOUs2S2p6aXJmc3hPcFp0Y2JQazFCU0N0d3NQVGpJeGhRVjBzY0JLMXJsRWFwLVVPOU1QOUNwS2dzUXF0UEpuU2Uydkh5djdNcXNUREtvTGhfZlFEUHM0WlZVOGE0YjMwczRoN2NPako?oc=5,google_rss_카카오 AI when:2d,77.3,29.5,ai_infrastructure_security,ai_infrastructure_security,카카오,,,,,,,general,24.0,published_today,business_change,event:카카오:ai_infrastructure_security,general,Y,"industry_basis_pass:actor=True,change=False,bridge=True",2,,,,77.3,ai_infrastructure_security,self:ai_strategy,,,자사_및_계열사_이슈,SELF_AFFILIATE_BUSINESS,self_strategic_reference,self_strategic_reference:카카오 agentic player 10 개최 ai 서비스 발굴,"카카오·계열사의 사업 확장, 제휴, MOU, 신규 서비스 참고 이슈",4,3,4,,,v40: 직접 리스크는 아니지만 자사 사업 확장·제휴성 이슈로 2순위 반영,local_low_confidence,STRATEGIC_REFERENCE,,COMP_OVERSEAS_PLATFORM_AI,overseas,,카카오 현직자가 사업 방향과 외부 질의 가능성을 참고할 실질 변화,self_strategic_reference:카카오 agentic player 10 개최 ai 서비스 발굴,self_strategic_reference,,,
66,자사 및 계열사 이슈,자사_및_계열사_이슈,카카오,굶어서 살 뺀 카카오…핵심 추진 사업인 AI 수익은 언제쯤?,굶어서 살 뺀 카카오 핵심 추진 사업인 ai 수익은 언제쯤,네이트,네이트,"Tue, 14 Jul 2026 02:30:00 GMT",굶어서 살 뺀 카카오…핵심 추진 사업인 AI 수익은 언제쯤? 네이트,https://news.google.com/rss/articles/CBMiU0FVX3lxTE9UUU5YaElfUmdnTGM3ZkxMOWtwZ25hUnFKNklzZThDS1dWNkNJQ29EZHhVb2s4eTlhWW1zWi1XSy1iSWV1aUpOMXE1ejFJVGIxT29R?oc=5,google_rss_카카오 when:2d,77.3,29.5,ai_infrastructure_security,ai_infrastructure_security,카카오,,,,,,,general,24.0,published_today,business_change,event:카카오:ai_infrastructure_security,general,Y,"industry_basis_pass:actor=True,change=False,bridge=True",2,,,,77.3,ai_infrastructure_security,self:ai_strategy,,,자사_및_계열사_이슈,SELF_AFFILIATE_BUSINESS,self_strategic_reference,self_strategic_reference:굶어서 살 뺀 카카오 핵심 추진 사업인 ai 수익은 언제쯤,"카카오·계열사의 사업 확장, 제휴, MOU, 신규 서비스 참고 이슈",4,3,4,,,v40: 직접 리스크는 아니지만 자사 사업 확장·제휴성 이슈로 2순위 반영,local_low_confidence,STRATEGIC_REFERENCE,,,other,,,self_strategic_reference:굶어서 살 뺀 카카오 핵심 추진 사업인 ai 수익은 언제쯤,self_strategic_reference,,,
363,자사 및 계열사 이슈,자사_및_계열사_이슈,카카오엔터프라이즈,"AI 생태계 확대한다, 카카오엔터프라이즈 공식 출범",ai 생태계 확대한다 카카오엔터프라이즈 공식 출범,인벤,인벤,"Tue, 14 Jul 2026 02:27:53 GMT","AI 생태계 확대한다, 카카오엔터프라이즈 공식 출범 인벤",https://news.google.com/rss/articles/CBMidEFVX3lxTE14X0dIM25UQnQ3WHI3R2xDTExQSjVxaFFmN2tHNVA4U2lPU2J1LXJEbEVRTHBSMnVZdUlGcnlBNmN3dUxtaGdzQ3pIbms4M0RZdXMyOENPYV96bElvU0Y1QXc0WUdNemlOY0t6RnVYcFY2VWh4?oc=5,"google_rss_""카카오엔터프라이즈"" when:2d",77.3,29.5,ai_infrastructure_security,ai_infrastructure_security,"카카오,카카오엔터",,,,,,,general,24.0,published_today,business_change,event:카카오+카카오엔터:ai_infrastructure_security,action_started,Y,"industry_basis_pass:actor=True,change=True,bridge=True",3,,,,77.3,ai_infrastructure_security,self:ai_strategy,,,자사_및_계열사_이슈,SELF_AFFILIATE_BUSINESS,self_strategic_reference,self_strategic_reference:ai 생태계 확대한다 카카오엔터프라이즈 공식 출범,"카카오·계열사의 사업 확장, 제휴, MOU, 신규 서비스 참고 이슈",4,3,4,,,v40: 직접 리스크는 아니지만 자사 사업 확장·제휴성 이슈로 2순위 반영,local_low_confidence,STRATEGIC_REFERENCE,,,other,,,self_strategic_reference:ai 생태계 확대한다 카카오엔터프라이즈 공식 출범,self_strategic_reference,,,
138,자사 및 계열사 이슈,자사_및_계열사_이슈,카카오,"카카오페이손보, AWS AI 활용법 공유…전 직군 확대 · 주요 내용은?",카카오페이손보 aws ai 활용법 공유 전 직군 확대 주요 내용은,supple.kr,supple.kr,"Tue, 14 Jul 2026 00:46:40 GMT","카카오페이손보, AWS AI 활용법 공유…전 직군 확대 · 주요 내용은? supple.kr",https://news.google.com/rss/articles/CBMiXEFVX3lxTFBjRnVsQmtUR25zV1lVR0Z6ZzRKLV9rUUhtN1hTc3dvdE9DOXRHQ2JGRUJZR2NwNVg1LU5ycGxOMllaVXI4M0ZEVTZVNFRvOUlFOWROMmJmTFozbzRj?oc=5,google_rss_카카오 AI when:2d,75.8,32.0,ai_infrastructure_security,ai_infrastructure_security,"카카오,카카오페이",,,,,,,general,24.0,published_today,business_change,event:카카오+카카오페이:ai_infrastructure_security,general,Y,"industry_basis_pass:actor=True,change=True,bridge=True",3,,,,75.8,ai_infrastructure_security,self:ai_strategy,,,자사_및_계열사_이슈,SELF_AFFILIATE_BUSINESS,self_strategic_reference,self_strategic_reference:카카오페이손보 aws ai 활용법 공유 전 직군 확대 주요 내용은,"카카오·계열사의 사업 확장, 제휴, MOU, 신규 서비스 참고 이슈",4,3,4,,,v40: 직접 리스크는 아니지만 자사 사업 확장·제휴성 이슈로 2순위 반영,local_low_confidence,STRATEGIC_REFERENCE,,,other,,,self_strategic_reference:카카오페이손보 aws ai 활용법 공유 전 직군 확대 주요 내용은,self_strategic_reference,,,
64,자사 및 계열사 이슈,자사_및_계열사_이슈,카카오,'모두의 AI' 경쟁 시작…카카오·LGU+ 참여 공식화,모두의 ai 경쟁 시작 카카오 lgu+ 참여 공식화,supple.kr,supple.kr,"Tue, 14 Jul 2026 05:47:26 GMT",'모두의 AI' 경쟁 시작…카카오·LGU+ 참여 공식화 supple.kr,https://news.google.com/rss/articles/CBMiXEFVX3lxTE1KZWRtUUZiVFdwMHpoTklicy1EQ3Z1N21LM3Jjek5CV2pZWGQtUFlzNnhZbC1zUkdvRzJLVE80TWVjZ3lYT0JvTUt2MzhkWGc1X2UyY1NlOHNDX0VJ?oc=5,google_rss_카카오 when:2d,75.3,29.5,ai_infrastructure_security,ai_infrastructure_security,"LGU+,카카오",,,,,,,general,24.0,published_today,business_change,event:LGU++카카오:ai_infrastructure_security,general,Y,"industry_basis_pass:actor=True,change=False,bridge=True",2,,,,75.3,ai_infrastructure_security,self:ai_strategy,,,자사_및_계열사_이슈,SELF_AFFILIATE_BUSINESS,self_strategic_reference,self_strategic_reference:모두의 ai 경쟁 시작 카카오 lgu+ 참여 공식화,"카카오·계열사의 사업 확장, 제휴, MOU, 신규 서비스 참고 이슈",4,3,4,,,v40: 직접 리스크는 아니지만 자사 사업 확장·제휴성 이슈로 2순위 반영,local_low_confidence,STRATEGIC_REFERENCE,,COMP_DOMESTIC_AI_PLATFORM,domestic,,카카오 현직자가 사업 방향과 외부 질의 가능성을 참고할 실질 변화,self_strategic_reference:모두의 ai 경쟁 시작 카카오 lgu+ 참여 공식화,self_strategic_reference,,,
19,자사 및 계열사 이슈,자사_및_계열사_이슈,카카오,"디케이테크인, ‘카카오워크 2.0’ 공개…AI 협업 기능 강화",디케이테크인 카카오워크 2 0 공개 ai 협업 기능 강화,테크월드,테크월드,"Tue, 14 Jul 2026 01:11:37 GMT","디케이테크인, ‘카카오워크 2.0’ 공개…AI 협업 기능 강화 테크월드",https://news.google.com/rss/articles/CBMiaEFVX3lxTE1KMlB4QmNpUzBEN2ZoWFpJUHFBQ05td1FhRkVzZHdnSTZyWVBLSGtTSDNyR3RFdUdoRGllc1pLSUYyWnhVZy05UlBSOUs1Q3Q0NUxET3doM2FoLThyZ0NPWFA3U3hiZmlW?oc=5,google_rss_카카오 when:2d,75.3,29.5,ai_infrastructure_security,ai_infrastructure_security,카카오,,,,,,,general,24.0,published_today,business_change,event:카카오:ai_infrastructure_security,rumor_or_report,Y,"industry_basis_pass:actor=True,change=True,bridge=True",3,,,,75.3,ai_infrastructure_security,self:ai_strategy,,,자사_및_계열사_이슈,SELF_AFFILIATE_BUSINESS,self_strategic_reference,self_strategic_reference:디케이테크인 카카오워크 2 0 공개 ai 협업 기능 강화,"카카오·계열사의 사업 확장, 제휴, MOU, 신규 서비스 참고 이슈",4,3,4,,,v40: 직접 리스크는 아니지만 자사 사업 확장·제휴성 이슈로 2순위 반영,local_low_confidence,STRATEGIC_REFERENCE,,,other,,,self_strategic_reference:디케이테크인 카카오워크 2 0 공개 ai 협업 기능 강화,self_strategic_reference,,,
81,자사 및 계열사 이슈,자사_및_계열사_이슈,카카오,"카카오워크, AI 협업툴로 전면 개편…앱 속도 4배 빨라졌다",카카오워크 ai 협업툴로 전면 개편 앱 속도 4배 빨라졌다,네이트,네이트,"Tue, 14 Jul 2026 00:44:00 GMT","카카오워크, AI 협업툴로 전면 개편…앱 속도 4배 빨라졌다 네이트",https://news.google.com/rss/articles/CBMiU0FVX3lxTFAxNlp0d3F2R2xDWGpzRS1zTFVaZ1lPOThCa19MQWplRVRuQVJ6MFNDM3ZEdERNSmNyTnA3UE1lZHNfX0lUOGc1S21wRTVWV0h2VThz?oc=5,google_rss_카카오 when:2d,75.3,29.5,ai_infrastructure_security,ai_infrastructure_security,카카오,,,,,,,general,24.0,published_today,business_change,event:카카오:ai_infrastructure_security,general,Y,"industry_basis_pass:actor=True,change=False,bridge=True",2,,,,75.3,ai_infrastructure_security,self:ai_strategy,,,자사_및_계열사_이슈,SELF_AFFILIATE_BUSINESS,self_strategic_reference,self_strategic_reference:카카오워크 ai 협업툴로 전면 개편 앱 속도 4배 빨라졌다,"카카오·계열사의 사업 확장, 제휴, MOU, 신규 서비스 참고 이슈",4,3,4,,,v40: 직접 리스크는 아니지만 자사 사업 확장·제휴성 이슈로 2순위 반영,local_low_confidence,STRATEGIC_REFERENCE,,,other,,,self_strategic_reference:카카오워크 ai 협업툴로 전면 개편 앱 속도 4배 빨라졌다,self_strategic_reference,,,
478,정부/국회,정부_국회,과학기술정보통신부,[AI픽] AI기본법 시행령 국무회의 통과…공공 AI조달 본격화,ai기본법 시행령 국무회의 통과 공공 ai조달 본격화,연합뉴스,연합뉴스,"Tue, 14 Jul 2026 05:22:45 GMT",[AI픽] AI기본법 시행령 국무회의 통과…공공 AI조달 본격화 연합뉴스,https://news.google.com/rss/articles/CBMiYEFVX3lxTE41eTJDb2o0MFNOTmtLSEhZWlBka0lfTXR6alZQbldXN09la2MwaDZxTl9XNzVnWE5EeXJyaEVjeVlBcE5ld2R1aUxiSUpOay04NzhGdkFobGNGYzJWNnR3UdIBYEFVX3lxTE41eTJDb2o0MFNOTmtLSEhZWlBka0lfTXR6alZQbldXN09la2MwaDZxTl9XNzVnWE5EeXJyaEVjeVlBcE5ld2R1aUxiSUpOay04NzhGdkFobGNGYzJWNnR3UQ?oc=5,google_rss_과학기술정보통신부 AI when:2d,73.6,82.0,"ai_basic_law,ai_infrastructure_security,government_ai,policy_legislation",ai_basic_law,,v43_not_government_policy,,,,,,general,24.0,published_today,official_action,,decision,,"insufficient_industry_basis:actor=False,change=True,bridge=False",1,,,,73.6,"policy_legislation,ai_infrastructure_security",government:tech_security_policy,,,정부_국회,GOV_AI_DIGITAL_POLICY,government_ai_core_policy,government_ai_core_policy:ai기본법 시행령 국무회의 통과 공공 ai조달 본격화,카카오 AI agent/AI 서비스 전략과 연결되는 핵심 정책환경,5,4,5,,,로컬 보조 라벨,local_low_confidence,,GOV_AI_CORE_POLICY,,other,카카오 AI agent/AI 서비스 전략과 연결되는 핵심 정책환경,,government_ai_core_policy:ai기본법 시행령 국무회의 통과 공공 ai조달 본격화,government_ai_core_policy,,,
367,정부/국회,정부_국회,과학기술정보통신부,공공조달 시 AI 제품 우선 고려…AI기본법 시행령 국무회의 통과,공공조달 시 ai 제품 우선 고려 ai기본법 시행령 국무회의 통과,전자신문,전자신문,"Tue, 14 Jul 2026 07:01:03 GMT",공공조달 시 AI 제품 우선 고려…AI기본법 시행령 국무회의 통과 전자신문,https://news.google.com/rss/articles/CBMiTkFVX3lxTE1SaGlRZVNEeGpDc3dPVENNX0dzM0NZSkxseDM0cHpqUEVvcVJJM2hId1RIN1BlUlhXMW9uOVlwVGFzTFdUSDlZM2dHMHpCdw?oc=5,google_rss_과학기술정보통신부 when:2d,69.6,75.0,"ai_basic_law,ai_infrastructure_security,policy_legislation",ai_basic_law,,v43_not_government_policy,,,,,,general,24.0,published_today,official_action,,decision,,"insufficient_industry_basis:actor=False,change=True,bridge=False",1,,,,69.6,"policy_legislation,ai_infrastructure_security",government:tech_security_policy,,,정부_국회,GOV_AI_DIGITAL_POLICY,government_ai_core_policy,government_ai_core_policy:공공조달 시 ai 제품 우선 고려 ai기본법 시행령 국무회의 통과,카카오 AI agent/AI 서비스 전략과 연결되는 핵심 정책환경,5,4,5,,,로컬 보조 라벨,local_low_confidence,,GOV_AI_CORE_POLICY,,other,카카오 AI agent/AI 서비스 전략과 연결되는 핵심 정책환경,,government_ai_core_policy:공공조달 시 ai 제품 우선 고려 ai기본법 시행령 국무회의 통과,government_ai_core_policy,,,
102,자사 및 계열사 이슈,자사_및_계열사_이슈,카카오,카카오 이어 네이버까지⋯하반기 노조 리스크 '경고등',카카오 이어 네이버까지 하반기 노조 리스크 경고등,아이뉴스24,아이뉴스24,"Mon, 13 Jul 2026 09:01:07 GMT",카카오 이어 네이버까지⋯하반기 노조 리스크 '경고등' 아이뉴스24,https://news.google.com/rss/articles/CBMiS0FVX3lxTE9zQXhaaE44bVBaX01vQWdPLXpDeWZfZ3RuN3d2TlExUllRbFhoVDZ1NWdhcXB2SHhBMGhLU0tXRGloRUpVV080eWNaSQ?oc=5,google_rss_카카오 노조 when:2d,67.8,74.0,"labor_dispute,labor_negotiation",labor_general,"네이버,카카오",v43_self_not_actual_actor:OFF_TOPIC,,Y,must_review:self_strict:labor_strike:labor_negotiation,,,direct_self_risk,14.0,published_yesterday,direct_risk,global_incident:labor_ir:kakao:labor_ir,general,Y,"industry_basis_pass:actor=True,change=False,bridge=True",2,,,,67.8,labor_negotiation,self:labor_strike,global_incident:labor_ir:kakao:labor_ir:conflict_escalation,global_incident:labor_ir:kakao:labor_ir,자사_및_계열사_이슈,SELF_AFFILIATE_BUSINESS,self_filler_reference,카카오 노조 임단협/파업 및 내부 갈등,카카오가 경쟁사 전략·리스크·AI/플랫폼 대응을 비교 참고할 이슈,5,4,5,,,로컬 보조 라벨 / v26: 오늘 새 직접 사건·진전,local_low_confidence,OFF_TOPIC,,COMP_DOMESTIC_STRATEGY,domestic,,카카오가 경쟁사 전략·리스크·AI/플랫폼 대응을 비교 참고할 이슈,카카오 노조 임단협/파업 및 내부 갈등,self_filler_reference,,,
391,정부/국회,정부_국회,과학기술정보통신부,"AI기본법 시행령 국무회의 통과…""AI 활용 활성화·취약계층 규정""",ai기본법 시행령 국무회의 통과 ai 활용 활성화 취약계층 규정,뉴스1,뉴스1,"Tue, 14 Jul 2026 06:45:13 GMT","AI기본법 시행령 국무회의 통과…""AI 활용 활성화·취약계층 규정"" 뉴스1",https://news.google.com/rss/articles/CBMiX0FVX3lxTE5CQ25raVVWM3lMRHlyMFlMZFdHakhlU01BLWIwcG50T25pdTN6dEQ2RDdVNXNZS2lDdUI4S2hmZ0x4OXBxYXNtTFRTTXdJUS1tOGZjRnJvSjh3M25KSFgw?oc=5,google_rss_과학기술정보통신부 when:2d,67.6,75.0,"ai_basic_law,ai_infrastructure_security,policy_legislation",ai_basic_law,,v43_not_government_policy,,,,,,general,24.0,published_today,official_action,,decision,,"insufficient_industry_basis:actor=False,change=True,bridge=False",1,,,,67.6,"policy_legislation,ai_infrastructure_security",government:tech_security_policy,,,정부_국회,GOV_AI_DIGITAL_POLICY,government_ai_core_policy,government_ai_core_policy:ai기본법 시행령 국무회의 통과 ai 활용 활성화 취약계층 규정,카카오 AI agent/AI 서비스 전략과 연결되는 핵심 정책환경,5,4,5,,,로컬 보조 라벨,local_low_confidence,,GOV_AI_CORE_POLICY,,other,카카오 AI agent/AI 서비스 전략과 연결되는 핵심 정책환경,,government_ai_core_policy:ai기본법 시행령 국무회의 통과 ai 활용 활성화 취약계층 규정,government_ai_core_policy,,,
489,정부/국회,정부_국회,과학기술정보통신부,“공공조달서 AI 제품 우선 고려”…AI기본법 시행령 개정안 국무회의 통과,공공조달서 ai 제품 우선 고려 ai기본법 시행령 개정안 국무회의 통과,디지털데일리,디지털데일리,"Tue, 14 Jul 2026 05:52:21 GMT",“공공조달서 AI 제품 우선 고려”…AI기본법 시행령 개정안 국무회의 통과 디지털데일리,https://news.google.com/rss/articles/CBMiZEFVX3lxTE4wdHRfRjUzZHBFeURBT0NTeGV1UEFpRkllck1ZUlc3VmtIVGFnWUhTdWduOHVSc1dQWXRIajVGUFNaUFp0SmFnTk1PN0dqTTRJREtwUEdyaUotTHZVRF85azRIRVo?oc=5,google_rss_과학기술정보통신부 AI when:2d,67.6,75.0,"ai_basic_law,ai_infrastructure_security,policy_legislation",ai_basic_law,,v43_not_government_policy,,,,,,general,24.0,published_today,official_action,,decision,,"insufficient_industry_basis:actor=False,change=True,bridge=False",1,,,,67.6,"policy_legislation,ai_infrastructure_security",government:tech_security_policy,,,정부_국회,GOV_AI_DIGITAL_POLICY,government_ai_core_policy,government_ai_core_policy:공공조달서 ai 제품 우선 고려 ai기본법 시행령 개정안 국무회의 통과,카카오 AI agent/AI 서비스 전략과 연결되는 핵심 정책환경,5,4,5,,,로컬 보조 라벨,local_low_confidence,,GOV_AI_CORE_POLICY,,other,카카오 AI agent/AI 서비스 전략과 연결되는 핵심 정책환경,,government_ai_core_policy:공공조달서 ai 제품 우선 고려 ai기본법 시행령 개정안 국무회의 통과,government_ai_core_policy,,,
556,정부/국회,정부_국회,과학기술정보통신부,[AI픽] AI기본법 시행령 국무회의 통과…공공 AI조달 본격화,ai기본법 시행령 국무회의 통과 공공 ai조달 본격화,네이트,네이트,"Tue, 14 Jul 2026 05:23:00 GMT",[AI픽] AI기본법 시행령 국무회의 통과…공공 AI조달 본격화 네이트,https://news.google.com/rss/articles/CBMiU0FVX3lxTE1xbkh1akFheURpak5JMEF4QTV6aVFvUE5wd2d4SWJyd1hYckdtVnM3U3owVFRuZVZ1SXhmZnZSalNqek16SktqTkR2U3dIbmFwZHVR?oc=5,google_rss_과학기술정보통신부 규제 when:2d,66.6,82.0,"ai_basic_law,ai_infrastructure_security,government_ai,policy_legislation",ai_basic_law,,v43_not_government_policy,,,,,,general,24.0,published_today,official_action,,decision,,"insufficient_industry_basis:actor=False,change=True,bridge=False",1,,,,66.6,"policy_legislation,ai_infrastructure_security",government:tech_security_policy,,,정부_국회,GOV_AI_DIGITAL_POLICY,government_ai_core_policy,government_ai_core_policy:ai기본법 시행령 국무회의 통과 공공 ai조달 본격화,카카오 AI agent/AI 서비스 전략과 연결되는 핵심 정책환경,5,4,5,,,로컬 보조 라벨,local_low_confidence,,GOV_AI_CORE_POLICY,,other,카카오 AI agent/AI 서비스 전략과 연결되는 핵심 정책환경,,government_ai_core_policy:ai기본법 시행령 국무회의 통과 공공 ai조달 본격화,government_ai_core_policy,,,
535,정부/국회,정부_국회,과학기술정보통신부,AI기본법 시행령 국무회의 통과…AI제품 확인제 도입,ai기본법 시행령 국무회의 통과 ai제품 확인제 도입,SBS Biz,SBS Biz,"Tue, 14 Jul 2026 05:31:00 GMT",AI기본법 시행령 국무회의 통과…AI제품 확인제 도입 SBS Biz,https://news.google.com/rss/articles/CBMiU0FVX3lxTE4yVFUwUUlINmlxMEdZM0NHY2NqZ0daT3FzSFBCc3dLSkstTlExX0tpdGVacVo4OVlXbzZfbUQ5ZUdCR214alVQb2ZSd1lmTkVhX0xB?oc=5,google_rss_과학기술정보통신부 AI when:2d,65.6,75.0,"ai_basic_law,ai_infrastructure_security,policy_legislation",ai_basic_law,,v43_not_government_policy,,,,,,general,24.0,published_today,official_action,,decision,,"insufficient_industry_basis:actor=False,change=True,bridge=False",1,,,,65.6,"policy_legislation,ai_infrastructure_security",government:tech_security_policy,,,정부_국회,GOV_AI_DIGITAL_POLICY,government_ai_core_policy,government_ai_core_policy:ai기본법 시행령 국무회의 통과 ai제품 확인제 도입,카카오 AI agent/AI 서비스 전략과 연결되는 핵심 정책환경,5,4,5,,,로컬 보조 라벨,local_low_confidence,,GOV_AI_CORE_POLICY,,other,카카오 AI agent/AI 서비스 전략과 연결되는 핵심 정책환경,,government_ai_core_policy:ai기본법 시행령 국무회의 통과 ai제품 확인제 도입,government_ai_core_policy,,,
915,정부/국회,정부_국회,금융위원회,"토스증권, 약관 보고·신고 의무 미이행… 금감원 제재",토스증권 약관 보고 신고 의무 미이행 금감원 제재,비즈트리뷴,비즈트리뷴,"Tue, 14 Jul 2026 07:16:32 GMT","토스증권, 약관 보고·신고 의무 미이행… 금감원 제재 비즈트리뷴",https://news.google.com/rss/articles/CBMib0FVX3lxTE5CaXRQTFN0NDdQek02T3RJbUJrS0IzcENvamNNUENQLXJXLUFUc1RKVUFYZVhkbnYxX2FlNHZJVTF0OFdJY2ZHVl8yWkhSWm5SX0h6bTNYY2N6MkN1eVRzQlV6MG9QNElBbGpoNlM0NA?oc=5,google_rss_금융위원회 when:2d,64.6,132.5,"legal_regulatory_enforcement,platform_obligation",legal_regulatory_enforcement,"금감원,토스",v43_not_government_policy,Y,,,,government:platform_obligation,platform_operator_obligation,24.0,published_today,official_action,global_incident:platform_regulation:toss:platform_operator_obligation,penalty_or_sanction,Y,"industry_basis_pass:actor=True,change=False,bridge=True",2,,,,64.6,"legal_regulatory_enforcement,policy_legislation,platform_obligation",government:platform_obligation,global_incident:platform_regulation:toss:platform_operator_obligation:sanction_penalty,global_incident:platform_regulation:toss:platform_operator_obligation,경쟁사_해외이슈,COMPETITOR_PLATFORM_RISK,comp_domestic_direct_risk,global_incident:platform_regulation:toss:platform_operator_obligation,정부/국회 기사이나 카카오 플랫폼·AI·디지털금융과 연결 경로가 약함,4,2,1,,,로컬 보조 라벨 / v26.2: overseas structural industry candidate,local_low_confidence,,GOV_GENERAL_LOW_RELEVANCE,COMP_DOMESTIC_DIRECT_RISK,domestic,정부/국회 기사이나 카카오 플랫폼·AI·디지털금융과 연결 경로가 약함,정부/국회 기사이나 카카오 플랫폼·AI·디지털금융과 연결 경로가 약함,global_incident:platform_regulation:toss:platform_operator_obligation,comp_domestic_direct_risk,,,
908,정부/국회,정부_국회,금융위원회,"[단독] 토스증권, 자시법-전금법 등 위반...금감원 제재",토스증권 자시법 전금법 등 위반 금감원 제재,데일리브리프,데일리브리프,"Tue, 14 Jul 2026 07:18:49 GMT","[단독] 토스증권, 자시법-전금법 등 위반...금감원 제재 데일리브리프",https://news.google.com/rss/articles/CBMibkFVX3lxTE5Ja21Pa2stMzc3SlIya0FuLXdXc1d5TE5jYVE1Vk9IZWZlRWlzVmkzSF9NVnNvdDU5UnViOGJETGFFMWYyQ3JCX2c3TXdBSnJNSW5MbkFtMlU5YVU5VUc2R2Y5czVZejlkUzV2a0p3?oc=5,google_rss_금융위원회 when:2d,63.6,125.5,legal_regulatory_enforcement,legal_regulatory_enforcement,"금감원,토스",v43_not_government_policy,Y,,,,government:platform_obligation,platform_operator_obligation,29.0,published_today+exclusive_breaking,official_action,global_incident:platform_regulation:toss:platform_operator_obligation,penalty_or_sanction,Y,"industry_basis_pass:actor=True,change=False,bridge=True",2,,,,63.6,"legal_regulatory_enforcement,policy_legislation",government:platform_obligation,global_incident:platform_regulation:toss:platform_operator_obligation:sanction_penalty,global_incident:platform_regulation:toss:platform_operator_obligation,경쟁사_해외이슈,COMPETITOR_PLATFORM_RISK,comp_domestic_direct_risk,global_incident:platform_regulation:toss:platform_operator_obligation,정부/국회 기사이나 카카오 플랫폼·AI·디지털금융과 연결 경로가 약함,4,2,1,,,로컬 보조 라벨 / v26.2: overseas structural industry candidate,local_low_confidence,,GOV_GENERAL_LOW_RELEVANCE,COMP_DOMESTIC_DIRECT_RISK,domestic,정부/국회 기사이나 카카오 플랫폼·AI·디지털금융과 연결 경로가 약함,정부/국회 기사이나 카카오 플랫폼·AI·디지털금융과 연결 경로가 약함,global_incident:platform_regulation:toss:platform_operator_obligation,comp_domestic_direct_risk,,,
282,자사 및 계열사 이슈,자사_및_계열사_이슈,카카오,"카카오게임즈, 자사주 60% 소각...상장 후 처음",카카오게임즈 자사주 60 소각 상장 후 처음,게임와이,게임와이,"Sun, 12 Jul 2026 17:30:44 GMT","카카오게임즈, 자사주 60% 소각...상장 후 처음 게임와이",https://news.google.com/rss/articles/CBMiZkFVX3lxTFBack5lMHJMa1FnM181UFZaY3dsMFpfbU9lam9ob3o1ZFZQSVduanBuemlmZ0JNa3VDMnEzMTMzOWFIcmVPcWdxLTNFems0aWdZQnM2bVNSQk9ybXBIYXhzcm0xOUZCUdIBakFVX3lxTE9BTlBrdFp6MG9WT0hnXzZVcU9mRXFsbnZwRlFSZkN0TVIxZVhFS0ZGOFV0Ty1hRW1WYzEyQXl0Sk5kQk5kYnZnSEZNU3RsdktIQjJJeE8zUUI3SlNNSDJqZEtaeU9NQ0czdGc?oc=5,google_rss_카카오 카카오게임즈 when:2d,57.8,84.0,"financial_performance,strategy_mna_governance",financial_performance,"카카오,카카오게임즈",v43_self_not_actual_actor:OFF_TOPIC,,Y,must_review:self_strict:strategy_mna:strategy_mna_governance,,,direct_self_risk,14.0,published_yesterday,direct_risk,global_incident:mna_capital:kakao:mna_capital,general,Y,"industry_basis_pass:actor=True,change=False,bridge=True",2,,,,57.8,"strategy_mna_governance,financial_performance",self:strategy_mna,global_incident:mna_capital:kakao:mna_capital:general,global_incident:mna_capital:kakao:mna_capital,자사_및_계열사_이슈,SELF_AFFILIATE_BUSINESS,self_filler_reference,global_incident:mna_capital:kakao:mna_capital,카카오 대외협력 관점 간접 참고,5,4,5,,,로컬 보조 라벨 / v26: 오늘 새 직접 사건·진전,local_low_confidence,OFF_TOPIC,,,other,,,global_incident:mna_capital:kakao:mna_capital,self_filler_reference,,,
